Datetime,Month,Average Fish Weight (g),Survival Rate (%),Disease Occurrence (Cases),Temperature (°C),Dissolved Oxygen (mg/L),pH,Turbidity (NTU),Month_Num,month_x,Oxygenation Interventions,Corrective Interventions,Average Temperature ©,High Temperature (C),Low Temperature (C),Precipitation (inches),month_y,day,hour,oxigeno_scaled,ph,turbidez,Oxygenation Automatic,Corrective Measures,Thermal Risk Index,Low Oxygen Alert,Health Status
01-01-2024 00:00,January,275.82,95.27,2,27.47,6.34,7.98,3.3,1,1,0,0,29.1,33.9,24.1,0.51,1,1,0,8.355272597,0.387898417,0.020505017,Yes,No,Normal,Safe,Stable
01-01-2024 01:00,January,275.82,95.27,2,27.47,6.34,7.98,3.3,1,1,0,0,29.1,33.9,24.1,0.51,1,1,1,8.256396757,0.34394964,0.108560711,No,No,Normal,Safe,Stable
01-01-2024 02:00,January,275.82,95.27,2,27.47,6.34,7.98,3.3,1,1,1,0,29.1,33.9,24.1,0.51,1,1,2,8.511549168,0.365284668,0.410456723,Yes,No,Normal,Safe,Stable
01-01-2024 03:00,January,275.82,95.27,2,27.47,6.34,7.98,3.3,1,1,0,0,29.1,33.9,24.1,0.51,1,1,3,8.362300878,0.189601289,0.891216899,No,No,Normal,Safe,Stable
01-01-2024 04:00,January,275.82,95.27,2,27.47,6.34,7.98,3.3,1,1,0,0,29.1,33.9,24.1,0.51,1,1,4,8.003349944,0.318774976,0.936614169,Yes,No,Normal,Safe,Stable
01-01-2024 05:00,January,275.82,95.27,2,27.47,6.34,7.98,3.3,1,1,0,0,29.1,33.9,24.1,0.51,1,1,5,8.1188623,0.408680822,0.016865362,No,No,Normal,Safe,Stable
01-01-2024 06:00,January,275.82,95.27,2,27.47,6.34,7.98,3.3,1,1,0,0,29.1,33.9,24.1,0.51,1,1.052631579,4.736842105,8.1268231,0.408053455,0.016039885,Yes,No,Normal,Safe,Stable
01-01-2024 07:00,January,275.82,95.27,2,27.47,6.34,7.98,3.3,1,1,0,0,29.1,33.9,24.1,0.51,1,1.105263158,4.473684211,8.134783899,0.407426087,0.015214408,No,No,Normal,Safe,Stable
01-01-2024 08:00,January,275.82,95.27,2,27.47,6.34,7.98,3.3,1,1,0,0,29.1,33.9,24.1,0.51,1,1.157894737,4.210526316,8.142744698,0.406798719,0.014388931,Yes,No,Normal,Safe,Stable
01-01-2024 09:00,January,275.82,95.27,2,27.47,6.34,7.98,3.3,1,1,1,0,29.1,33.9,24.1,0.51,1,1.210526316,3.947368421,8.150705498,0.406171351,0.013563454,No,No,Normal,Safe,Stable
01-01-2024 10:00,January,275.82,95.27,2,27.47,6.34,7.98,3.3,1,1,1,0,29.1,33.9,24.1,0.51,1,1.263157895,3.684210526,8.158666297,0.405543983,0.012737976,Yes,No,Normal,Safe,Stable
01-01-2024 11:00,January,275.82,95.27,2,27.47,6.34,7.98,3.3,1,1,0,0,29.1,33.9,24.1,0.51,1,1.315789474,3.421052632,8.166627096,0.404916615,0.011912499,No,No,Normal,Safe,Stable
01-01-2024 12:00,January,275.82,95.27,2,27.47,6.34,7.98,3.3,1,1,1,0,29.1,33.9,24.1,0.51,1,1.368421053,3.157894737,8.174587896,0.404289247,0.011087022,Yes,No,Normal,Safe,Stable
01-01-2024 13:00,January,275.82,95.27,2,27.47,6.34,7.98,3.3,1,1,0,0,29.1,33.9,24.1,0.51,1,1.421052632,2.894736842,8.182548695,0.403661879,0.010261545,No,No,Normal,Safe,Stable
01-01-2024 14:00,January,275.82,95.27,2,27.47,6.34,7.98,3.3,1,1,0,0,29.1,33.9,24.1,0.51,1,1.473684211,2.631578947,8.190509494,0.403034511,0.009436068,Yes,No,Normal,Safe,Stable
01-01-2024 15:00,January,275.82,95.27,2,27.47,6.34,7.98,3.3,1,1,1,0,29.1,33.9,24.1,0.51,1,1.526315789,2.368421053,8.198470294,0.402407143,0.00861059,No,No,Normal,Safe,Stable
01-01-2024 16:00,January,275.82,95.27,2,27.47,6.34,7.98,3.3,1,1,0,0,29.1,33.9,24.1,0.51,1,1.578947368,2.105263158,8.206431093,0.401779775,0.007785113,Yes,No,Normal,Safe,Stable
01-01-2024 17:00,January,275.82,95.27,2,27.47,6.34,7.98,3.3,1,1,0,0,29.1,33.9,24.1,0.51,1,1.631578947,1.842105263,8.214391892,0.401152407,0.006959636,No,No,Normal,Safe,Stable
01-01-2024 18:00,January,275.82,95.27,2,27.47,6.34,7.98,3.3,1,1,1,1,29.1,33.9,24.1,0.51,1,1.684210526,1.578947368,8.222352692,0.400525039,0.006134159,Yes,No,Normal,Safe,Stable
01-01-2024 19:00,January,275.82,95.27,2,27.47,6.34,7.98,3.3,1,1,0,0,29.1,33.9,24.1,0.51,1,1.736842105,1.315789474,8.230313491,0.399897672,0.005308682,No,No,Normal,Safe,Stable
01-01-2024 20:00,January,275.82,95.27,2,27.47,6.34,7.98,3.3,1,1,0,0,29.1,33.9,24.1,0.51,1,1.789473684,1.052631579,8.23827429,0.399270304,0.004483205,Yes,No,Normal,Safe,Stable
01-01-2024 21:00,January,275.82,95.27,2,27.47,6.34,7.98,3.3,1,1,0,0,29.1,33.9,24.1,0.51,1,1.842105263,0.789473684,8.24623509,0.398642936,0.003657727,No,No,Normal,Safe,Stable
01-01-2024 22:00,January,275.82,95.27,2,27.47,6.34,7.98,3.3,1,1,0,0,29.1,33.9,24.1,0.51,1,1.894736842,0.526315789,8.254195889,0.398015568,0.00283225,Yes,No,Normal,Safe,Stable
01-01-2024 23:00,January,275.82,95.27,2,27.47,6.34,7.98,3.3,1,1,0,0,29.1,33.9,24.1,0.51,1,1.947368421,0.263157895,8.262156688,0.3973882,0.002006773,No,No,Normal,Safe,Stable
02-01-2024 00:00,January,275.82,95.27,2,27.47,6.34,7.98,3.3,1,1,0,0,29.1,33.9,24.1,0.51,1,2,0,8.270117488,0.396760832,0.001181296,Yes,No,Normal,Safe,Stable
02-01-2024 01:00,January,275.82,95.27,2,27.47,6.34,7.98,3.3,1,1,1,1,29.1,33.9,24.1,0.51,1,2,1,8.303002618,0.34164158,0.109710851,No,No,Normal,Safe,Stable
02-01-2024 02:00,January,275.82,95.27,2,27.47,6.34,7.98,3.3,1,1,0,0,29.1,33.9,24.1,0.51,1,2,2,8.114214626,0.982294439,0.046264659,Yes,No,Normal,Safe,Stable
02-01-2024 03:00,January,275.82,95.27,2,27.47,6.34,7.98,3.3,1,1,1,0,29.1,33.9,24.1,0.51,1,2,3,8.187491775,0.169800613,0.863705582,No,No,Normal,Safe,Stable
02-01-2024 04:00,January,275.82,95.27,2,27.47,6.34,7.98,3.3,1,1,0,0,29.1,33.9,24.1,0.51,1,2,4,8.213356912,0.32733838,0.889714227,Yes,No,Normal,Safe,Stable
02-01-2024 05:00,January,275.82,95.27,2,27.47,6.34,7.98,3.3,1,1,1,0,29.1,33.9,24.1,0.51,1,2,5,8.059883108,0.990161275,0.005871158,No,No,Normal,Safe,Stable
02-01-2024 06:00,January,275.82,95.27,2,27.47,6.34,7.98,3.3,1,1,0,0,29.1,33.9,24.1,0.51,1,2.052631579,4.736842105,8.04986271,0.958665398,0.006436929,Yes,No,Normal,Safe,Stable
02-01-2024 07:00,January,275.82,95.27,2,27.47,6.34,7.98,3.3,1,1,1,1,29.1,33.9,24.1,0.51,1,2.105263158,4.473684211,8.039842313,0.927169522,0.007002699,No,No,Normal,Safe,Stable
02-01-2024 08:00,January,275.82,95.27,2,27.47,6.34,7.98,3.3,1,1,1,0,29.1,33.9,24.1,0.51,1,2.157894737,4.210526316,8.029821915,0.895673645,0.00756847,Yes,No,Normal,Safe,Stable
02-01-2024 09:00,January,275.82,95.27,2,27.47,6.34,7.98,3.3,1,1,0,0,29.1,33.9,24.1,0.51,1,2.210526316,3.947368421,8.019801518,0.864177768,0.008134241,No,No,Normal,Safe,Stable
02-01-2024 10:00,January,275.82,95.27,2,27.47,6.34,7.98,3.3,1,1,0,0,29.1,33.9,24.1,0.51,1,2.263157895,3.684210526,8.00978112,0.832681892,0.008700011,Yes,No,Normal,Safe,Stable
02-01-2024 11:00,January,275.82,95.27,2,27.47,6.34,7.98,3.3,1,1,0,1,29.1,33.9,24.1,0.51,1,2.315789474,3.421052632,7.999760723,0.801186015,0.009265782,No,No,Normal,Safe,Stable
02-01-2024 12:00,January,275.82,95.27,2,27.47,6.34,7.98,3.3,1,1,0,0,29.1,33.9,24.1,0.51,1,2.368421053,3.157894737,7.989740325,0.769690139,0.009831552,Yes,No,Normal,Safe,Stable
02-01-2024 13:00,January,275.82,95.27,2,27.47,6.34,7.98,3.3,1,1,0,0,29.1,33.9,24.1,0.51,1,2.421052632,2.894736842,7.979719928,0.738194262,0.010397323,No,No,Normal,Safe,Stable
02-01-2024 14:00,January,275.82,95.27,2,27.47,6.34,7.98,3.3,1,1,1,0,29.1,33.9,24.1,0.51,1,2.473684211,2.631578947,7.96969953,0.706698385,0.010963093,Yes,No,Normal,Safe,Stable
02-01-2024 15:00,January,275.82,95.27,2,27.47,6.34,7.98,3.3,1,1,0,1,29.1,33.9,24.1,0.51,1,2.526315789,2.368421053,7.959679133,0.675202509,0.011528864,No,No,Normal,Safe,Stable
02-01-2024 16:00,January,275.82,95.27,2,27.47,6.34,7.98,3.3,1,1,0,0,29.1,33.9,24.1,0.51,1,2.578947368,2.105263158,7.949658735,0.643706632,0.012094635,Yes,No,Normal,Safe,Stable
02-01-2024 17:00,January,275.82,95.27,2,27.47,6.34,7.98,3.3,1,1,0,0,29.1,33.9,24.1,0.51,1,2.631578947,1.842105263,7.939638338,0.612210756,0.012660405,No,No,Normal,Safe,Stable
02-01-2024 18:00,January,275.82,95.27,2,27.47,6.34,7.98,3.3,1,1,0,0,29.1,33.9,24.1,0.51,1,2.684210526,1.578947368,7.92961794,0.580714879,0.013226176,Yes,No,Normal,Safe,Stable
02-01-2024 19:00,January,275.82,95.27,2,27.47,6.34,7.98,3.3,1,1,0,0,29.1,33.9,24.1,0.51,1,2.736842105,1.315789474,7.919597543,0.549219002,0.013791946,No,No,Normal,Safe,Stable
02-01-2024 20:00,January,275.82,95.27,2,27.47,6.34,7.98,3.3,1,1,1,0,29.1,33.9,24.1,0.51,1,2.789473684,1.052631579,7.909577145,0.517723126,0.014357717,Yes,No,Normal,Safe,Stable
02-01-2024 21:00,January,275.82,95.27,2,27.47,6.34,7.98,3.3,1,1,0,1,29.1,33.9,24.1,0.51,1,2.842105263,0.789473684,7.899556748,0.486227249,0.014923487,No,No,Normal,Safe,Stable
02-01-2024 22:00,January,275.82,95.27,2,27.47,6.34,7.98,3.3,1,1,1,0,29.1,33.9,24.1,0.51,1,2.894736842,0.526315789,7.88953635,0.454731372,0.015489258,Yes,No,Normal,Safe,Stable
02-01-2024 23:00,January,275.82,95.27,2,27.47,6.34,7.98,3.3,1,1,1,0,29.1,33.9,24.1,0.51,1,2.947368421,0.263157895,7.879515953,0.423235496,0.016055028,No,No,Normal,Safe,Stable
03-01-2024 00:00,January,275.82,95.27,2,27.47,6.34,7.98,3.3,1,1,0,1,29.1,33.9,24.1,0.51,1,3,0,7.869495556,0.391739619,0.016620799,Yes,No,Normal,Safe,Stable
03-01-2024 01:00,January,275.82,95.27,2,27.47,6.34,7.98,3.3,1,1,0,0,29.1,33.9,24.1,0.51,1,3,1,8.193421109,0.324528609,0.120289051,No,No,Normal,Safe,Stable
03-01-2024 02:00,January,275.82,95.27,2,27.47,6.34,7.98,3.3,1,1,0,0,29.1,33.9,24.1,0.51,1,3,2,8.054784318,0.332447286,0.430583415,Yes,No,Normal,Safe,Stable
03-01-2024 03:00,January,275.82,95.27,2,27.47,6.34,7.98,3.3,1,1,0,0,29.1,33.9,24.1,0.51,1,3,3,8.373725178,0.262630453,1.012809636,No,No,Normal,Safe,Stable
03-01-2024 04:00,January,275.82,95.27,2,27.47,6.34,7.98,3.3,1,1,0,0,29.1,33.9,24.1,0.51,1,3,4,7.972557869,0.327818302,0.979968694,Yes,No,Normal,Safe,Stable
03-01-2024 05:00,January,275.82,95.27,2,27.47,6.34,7.98,3.3,1,1,0,0,29.1,33.9,24.1,0.51,1,3,5,7.96921326,0.400385426,-0.029226773,No,No,Normal,Safe,Stable
03-01-2024 06:00,January,275.82,95.27,2,27.47,6.34,7.98,3.3,1,1,0,0,29.1,33.9,24.1,0.51,1,3.052631579,4.736842105,7.969569362,0.400270142,-0.024845782,Yes,No,Normal,Safe,Stable
03-01-2024 07:00,January,275.82,95.27,2,27.47,6.34,7.98,3.3,1,1,0,1,29.1,33.9,24.1,0.51,1,3.105263158,4.473684211,7.969925464,0.400154858,-0.02046479,No,No,Normal,Safe,Stable
03-01-2024 08:00,January,275.82,95.27,2,27.47,6.34,7.98,3.3,1,1,0,0,29.1,33.9,24.1,0.51,1,3.157894737,4.210526316,7.970281565,0.400039573,-0.016083799,Yes,No,Normal,Safe,Stable
03-01-2024 09:00,January,275.82,95.27,2,27.47,6.34,7.98,3.3,1,1,0,1,29.1,33.9,24.1,0.51,1,3.210526316,3.947368421,7.970637667,0.399924289,-0.011702808,No,No,Normal,Safe,Stable
03-01-2024 10:00,January,275.82,95.27,2,27.47,6.34,7.98,3.3,1,1,0,0,29.1,33.9,24.1,0.51,1,3.263157895,3.684210526,7.970993769,0.399809005,-0.007321817,Yes,No,Normal,Safe,Stable
03-01-2024 11:00,January,275.82,95.27,2,27.47,6.34,7.98,3.3,1,1,0,0,29.1,33.9,24.1,0.51,1,3.315789474,3.421052632,7.971349871,0.39969372,-0.002940826,No,No,Normal,Safe,Stable
03-01-2024 12:00,January,275.82,95.27,2,27.47,6.34,7.98,3.3,1,1,0,0,29.1,33.9,24.1,0.51,1,3.368421053,3.157894737,7.971705972,0.399578436,0.001440165,Yes,No,Normal,Safe,Stable
03-01-2024 13:00,January,275.82,95.27,2,27.47,6.34,7.98,3.3,1,1,0,0,29.1,33.9,24.1,0.51,1,3.421052632,2.894736842,7.972062074,0.399463152,0.005821156,No,No,Normal,Safe,Stable
03-01-2024 14:00,January,275.82,95.27,2,27.47,6.34,7.98,3.3,1,1,0,0,29.1,33.9,24.1,0.51,1,3.473684211,2.631578947,7.972418176,0.399347867,0.010202148,Yes,No,Normal,Safe,Stable
03-01-2024 15:00,January,275.82,95.27,2,27.47,6.34,7.98,3.3,1,1,0,0,29.1,33.9,24.1,0.51,1,3.526315789,2.368421053,7.972774278,0.399232583,0.014583139,No,No,Normal,Safe,Stable
03-01-2024 16:00,January,275.82,95.27,2,27.47,6.34,7.98,3.3,1,1,0,0,29.1,33.9,24.1,0.51,1,3.578947368,2.105263158,7.973130379,0.399117299,0.01896413,Yes,No,Normal,Safe,Stable
03-01-2024 17:00,January,275.82,95.27,2,27.47,6.34,7.98,3.3,1,1,0,0,29.1,33.9,24.1,0.51,1,3.631578947,1.842105263,7.973486481,0.399002015,0.023345121,No,No,Normal,Safe,Stable
03-01-2024 18:00,January,275.82,95.27,2,27.47,6.34,7.98,3.3,1,1,0,0,29.1,33.9,24.1,0.51,1,3.684210526,1.578947368,7.973842583,0.39888673,0.027726112,Yes,No,Normal,Safe,Stable
03-01-2024 19:00,January,275.82,95.27,2,27.47,6.34,7.98,3.3,1,1,0,0,29.1,33.9,24.1,0.51,1,3.736842105,1.315789474,7.974198685,0.398771446,0.032107103,No,No,Normal,Safe,Stable
03-01-2024 20:00,January,275.82,95.27,2,27.47,6.34,7.98,3.3,1,1,0,0,29.1,33.9,24.1,0.51,1,3.789473684,1.052631579,7.974554786,0.398656162,0.036488094,Yes,No,Normal,Safe,Stable
03-01-2024 21:00,January,275.82,95.27,2,27.47,6.34,7.98,3.3,1,1,0,0,29.1,33.9,24.1,0.51,1,3.842105263,0.789473684,7.974910888,0.398540877,0.040869085,No,No,Normal,Safe,Stable
03-01-2024 22:00,January,275.82,95.27,2,27.47,6.34,7.98,3.3,1,1,0,0,29.1,33.9,24.1,0.51,1,3.894736842,0.526315789,7.97526699,0.398425593,0.045250077,Yes,No,Normal,Safe,Stable
03-01-2024 23:00,January,275.82,95.27,2,27.47,6.34,7.98,3.3,1,1,0,0,29.1,33.9,24.1,0.51,1,3.947368421,0.263157895,7.975623092,0.398310309,0.049631068,No,No,Normal,Safe,Stable
04-01-2024 00:00,January,275.82,95.27,2,27.47,6.34,7.98,3.3,1,1,0,1,29.1,33.9,24.1,0.51,1,4,0,7.975979193,0.398195024,0.054012059,Yes,No,Normal,Safe,Stable
04-01-2024 01:00,January,275.82,95.27,2,27.47,6.34,7.98,3.3,1,1,0,0,29.1,33.9,24.1,0.51,1,4,1,8.496571055,0.315553125,0.143702443,No,No,Normal,Safe,Stable
04-01-2024 02:00,January,275.82,95.27,2,27.47,6.34,7.98,3.3,1,1,0,0,29.1,33.9,24.1,0.51,1,4,2,7.921412339,0.971201947,-0.015462411,Yes,No,Normal,Safe,Stable
04-01-2024 03:00,January,275.82,95.27,2,27.47,6.34,7.98,3.3,1,1,0,1,29.1,33.9,24.1,0.51,1,4,3,7.895169844,0.243183342,0.895975195,No,No,Normal,Safe,Stable
04-01-2024 04:00,January,275.82,95.27,2,27.47,6.34,7.98,3.3,1,1,0,0,29.1,33.9,24.1,0.51,1,4,4,7.86994796,0.950436547,-0.023495256,Yes,No,Normal,Safe,Stable
04-01-2024 05:00,January,275.82,95.27,2,27.47,6.34,7.98,3.3,1,1,1,0,29.1,33.9,24.1,0.51,1,4,5,8.267003439,0.372562032,0.026035664,No,No,Normal,Safe,Stable
04-01-2024 06:00,January,275.82,95.27,2,27.47,6.34,7.98,3.3,1,1,0,0,29.1,33.9,24.1,0.51,1,4.052631579,4.736842105,8.280366233,0.372959864,0.0268824,Yes,No,Normal,Safe,Stable
04-01-2024 07:00,January,275.82,95.27,2,27.47,6.34,7.98,3.3,1,1,0,0,29.1,33.9,24.1,0.51,1,4.105263158,4.473684211,8.293729027,0.373357696,0.027729136,No,No,Normal,Safe,Stable
04-01-2024 08:00,January,275.82,95.27,2,27.47,6.34,7.98,3.3,1,1,0,0,29.1,33.9,24.1,0.51,1,4.157894737,4.210526316,8.307091822,0.373755528,0.028575872,Yes,No,Normal,Safe,Stable
04-01-2024 09:00,January,275.82,95.27,2,27.47,6.34,7.98,3.3,1,1,0,0,29.1,33.9,24.1,0.51,1,4.210526316,3.947368421,8.320454616,0.37415336,0.029422608,No,No,Normal,Safe,Stable
04-01-2024 10:00,January,275.82,95.27,2,27.47,6.34,7.98,3.3,1,1,0,0,29.1,33.9,24.1,0.51,1,4.263157895,3.684210526,8.33381741,0.374551193,0.030269344,Yes,No,Normal,Safe,Stable
04-01-2024 11:00,January,275.82,95.27,2,27.47,6.34,7.98,3.3,1,1,0,0,29.1,33.9,24.1,0.51,1,4.315789474,3.421052632,8.347180204,0.374949025,0.03111608,No,No,Normal,Safe,Stable
04-01-2024 12:00,January,275.82,95.27,2,27.47,6.34,7.98,3.3,1,1,0,0,29.1,33.9,24.1,0.51,1,4.368421053,3.157894737,8.360542999,0.375346857,0.031962816,Yes,No,Normal,Safe,Stable
04-01-2024 13:00,January,275.82,95.27,2,27.47,6.34,7.98,3.3,1,1,0,0,29.1,33.9,24.1,0.51,1,4.421052632,2.894736842,8.373905793,0.375744689,0.032809552,No,No,Normal,Safe,Stable
04-01-2024 14:00,January,275.82,95.27,2,27.47,6.34,7.98,3.3,1,1,0,0,29.1,33.9,24.1,0.51,1,4.473684211,2.631578947,8.387268587,0.376142521,0.033656288,Yes,No,Normal,Safe,Stable
04-01-2024 15:00,January,275.82,95.27,2,27.47,6.34,7.98,3.3,1,1,0,0,29.1,33.9,24.1,0.51,1,4.526315789,2.368421053,8.400631381,0.376540353,0.034503024,No,No,Normal,Safe,Stable
04-01-2024 16:00,January,275.82,95.27,2,27.47,6.34,7.98,3.3,1,1,0,0,29.1,33.9,24.1,0.51,1,4.578947368,2.105263158,8.413994176,0.376938186,0.03534976,Yes,No,Normal,Safe,Stable
04-01-2024 17:00,January,275.82,95.27,2,27.47,6.34,7.98,3.3,1,1,1,0,29.1,33.9,24.1,0.51,1,4.631578947,1.842105263,8.42735697,0.377336018,0.036196495,No,No,Normal,Safe,Stable
04-01-2024 18:00,January,275.82,95.27,2,27.47,6.34,7.98,3.3,1,1,0,0,29.1,33.9,24.1,0.51,1,4.684210526,1.578947368,8.440719764,0.37773385,0.037043231,Yes,No,Normal,Safe,Stable
04-01-2024 19:00,January,275.82,95.27,2,27.47,6.34,7.98,3.3,1,1,0,0,29.1,33.9,24.1,0.51,1,4.736842105,1.315789474,8.454082558,0.378131682,0.037889967,No,No,Normal,Safe,Stable
04-01-2024 20:00,January,275.82,95.27,2,27.47,6.34,7.98,3.3,1,1,1,1,29.1,33.9,24.1,0.51,1,4.789473684,1.052631579,8.467445352,0.378529514,0.038736703,Yes,No,Normal,Safe,Stable
04-01-2024 21:00,January,275.82,95.27,2,27.47,6.34,7.98,3.3,1,1,1,0,29.1,33.9,24.1,0.51,1,4.842105263,0.789473684,8.480808147,0.378927347,0.039583439,No,No,Normal,Safe,Stable
04-01-2024 22:00,January,275.82,95.27,2,27.47,6.34,7.98,3.3,1,1,0,0,29.1,33.9,24.1,0.51,1,4.894736842,0.526315789,8.494170941,0.379325179,0.040430175,Yes,No,Normal,Safe,Stable
04-01-2024 23:00,January,275.82,95.27,2,27.47,6.34,7.98,3.3,1,1,0,0,29.1,33.9,24.1,0.51,1,4.947368421,0.263157895,8.507533735,0.379723011,0.041276911,No,No,Normal,Safe,Stable
05-01-2024 00:00,January,275.82,95.27,2,27.47,6.34,7.98,3.3,1,1,0,0,29.1,33.9,24.1,0.51,1,5,0,8.520896529,0.380120843,0.042123647,Yes,No,Normal,Safe,Stable
05-01-2024 01:00,January,275.82,95.27,2,27.47,6.34,7.98,3.3,1,1,0,0,29.1,33.9,24.1,0.51,1,5,1,8.053973886,0.299032066,0.115467219,No,No,Normal,Safe,Stable
05-01-2024 02:00,January,275.82,95.27,2,27.47,6.34,7.98,3.3,1,1,0,0,29.1,33.9,24.1,0.51,1,5,2,7.676124332,0.906770107,0.006865466,Yes,No,Normal,Safe,Stable
05-01-2024 03:00,January,275.82,95.27,2,27.47,6.34,7.98,3.3,1,1,1,0,29.1,33.9,24.1,0.51,1,5,3,8.11733496,0.263340837,0.810861939,No,No,Normal,Safe,Stable
05-01-2024 04:00,January,275.82,95.27,2,27.47,6.34,7.98,3.3,1,1,1,0,29.1,33.9,24.1,0.51,1,5,4,8.063669555,0.230370143,0.981703658,Yes,No,Normal,Safe,Stable
05-01-2024 05:00,January,275.82,95.27,2,27.47,6.34,7.98,3.3,1,1,0,1,29.1,33.9,24.1,0.51,1,5,5,8.395035225,0.410172331,0.044825756,No,No,Normal,Safe,Stable
05-01-2024 06:00,January,275.82,95.27,2,27.47,6.34,7.98,3.3,1,1,0,0,29.1,33.9,24.1,0.51,1,5.052631579,4.736842105,8.38039387,0.409046215,0.043848121,Yes,No,Normal,Safe,Stable
05-01-2024 07:00,January,275.82,95.27,2,27.47,6.34,7.98,3.3,1,1,0,0,29.1,33.9,24.1,0.51,1,5.105263158,4.473684211,8.365752514,0.4079201,0.042870486,No,No,Normal,Safe,Stable
05-01-2024 08:00,January,275.82,95.27,2,27.47,6.34,7.98,3.3,1,1,0,0,29.1,33.9,24.1,0.51,1,5.157894737,4.210526316,8.351111159,0.406793984,0.04189285,Yes,No,Normal,Safe,Stable
05-01-2024 09:00,January,275.82,95.27,2,27.47,6.34,7.98,3.3,1,1,0,0,29.1,33.9,24.1,0.51,1,5.210526316,3.947368421,8.336469804,0.405667868,0.040915215,No,No,Normal,Safe,Stable
05-01-2024 10:00,January,275.82,95.27,2,27.47,6.34,7.98,3.3,1,1,0,0,29.1,33.9,24.1,0.51,1,5.263157895,3.684210526,8.321828448,0.404541752,0.03993758,Yes,No,Normal,Safe,Stable
05-01-2024 11:00,January,275.82,95.27,2,27.47,6.34,7.98,3.3,1,1,1,0,29.1,33.9,24.1,0.51,1,5.315789474,3.421052632,8.307187093,0.403415637,0.038959945,No,No,Normal,Safe,Stable
05-01-2024 12:00,January,275.82,95.27,2,27.47,6.34,7.98,3.3,1,1,0,0,29.1,33.9,24.1,0.51,1,5.368421053,3.157894737,8.292545738,0.402289521,0.03798231,Yes,No,Normal,Safe,Stable
05-01-2024 13:00,January,275.82,95.27,2,27.47,6.34,7.98,3.3,1,1,1,0,29.1,33.9,24.1,0.51,1,5.421052632,2.894736842,8.277904382,0.401163405,0.037004675,No,No,Normal,Safe,Stable
05-01-2024 14:00,January,275.82,95.27,2,27.47,6.34,7.98,3.3,1,1,0,1,29.1,33.9,24.1,0.51,1,5.473684211,2.631578947,8.263263027,0.400037289,0.036027039,Yes,No,Normal,Safe,Stable
05-01-2024 15:00,January,275.82,95.27,2,27.47,6.34,7.98,3.3,1,1,0,0,29.1,33.9,24.1,0.51,1,5.526315789,2.368421053,8.248621672,0.398911174,0.035049404,No,No,Normal,Safe,Stable
05-01-2024 16:00,January,275.82,95.27,2,27.47,6.34,7.98,3.3,1,1,0,1,29.1,33.9,24.1,0.51,1,5.578947368,2.105263158,8.233980317,0.397785058,0.034071769,Yes,No,Normal,Safe,Stable
05-01-2024 17:00,January,275.82,95.27,2,27.47,6.34,7.98,3.3,1,1,0,0,29.1,33.9,24.1,0.51,1,5.631578947,1.842105263,8.219338961,0.396658942,0.033094134,No,No,Normal,Safe,Stable
05-01-2024 18:00,January,275.82,95.27,2,27.47,6.34,7.98,3.3,1,1,0,0,29.1,33.9,24.1,0.51,1,5.684210526,1.578947368,8.204697606,0.395532826,0.032116499,Yes,No,Normal,Safe,Stable
05-01-2024 19:00,January,275.82,95.27,2,27.47,6.34,7.98,3.3,1,1,0,0,29.1,33.9,24.1,0.51,1,5.736842105,1.315789474,8.190056251,0.394406711,0.031138864,No,No,Normal,Safe,Stable
05-01-2024 20:00,January,275.82,95.27,2,27.47,6.34,7.98,3.3,1,1,1,0,29.1,33.9,24.1,0.51,1,5.789473684,1.052631579,8.175414895,0.393280595,0.030161228,Yes,No,Normal,Safe,Stable
05-01-2024 21:00,January,275.82,95.27,2,27.47,6.34,7.98,3.3,1,1,0,0,29.1,33.9,24.1,0.51,1,5.842105263,0.789473684,8.16077354,0.392154479,0.029183593,No,No,Normal,Safe,Stable
05-01-2024 22:00,January,275.82,95.27,2,27.47,6.34,7.98,3.3,1,1,0,0,29.1,33.9,24.1,0.51,1,5.894736842,0.526315789,8.146132185,0.391028363,0.028205958,Yes,No,Normal,Safe,Stable
05-01-2024 23:00,January,275.82,95.27,2,27.47,6.34,7.98,3.3,1,1,0,0,29.1,33.9,24.1,0.51,1,5.947368421,0.263157895,8.13149083,0.389902248,0.027228323,No,No,Normal,Safe,Stable
06-01-2024 00:00,January,275.82,95.27,2,27.47,6.34,7.98,3.3,1,1,1,0,29.1,33.9,24.1,0.51,1,6,0,8.116849474,0.388776132,0.026250688,Yes,No,Normal,Safe,Stable
06-01-2024 01:00,January,275.82,95.27,2,27.47,6.34,7.98,3.3,1,1,0,0,29.1,33.9,24.1,0.51,1,6,1,8.341965477,0.369340997,0.108491323,No,No,Normal,Safe,Stable
06-01-2024 02:00,January,275.82,95.27,2,27.47,6.34,7.98,3.3,1,1,0,0,29.1,33.9,24.1,0.51,1,6,2,7.899817711,0.97491887,-0.011640237,Yes,No,Normal,Safe,Stable
06-01-2024 03:00,January,275.82,95.27,2,27.47,6.34,7.98,3.3,1,1,0,0,29.1,33.9,24.1,0.51,1,6,3,8.163357846,0.431933366,0.060849955,No,No,Normal,Safe,Stable
06-01-2024 04:00,January,275.82,95.27,2,27.47,6.34,7.98,3.3,1,1,1,0,29.1,33.9,24.1,0.51,1,6,4,8.013552675,0.949932995,0.019733637,Yes,No,Normal,Safe,Stable
06-01-2024 05:00,January,275.82,95.27,2,27.47,6.34,7.98,3.3,1,1,0,0,29.1,33.9,24.1,0.51,1,6,5,8.23628062,0.373087305,0.028510891,No,No,Normal,Safe,Stable
06-01-2024 06:00,January,275.82,95.27,2,27.47,6.34,7.98,3.3,1,1,0,1,29.1,33.9,24.1,0.51,1,6.052631579,4.736842105,8.225605433,0.405658283,0.025781921,Yes,No,Normal,Safe,Stable
06-01-2024 07:00,January,275.82,95.27,2,27.47,6.34,7.98,3.3,1,1,0,0,29.1,33.9,24.1,0.51,1,6.105263158,4.473684211,8.214930246,0.43822926,0.02305295,No,No,Normal,Safe,Stable
06-01-2024 08:00,January,275.82,95.27,2,27.47,6.34,7.98,3.3,1,1,1,0,29.1,33.9,24.1,0.51,1,6.157894737,4.210526316,8.204255059,0.470800238,0.02032398,Yes,No,Normal,Safe,Stable
06-01-2024 09:00,January,275.82,95.27,2,27.47,6.34,7.98,3.3,1,1,0,0,29.1,33.9,24.1,0.51,1,6.210526316,3.947368421,8.193579872,0.503371216,0.01759501,No,No,Normal,Safe,Stable
06-01-2024 10:00,January,275.82,95.27,2,27.47,6.34,7.98,3.3,1,1,0,1,29.1,33.9,24.1,0.51,1,6.263157895,3.684210526,8.182904685,0.535942194,0.014866039,Yes,No,Normal,Safe,Stable
06-01-2024 11:00,January,275.82,95.27,2,27.47,6.34,7.98,3.3,1,1,0,0,29.1,33.9,24.1,0.51,1,6.315789474,3.421052632,8.172229498,0.568513172,0.012137069,No,No,Normal,Safe,Stable
06-01-2024 12:00,January,275.82,95.27,2,27.47,6.34,7.98,3.3,1,1,0,0,29.1,33.9,24.1,0.51,1,6.368421053,3.157894737,8.161554311,0.60108415,0.009408099,Yes,No,Normal,Safe,Stable
06-01-2024 13:00,January,275.82,95.27,2,27.47,6.34,7.98,3.3,1,1,0,0,29.1,33.9,24.1,0.51,1,6.421052632,2.894736842,8.150879124,0.633655127,0.006679128,No,No,Normal,Safe,Stable
06-01-2024 14:00,January,275.82,95.27,2,27.47,6.34,7.98,3.3,1,1,0,0,29.1,33.9,24.1,0.51,1,6.473684211,2.631578947,8.140203938,0.666226105,0.003950158,Yes,No,Normal,Safe,Stable
06-01-2024 15:00,January,275.82,95.27,2,27.47,6.34,7.98,3.3,1,1,1,0,29.1,33.9,24.1,0.51,1,6.526315789,2.368421053,8.129528751,0.698797083,0.001221188,No,No,Normal,Safe,Stable
06-01-2024 16:00,January,275.82,95.27,2,27.47,6.34,7.98,3.3,1,1,0,0,29.1,33.9,24.1,0.51,1,6.578947368,2.105263158,8.118853564,0.731368061,-0.001507783,Yes,No,Normal,Safe,Stable
06-01-2024 17:00,January,275.82,95.27,2,27.47,6.34,7.98,3.3,1,1,0,0,29.1,33.9,24.1,0.51,1,6.631578947,1.842105263,8.108178377,0.763939039,-0.004236753,No,No,Normal,Safe,Stable
06-01-2024 18:00,January,275.82,95.27,2,27.47,6.34,7.98,3.3,1,1,0,0,29.1,33.9,24.1,0.51,1,6.684210526,1.578947368,8.09750319,0.796510017,-0.006965723,Yes,No,Normal,Safe,Stable
06-01-2024 19:00,January,275.82,95.27,2,27.47,6.34,7.98,3.3,1,1,0,0,29.1,33.9,24.1,0.51,1,6.736842105,1.315789474,8.086828003,0.829080994,-0.009694694,No,No,Normal,Safe,Stable
06-01-2024 20:00,January,275.82,95.27,2,27.47,6.34,7.98,3.3,1,1,0,0,29.1,33.9,24.1,0.51,1,6.789473684,1.052631579,8.076152816,0.861651972,-0.012423664,Yes,No,Normal,Safe,Stable
06-01-2024 21:00,January,275.82,95.27,2,27.47,6.34,7.98,3.3,1,1,0,0,29.1,33.9,24.1,0.51,1,6.842105263,0.789473684,8.065477629,0.89422295,-0.015152634,No,No,Normal,Safe,Stable
06-01-2024 22:00,January,275.82,95.27,2,27.47,6.34,7.98,3.3,1,1,0,1,29.1,33.9,24.1,0.51,1,6.894736842,0.526315789,8.054802443,0.926793928,-0.017881605,Yes,No,Normal,Safe,Stable
06-01-2024 23:00,January,275.82,95.27,2,27.47,6.34,7.98,3.3,1,1,0,0,29.1,33.9,24.1,0.51,1,6.947368421,0.263157895,8.044127256,0.959364906,-0.020610575,No,No,Normal,Safe,Stable
07-01-2024 00:00,January,275.82,95.27,2,27.47,6.34,7.98,3.3,1,1,0,0,29.1,33.9,24.1,0.51,1,7,0,8.033452069,0.991935883,-0.023339545,Yes,No,Normal,Safe,Stable
07-01-2024 01:00,January,275.82,95.27,2,27.47,6.34,7.98,3.3,1,1,1,0,29.1,33.9,24.1,0.51,1,7,1,7.954908078,0.327978312,0.107966858,No,No,Normal,Safe,Stable
07-01-2024 02:00,January,275.82,95.27,2,27.47,6.34,7.98,3.3,1,1,1,0,29.1,33.9,24.1,0.51,1,7,2,8.050854807,0.947733671,0.016624863,Yes,No,Normal,Safe,Stable
07-01-2024 03:00,January,275.82,95.27,2,27.47,6.34,7.98,3.3,1,1,0,0,29.1,33.9,24.1,0.51,1,7,3,8.592279146,0.239617297,0.885593862,No,No,Normal,Safe,Stable
07-01-2024 04:00,January,275.82,95.27,2,27.47,6.34,7.98,3.3,1,1,1,0,29.1,33.9,24.1,0.51,1,7,4,7.957444678,0.966114231,0.013733976,Yes,No,Normal,Safe,Stable
07-01-2024 05:00,January,275.82,95.27,2,27.47,6.34,7.98,3.3,1,1,0,0,29.1,33.9,24.1,0.51,1,7,5,8.209043817,0.401638952,-0.007359602,No,No,Normal,Safe,Stable
07-01-2024 06:00,January,275.82,95.27,2,27.47,6.34,7.98,3.3,1,1,0,0,29.1,33.9,24.1,0.51,1,7.052631579,4.736842105,8.213185386,0.401130388,-0.006797224,Yes,No,Normal,Safe,Stable
07-01-2024 07:00,January,275.82,95.27,2,27.47,6.34,7.98,3.3,1,1,0,0,29.1,33.9,24.1,0.51,1,7.105263158,4.473684211,8.217326956,0.400621824,-0.006234846,No,No,Normal,Safe,Stable
07-01-2024 08:00,January,275.82,95.27,2,27.47,6.34,7.98,3.3,1,1,0,0,29.1,33.9,24.1,0.51,1,7.157894737,4.210526316,8.221468525,0.40011326,-0.005672468,Yes,No,Normal,Safe,Stable
07-01-2024 09:00,January,275.82,95.27,2,27.47,6.34,7.98,3.3,1,1,0,0,29.1,33.9,24.1,0.51,1,7.210526316,3.947368421,8.225610095,0.399604695,-0.005110091,No,No,Normal,Safe,Stable
07-01-2024 10:00,January,275.82,95.27,2,27.47,6.34,7.98,3.3,1,1,0,0,29.1,33.9,24.1,0.51,1,7.263157895,3.684210526,8.229751665,0.399096131,-0.004547713,Yes,No,Normal,Safe,Stable
07-01-2024 11:00,January,275.82,95.27,2,27.47,6.34,7.98,3.3,1,1,1,0,29.1,33.9,24.1,0.51,1,7.315789474,3.421052632,8.233893234,0.398587567,-0.003985335,No,No,Normal,Safe,Stable
07-01-2024 12:00,January,275.82,95.27,2,27.47,6.34,7.98,3.3,1,1,0,1,29.1,33.9,24.1,0.51,1,7.368421053,3.157894737,8.238034804,0.398079002,-0.003422957,Yes,No,Normal,Safe,Stable
07-01-2024 13:00,January,275.82,95.27,2,27.47,6.34,7.98,3.3,1,1,0,1,29.1,33.9,24.1,0.51,1,7.421052632,2.894736842,8.242176374,0.397570438,-0.002860579,No,No,Normal,Safe,Stable
07-01-2024 14:00,January,275.82,95.27,2,27.47,6.34,7.98,3.3,1,1,0,1,29.1,33.9,24.1,0.51,1,7.473684211,2.631578947,8.246317943,0.397061874,-0.002298202,Yes,No,Normal,Safe,Stable
07-01-2024 15:00,January,275.82,95.27,2,27.47,6.34,7.98,3.3,1,1,0,0,29.1,33.9,24.1,0.51,1,7.526315789,2.368421053,8.250459513,0.39655331,-0.001735824,No,No,Normal,Safe,Stable
07-01-2024 16:00,January,275.82,95.27,2,27.47,6.34,7.98,3.3,1,1,0,1,29.1,33.9,24.1,0.51,1,7.578947368,2.105263158,8.254601082,0.396044745,-0.001173446,Yes,No,Normal,Safe,Stable
07-01-2024 17:00,January,275.82,95.27,2,27.47,6.34,7.98,3.3,1,1,0,0,29.1,33.9,24.1,0.51,1,7.631578947,1.842105263,8.258742652,0.395536181,-0.000611068,No,No,Normal,Safe,Stable
07-01-2024 18:00,January,275.82,95.27,2,27.47,6.34,7.98,3.3,1,1,1,0,29.1,33.9,24.1,0.51,1,7.684210526,1.578947368,8.262884222,0.395027617,-4.87E-05,Yes,No,Normal,Safe,Stable
07-01-2024 19:00,January,275.82,95.27,2,27.47,6.34,7.98,3.3,1,1,1,1,29.1,33.9,24.1,0.51,1,7.736842105,1.315789474,8.267025791,0.394519052,0.000513687,No,No,Normal,Safe,Stable
07-01-2024 20:00,January,275.82,95.27,2,27.47,6.34,7.98,3.3,1,1,1,0,29.1,33.9,24.1,0.51,1,7.789473684,1.052631579,8.271167361,0.394010488,0.001076065,Yes,No,Normal,Safe,Stable
07-01-2024 21:00,January,275.82,95.27,2,27.47,6.34,7.98,3.3,1,1,0,0,29.1,33.9,24.1,0.51,1,7.842105263,0.789473684,8.275308931,0.393501924,0.001638443,No,No,Normal,Safe,Stable
07-01-2024 22:00,January,275.82,95.27,2,27.47,6.34,7.98,3.3,1,1,0,0,29.1,33.9,24.1,0.51,1,7.894736842,0.526315789,8.2794505,0.39299336,0.00220082,Yes,No,Normal,Safe,Stable
07-01-2024 23:00,January,275.82,95.27,2,27.47,6.34,7.98,3.3,1,1,0,0,29.1,33.9,24.1,0.51,1,7.947368421,0.263157895,8.28359207,0.392484795,0.002763198,No,No,Normal,Safe,Stable
08-01-2024 00:00,January,275.82,95.27,2,27.47,6.34,7.98,3.3,1,1,0,0,29.1,33.9,24.1,0.51,1,8,0,8.287733639,0.391976231,0.003325576,Yes,No,Normal,Safe,Stable
08-01-2024 01:00,January,275.82,95.27,2,27.47,6.34,7.98,3.3,1,1,1,0,29.1,33.9,24.1,0.51,1,8,1,8.290172028,0.361253708,0.112715821,No,No,Normal,Safe,Stable
08-01-2024 02:00,January,275.82,95.27,2,27.47,6.34,7.98,3.3,1,1,1,0,29.1,33.9,24.1,0.51,1,8,2,8.197103234,0.348010968,0.438536633,Yes,No,Normal,Safe,Stable
08-01-2024 03:00,January,275.82,95.27,2,27.47,6.34,7.98,3.3,1,1,1,0,29.1,33.9,24.1,0.51,1,8,3,8.444161887,0.258685157,0.933491331,No,No,Normal,Safe,Stable
08-01-2024 04:00,January,275.82,95.27,2,27.47,6.34,7.98,3.3,1,1,0,0,29.1,33.9,24.1,0.51,1,8,4,8.031720932,0.292391668,0.861570568,Yes,No,Normal,Safe,Stable
08-01-2024 05:00,January,275.82,95.27,2,27.47,6.34,7.98,3.3,1,1,0,0,29.1,33.9,24.1,0.51,1,8,5,8.701934381,0.394072515,-0.021907359,No,No,Normal,Safe,Stable
08-01-2024 06:00,January,275.82,95.27,2,27.47,6.34,7.98,3.3,1,1,0,0,29.1,33.9,24.1,0.51,1,8.052631579,4.736842105,8.66923343,0.394182521,-0.01944398,Yes,No,Normal,Safe,Stable
08-01-2024 07:00,January,275.82,95.27,2,27.47,6.34,7.98,3.3,1,1,1,0,29.1,33.9,24.1,0.51,1,8.105263158,4.473684211,8.636532478,0.394292526,-0.016980601,No,No,Normal,Safe,Stable
08-01-2024 08:00,January,275.82,95.27,2,27.47,6.34,7.98,3.3,1,1,0,0,29.1,33.9,24.1,0.51,1,8.157894737,4.210526316,8.603831527,0.394402532,-0.014517222,Yes,No,Normal,Safe,Stable
08-01-2024 09:00,January,275.82,95.27,2,27.47,6.34,7.98,3.3,1,1,0,0,29.1,33.9,24.1,0.51,1,8.210526316,3.947368421,8.571130575,0.394512538,-0.012053844,No,No,Normal,Safe,Stable
08-01-2024 10:00,January,275.82,95.27,2,27.47,6.34,7.98,3.3,1,1,0,0,29.1,33.9,24.1,0.51,1,8.263157895,3.684210526,8.538429623,0.394622543,-0.009590465,Yes,No,Normal,Safe,Stable
08-01-2024 11:00,January,275.82,95.27,2,27.47,6.34,7.98,3.3,1,1,0,0,29.1,33.9,24.1,0.51,1,8.315789474,3.421052632,8.505728672,0.394732549,-0.007127086,No,No,Normal,Safe,Stable
08-01-2024 12:00,January,275.82,95.27,2,27.47,6.34,7.98,3.3,1,1,1,0,29.1,33.9,24.1,0.51,1,8.368421053,3.157894737,8.47302772,0.394842555,-0.004663707,Yes,No,Normal,Safe,Stable
08-01-2024 13:00,January,275.82,95.27,2,27.47,6.34,7.98,3.3,1,1,0,1,29.1,33.9,24.1,0.51,1,8.421052632,2.894736842,8.440326769,0.394952561,-0.002200328,No,No,Normal,Safe,Stable
08-01-2024 14:00,January,275.82,95.27,2,27.47,6.34,7.98,3.3,1,1,0,0,29.1,33.9,24.1,0.51,1,8.473684211,2.631578947,8.407625817,0.395062566,0.000263051,Yes,No,Normal,Safe,Stable
08-01-2024 15:00,January,275.82,95.27,2,27.47,6.34,7.98,3.3,1,1,1,0,29.1,33.9,24.1,0.51,1,8.526315789,2.368421053,8.374924866,0.395172572,0.00272643,No,No,Normal,Safe,Stable
08-01-2024 16:00,January,275.82,95.27,2,27.47,6.34,7.98,3.3,1,1,0,0,29.1,33.9,24.1,0.51,1,8.578947368,2.105263158,8.342223914,0.395282578,0.005189809,Yes,No,Normal,Safe,Stable
08-01-2024 17:00,January,275.82,95.27,2,27.47,6.34,7.98,3.3,1,1,0,0,29.1,33.9,24.1,0.51,1,8.631578947,1.842105263,8.309522963,0.395392583,0.007653188,No,No,Normal,Safe,Stable
08-01-2024 18:00,January,275.82,95.27,2,27.47,6.34,7.98,3.3,1,1,0,0,29.1,33.9,24.1,0.51,1,8.684210526,1.578947368,8.276822011,0.395502589,0.010116567,Yes,No,Normal,Safe,Stable
08-01-2024 19:00,January,275.82,95.27,2,27.47,6.34,7.98,3.3,1,1,0,0,29.1,33.9,24.1,0.51,1,8.736842105,1.315789474,8.24412106,0.395612595,0.012579946,No,No,Normal,Safe,Stable
08-01-2024 20:00,January,275.82,95.27,2,27.47,6.34,7.98,3.3,1,1,0,0,29.1,33.9,24.1,0.51,1,8.789473684,1.052631579,8.211420108,0.3957226,0.015043324,Yes,No,Normal,Safe,Stable
08-01-2024 21:00,January,275.82,95.27,2,27.47,6.34,7.98,3.3,1,1,0,0,29.1,33.9,24.1,0.51,1,8.842105263,0.789473684,8.178719157,0.395832606,0.017506703,No,No,Normal,Safe,Stable
08-01-2024 22:00,January,275.82,95.27,2,27.47,6.34,7.98,3.3,1,1,0,0,29.1,33.9,24.1,0.51,1,8.894736842,0.526315789,8.146018205,0.395942612,0.019970082,Yes,No,Normal,Safe,Stable
08-01-2024 23:00,January,275.82,95.27,2,27.47,6.34,7.98,3.3,1,1,0,0,29.1,33.9,24.1,0.51,1,8.947368421,0.263157895,8.113317254,0.396052617,0.022433461,No,No,Normal,Safe,Stable
09-01-2024 00:00,January,275.82,95.27,2,27.47,6.34,7.98,3.3,1,1,1,0,29.1,33.9,24.1,0.51,1,9,0,8.080616302,0.396162623,0.02489684,Yes,No,Normal,Safe,Stable
09-01-2024 01:00,January,275.82,95.27,2,27.47,6.34,7.98,3.3,1,1,0,1,29.1,33.9,24.1,0.51,1,9,1,8.493223124,0.338692398,0.106438262,No,No,Normal,Safe,Stable
09-01-2024 02:00,January,275.82,95.27,2,27.47,6.34,7.98,3.3,1,1,0,0,29.1,33.9,24.1,0.51,1,9,2,8.697575901,0.304567555,0.448746335,Yes,No,Normal,Safe,Stable
09-01-2024 03:00,January,275.82,95.27,2,27.47,6.34,7.98,3.3,1,1,1,0,29.1,33.9,24.1,0.51,1,9,3,8.26896913,0.296005294,0.886846333,No,No,Normal,Safe,Stable
09-01-2024 04:00,January,275.82,95.27,2,27.47,6.34,7.98,3.3,1,1,0,0,29.1,33.9,24.1,0.51,1,9,4,8.031214289,0.942955928,0.00309618,Yes,No,Normal,Safe,Stable
09-01-2024 05:00,January,275.82,95.27,2,27.47,6.34,7.98,3.3,1,1,1,0,29.1,33.9,24.1,0.51,1,9,5,8.022725963,0.388009896,-0.022638301,No,No,Normal,Safe,Stable
09-01-2024 06:00,January,275.82,95.27,2,27.47,6.34,7.98,3.3,1,1,0,0,29.1,33.9,24.1,0.51,1,9.052631579,4.736842105,8.028638005,0.388150316,-0.021409195,Yes,No,Normal,Safe,Stable
09-01-2024 07:00,January,275.82,95.27,2,27.47,6.34,7.98,3.3,1,1,0,0,29.1,33.9,24.1,0.51,1,9.105263158,4.473684211,8.034550047,0.388290736,-0.020180089,No,No,Normal,Safe,Stable
09-01-2024 08:00,January,275.82,95.27,2,27.47,6.34,7.98,3.3,1,1,0,0,29.1,33.9,24.1,0.51,1,9.157894737,4.210526316,8.040462089,0.388431156,-0.018950983,Yes,No,Normal,Safe,Stable
09-01-2024 09:00,January,275.82,95.27,2,27.47,6.34,7.98,3.3,1,1,0,0,29.1,33.9,24.1,0.51,1,9.210526316,3.947368421,8.046374131,0.388571576,-0.017721876,No,No,Normal,Safe,Stable
09-01-2024 10:00,January,275.82,95.27,2,27.47,6.34,7.98,3.3,1,1,1,0,29.1,33.9,24.1,0.51,1,9.263157895,3.684210526,8.052286172,0.388711996,-0.01649277,Yes,No,Normal,Safe,Stable
09-01-2024 11:00,January,275.82,95.27,2,27.47,6.34,7.98,3.3,1,1,0,0,29.1,33.9,24.1,0.51,1,9.315789474,3.421052632,8.058198214,0.388852417,-0.015263664,No,No,Normal,Safe,Stable
09-01-2024 12:00,January,275.82,95.27,2,27.47,6.34,7.98,3.3,1,1,1,0,29.1,33.9,24.1,0.51,1,9.368421053,3.157894737,8.064110256,0.388992837,-0.014034557,Yes,No,Normal,Safe,Stable
09-01-2024 13:00,January,275.82,95.27,2,27.47,6.34,7.98,3.3,1,1,0,0,29.1,33.9,24.1,0.51,1,9.421052632,2.894736842,8.070022298,0.389133257,-0.012805451,No,No,Normal,Safe,Stable
09-01-2024 14:00,January,275.82,95.27,2,27.47,6.34,7.98,3.3,1,1,0,0,29.1,33.9,24.1,0.51,1,9.473684211,2.631578947,8.07593434,0.389273677,-0.011576345,Yes,No,Normal,Safe,Stable
09-01-2024 15:00,January,275.82,95.27,2,27.47,6.34,7.98,3.3,1,1,1,0,29.1,33.9,24.1,0.51,1,9.526315789,2.368421053,8.081846381,0.389414097,-0.010347239,No,No,Normal,Safe,Stable
09-01-2024 16:00,January,275.82,95.27,2,27.47,6.34,7.98,3.3,1,1,0,0,29.1,33.9,24.1,0.51,1,9.578947368,2.105263158,8.087758423,0.389554517,-0.009118132,Yes,No,Normal,Safe,Stable
09-01-2024 17:00,January,275.82,95.27,2,27.47,6.34,7.98,3.3,1,1,0,1,29.1,33.9,24.1,0.51,1,9.631578947,1.842105263,8.093670465,0.389694937,-0.007889026,No,No,Normal,Safe,Stable
09-01-2024 18:00,January,275.82,95.27,2,27.47,6.34,7.98,3.3,1,1,0,0,29.1,33.9,24.1,0.51,1,9.684210526,1.578947368,8.099582507,0.389835357,-0.00665992,Yes,No,Normal,Safe,Stable
09-01-2024 19:00,January,275.82,95.27,2,27.47,6.34,7.98,3.3,1,1,1,0,29.1,33.9,24.1,0.51,1,9.736842105,1.315789474,8.105494548,0.389975777,-0.005430813,No,No,Normal,Safe,Stable
09-01-2024 20:00,January,275.82,95.27,2,27.47,6.34,7.98,3.3,1,1,0,0,29.1,33.9,24.1,0.51,1,9.789473684,1.052631579,8.11140659,0.390116197,-0.004201707,Yes,No,Normal,Safe,Stable
09-01-2024 21:00,January,275.82,95.27,2,27.47,6.34,7.98,3.3,1,1,0,0,29.1,33.9,24.1,0.51,1,9.842105263,0.789473684,8.117318632,0.390256617,-0.002972601,No,No,Normal,Safe,Stable
09-01-2024 22:00,January,275.82,95.27,2,27.47,6.34,7.98,3.3,1,1,0,0,29.1,33.9,24.1,0.51,1,9.894736842,0.526315789,8.123230674,0.390397037,-0.001743494,Yes,No,Normal,Safe,Stable
09-01-2024 23:00,January,275.82,95.27,2,27.47,6.34,7.98,3.3,1,1,0,0,29.1,33.9,24.1,0.51,1,9.947368421,0.263157895,8.129142716,0.390537457,-0.000514388,No,No,Normal,Safe,Stable
10-01-2024 00:00,January,275.82,95.27,2,27.47,6.34,7.98,3.3,1,1,0,0,29.1,33.9,24.1,0.51,1,10,0,8.135054757,0.390677877,0.000714718,Yes,No,Normal,Safe,Stable
10-01-2024 01:00,January,275.82,95.27,2,27.47,6.34,7.98,3.3,1,1,1,0,29.1,33.9,24.1,0.51,1,10,1,8.069123331,0.966218557,7.38E-05,No,No,Normal,Safe,Stable
10-01-2024 02:00,January,275.82,95.27,2,27.47,6.34,7.98,3.3,1,1,0,0,29.1,33.9,24.1,0.51,1,10,2,7.893322242,0.994387844,0.016597517,Yes,No,Normal,Safe,Stable
10-01-2024 03:00,January,275.82,95.27,2,27.47,6.34,7.98,3.3,1,1,0,0,29.1,33.9,24.1,0.51,1,10,3,8.202667459,0.270805367,0.935413052,No,No,Normal,Safe,Stable
10-01-2024 04:00,January,275.82,95.27,2,27.47,6.34,7.98,3.3,1,1,0,0,29.1,33.9,24.1,0.51,1,10,4,8.110273269,0.276464086,0.821860913,Yes,No,Normal,Safe,Stable
10-01-2024 05:00,January,275.82,95.27,2,27.47,6.34,7.98,3.3,1,1,1,0,29.1,33.9,24.1,0.51,1,10,5,8.675425455,0.346050006,-0.006605303,No,No,Normal,Safe,Stable
10-01-2024 06:00,January,275.82,95.27,2,27.47,6.34,7.98,3.3,1,1,0,0,29.1,33.9,24.1,0.51,1,10.05263158,4.736842105,8.646219754,0.348712471,-0.003394338,Yes,No,Normal,Safe,Stable
10-01-2024 07:00,January,275.82,95.27,2,27.47,6.34,7.98,3.3,1,1,0,0,29.1,33.9,24.1,0.51,1,10.10526316,4.473684211,8.617014053,0.351374937,-0.000183374,No,No,Normal,Safe,Stable
10-01-2024 08:00,January,275.82,95.27,2,27.47,6.34,7.98,3.3,1,1,0,1,29.1,33.9,24.1,0.51,1,10.15789474,4.210526316,8.587808351,0.354037402,0.00302759,Yes,No,Normal,Safe,Stable
10-01-2024 09:00,January,275.82,95.27,2,27.47,6.34,7.98,3.3,1,1,1,0,29.1,33.9,24.1,0.51,1,10.21052632,3.947368421,8.55860265,0.356699867,0.006238555,No,No,Normal,Safe,Stable
10-01-2024 10:00,January,275.82,95.27,2,27.47,6.34,7.98,3.3,1,1,0,0,29.1,33.9,24.1,0.51,1,10.26315789,3.684210526,8.529396949,0.359362333,0.009449519,Yes,No,Normal,Safe,Stable
10-01-2024 11:00,January,275.82,95.27,2,27.47,6.34,7.98,3.3,1,1,1,0,29.1,33.9,24.1,0.51,1,10.31578947,3.421052632,8.500191248,0.362024798,0.012660483,No,No,Normal,Safe,Stable
10-01-2024 12:00,January,275.82,95.27,2,27.47,6.34,7.98,3.3,1,1,0,0,29.1,33.9,24.1,0.51,1,10.36842105,3.157894737,8.470985547,0.364687263,0.015871447,Yes,No,Normal,Safe,Stable
10-01-2024 13:00,January,275.82,95.27,2,27.47,6.34,7.98,3.3,1,1,0,0,29.1,33.9,24.1,0.51,1,10.42105263,2.894736842,8.441779845,0.367349729,0.019082412,No,No,Normal,Safe,Stable
10-01-2024 14:00,January,275.82,95.27,2,27.47,6.34,7.98,3.3,1,1,0,0,29.1,33.9,24.1,0.51,1,10.47368421,2.631578947,8.412574144,0.370012194,0.022293376,Yes,No,Normal,Safe,Stable
10-01-2024 15:00,January,275.82,95.27,2,27.47,6.34,7.98,3.3,1,1,0,0,29.1,33.9,24.1,0.51,1,10.52631579,2.368421053,8.383368443,0.372674659,0.02550434,No,No,Normal,Safe,Stable
10-01-2024 16:00,January,275.82,95.27,2,27.47,6.34,7.98,3.3,1,1,1,0,29.1,33.9,24.1,0.51,1,10.57894737,2.105263158,8.354162742,0.375337125,0.028715305,Yes,No,Normal,Safe,Stable
10-01-2024 17:00,January,275.82,95.27,2,27.47,6.34,7.98,3.3,1,1,0,0,29.1,33.9,24.1,0.51,1,10.63157895,1.842105263,8.32495704,0.37799959,0.031926269,No,No,Normal,Safe,Stable
10-01-2024 18:00,January,275.82,95.27,2,27.47,6.34,7.98,3.3,1,1,0,0,29.1,33.9,24.1,0.51,1,10.68421053,1.578947368,8.295751339,0.380662055,0.035137233,Yes,No,Normal,Safe,Stable
10-01-2024 19:00,January,275.82,95.27,2,27.47,6.34,7.98,3.3,1,1,1,0,29.1,33.9,24.1,0.51,1,10.73684211,1.315789474,8.266545638,0.383324521,0.038348197,No,No,Normal,Safe,Stable
10-01-2024 20:00,January,275.82,95.27,2,27.47,6.34,7.98,3.3,1,1,0,0,29.1,33.9,24.1,0.51,1,10.78947368,1.052631579,8.237339937,0.385986986,0.041559162,Yes,No,Normal,Safe,Stable
10-01-2024 21:00,January,275.82,95.27,2,27.47,6.34,7.98,3.3,1,1,0,0,29.1,33.9,24.1,0.51,1,10.84210526,0.789473684,8.208134236,0.388649451,0.044770126,No,No,Normal,Safe,Stable
10-01-2024 22:00,January,275.82,95.27,2,27.47,6.34,7.98,3.3,1,1,0,0,29.1,33.9,24.1,0.51,1,10.89473684,0.526315789,8.178928534,0.391311917,0.04798109,Yes,No,Normal,Safe,Stable
10-01-2024 23:00,January,275.82,95.27,2,27.47,6.34,7.98,3.3,1,1,0,0,29.1,33.9,24.1,0.51,1,10.94736842,0.263157895,8.149722833,0.393974382,0.051192054,No,No,Normal,Safe,Stable
11-01-2024 00:00,January,275.82,95.27,2,27.47,6.34,7.98,3.3,1,1,0,0,29.1,33.9,24.1,0.51,1,11,0,8.120517132,0.396636847,0.054403019,Yes,No,Normal,Safe,Stable
11-01-2024 01:00,January,275.82,95.27,2,27.47,6.34,7.98,3.3,1,1,0,0,29.1,33.9,24.1,0.51,1,11,1,8.359706552,0.319770385,0.120916302,No,No,Normal,Safe,Stable
11-01-2024 02:00,January,275.82,95.27,2,27.47,6.34,7.98,3.3,1,1,0,0,29.1,33.9,24.1,0.51,1,11,2,8.195204083,0.301151148,0.457847636,Yes,No,Normal,Safe,Stable
11-01-2024 03:00,January,275.82,95.27,2,27.47,6.34,7.98,3.3,1,1,0,0,29.1,33.9,24.1,0.51,1,11,3,7.989376456,0.232554294,0.972442891,No,No,Normal,Safe,Stable
11-01-2024 04:00,January,275.82,95.27,2,27.47,6.34,7.98,3.3,1,1,1,0,29.1,33.9,24.1,0.51,1,11,4,8.235472522,0.314350562,0.964923452,Yes,No,Normal,Safe,Stable
11-01-2024 05:00,January,275.82,95.27,2,27.47,6.34,7.98,3.3,1,1,0,0,29.1,33.9,24.1,0.51,1,11,5,8.113665903,0.394050891,0.019636913,No,No,Normal,Safe,Stable
11-01-2024 06:00,January,275.82,95.27,2,27.47,6.34,7.98,3.3,1,1,1,0,29.1,33.9,24.1,0.51,1,11.05263158,4.736842105,8.121886707,0.393162926,0.019150537,Yes,No,Normal,Safe,Stable
11-01-2024 07:00,January,275.82,95.27,2,27.47,6.34,7.98,3.3,1,1,0,1,29.1,33.9,24.1,0.51,1,11.10526316,4.473684211,8.130107512,0.392274961,0.018664161,No,No,Normal,Safe,Stable
11-01-2024 08:00,January,275.82,95.27,2,27.47,6.34,7.98,3.3,1,1,0,0,29.1,33.9,24.1,0.51,1,11.15789474,4.210526316,8.138328316,0.391386996,0.018177786,Yes,No,Normal,Safe,Stable
11-01-2024 09:00,January,275.82,95.27,2,27.47,6.34,7.98,3.3,1,1,1,0,29.1,33.9,24.1,0.51,1,11.21052632,3.947368421,8.146549121,0.390499031,0.01769141,No,No,Normal,Safe,Stable
11-01-2024 10:00,January,275.82,95.27,2,27.47,6.34,7.98,3.3,1,1,0,0,29.1,33.9,24.1,0.51,1,11.26315789,3.684210526,8.154769925,0.389611066,0.017205035,Yes,No,Normal,Safe,Stable
11-01-2024 11:00,January,275.82,95.27,2,27.47,6.34,7.98,3.3,1,1,0,0,29.1,33.9,24.1,0.51,1,11.31578947,3.421052632,8.16299073,0.388723101,0.016718659,No,No,Normal,Safe,Stable
11-01-2024 12:00,January,275.82,95.27,2,27.47,6.34,7.98,3.3,1,1,0,1,29.1,33.9,24.1,0.51,1,11.36842105,3.157894737,8.171211534,0.387835136,0.016232283,Yes,No,Normal,Safe,Stable
11-01-2024 13:00,January,275.82,95.27,2,27.47,6.34,7.98,3.3,1,1,0,0,29.1,33.9,24.1,0.51,1,11.42105263,2.894736842,8.179432339,0.386947171,0.015745908,No,No,Normal,Safe,Stable
11-01-2024 14:00,January,275.82,95.27,2,27.47,6.34,7.98,3.3,1,1,1,0,29.1,33.9,24.1,0.51,1,11.47368421,2.631578947,8.187653143,0.386059207,0.015259532,Yes,No,Normal,Safe,Stable
11-01-2024 15:00,January,275.82,95.27,2,27.47,6.34,7.98,3.3,1,1,0,1,29.1,33.9,24.1,0.51,1,11.52631579,2.368421053,8.195873948,0.385171242,0.014773156,No,No,Normal,Safe,Stable
11-01-2024 16:00,January,275.82,95.27,2,27.47,6.34,7.98,3.3,1,1,0,0,29.1,33.9,24.1,0.51,1,11.57894737,2.105263158,8.204094752,0.384283277,0.014286781,Yes,No,Normal,Safe,Stable
11-01-2024 17:00,January,275.82,95.27,2,27.47,6.34,7.98,3.3,1,1,0,0,29.1,33.9,24.1,0.51,1,11.63157895,1.842105263,8.212315557,0.383395312,0.013800405,No,No,Normal,Safe,Stable
11-01-2024 18:00,January,275.82,95.27,2,27.47,6.34,7.98,3.3,1,1,1,0,29.1,33.9,24.1,0.51,1,11.68421053,1.578947368,8.220536361,0.382507347,0.013314029,Yes,No,Normal,Safe,Stable
11-01-2024 19:00,January,275.82,95.27,2,27.47,6.34,7.98,3.3,1,1,0,0,29.1,33.9,24.1,0.51,1,11.73684211,1.315789474,8.228757166,0.381619382,0.012827654,No,No,Normal,Safe,Stable
11-01-2024 20:00,January,275.82,95.27,2,27.47,6.34,7.98,3.3,1,1,0,0,29.1,33.9,24.1,0.51,1,11.78947368,1.052631579,8.23697797,0.380731417,0.012341278,Yes,No,Normal,Safe,Stable
11-01-2024 21:00,January,275.82,95.27,2,27.47,6.34,7.98,3.3,1,1,0,0,29.1,33.9,24.1,0.51,1,11.84210526,0.789473684,8.245198775,0.379843452,0.011854903,No,No,Normal,Safe,Stable
11-01-2024 22:00,January,275.82,95.27,2,27.47,6.34,7.98,3.3,1,1,1,0,29.1,33.9,24.1,0.51,1,11.89473684,0.526315789,8.253419579,0.378955487,0.011368527,Yes,No,Normal,Safe,Stable
11-01-2024 23:00,January,275.82,95.27,2,27.47,6.34,7.98,3.3,1,1,1,0,29.1,33.9,24.1,0.51,1,11.94736842,0.263157895,8.261640384,0.378067522,0.010882151,No,No,Normal,Safe,Stable
12-01-2024 00:00,January,275.82,95.27,2,27.47,6.34,7.98,3.3,1,1,0,0,29.1,33.9,24.1,0.51,1,12,0,8.269861188,0.377179557,0.010395776,Yes,No,Normal,Safe,Stable
12-01-2024 01:00,January,275.82,95.27,2,27.47,6.34,7.98,3.3,1,1,1,0,29.1,33.9,24.1,0.51,1,12,1,8.158530877,0.340209652,0.169093154,No,No,Normal,Safe,Stable
12-01-2024 02:00,January,275.82,95.27,2,27.47,6.34,7.98,3.3,1,1,1,0,29.1,33.9,24.1,0.51,1,12,2,7.86451824,0.964513135,-0.014499175,Yes,No,Normal,Safe,Stable
12-01-2024 03:00,January,275.82,95.27,2,27.47,6.34,7.98,3.3,1,1,1,0,29.1,33.9,24.1,0.51,1,12,3,8.101483759,0.279147946,0.946282169,No,No,Normal,Safe,Stable
12-01-2024 04:00,January,275.82,95.27,2,27.47,6.34,7.98,3.3,1,1,0,0,29.1,33.9,24.1,0.51,1,12,4,8.16521192,0.326080564,0.881062089,Yes,No,Normal,Safe,Stable
12-01-2024 05:00,January,275.82,95.27,2,27.47,6.34,7.98,3.3,1,1,0,0,29.1,33.9,24.1,0.51,1,12,5,8.127186048,0.376908951,0.030847126,No,No,Normal,Safe,Stable
12-01-2024 06:00,January,275.82,95.27,2,27.47,6.34,7.98,3.3,1,1,0,0,29.1,33.9,24.1,0.51,1,12.05263158,4.736842105,8.123609265,0.378723919,0.030019406,Yes,No,Normal,Safe,Stable
12-01-2024 07:00,January,275.82,95.27,2,27.47,6.34,7.98,3.3,1,1,0,0,29.1,33.9,24.1,0.51,1,12.10526316,4.473684211,8.120032483,0.380538888,0.029191686,No,No,Normal,Safe,Stable
12-01-2024 08:00,January,275.82,95.27,2,27.47,6.34,7.98,3.3,1,1,1,0,29.1,33.9,24.1,0.51,1,12.15789474,4.210526316,8.116455701,0.382353856,0.028363967,Yes,No,Normal,Safe,Stable
12-01-2024 09:00,January,275.82,95.27,2,27.47,6.34,7.98,3.3,1,1,0,0,29.1,33.9,24.1,0.51,1,12.21052632,3.947368421,8.112878919,0.384168824,0.027536247,No,No,Normal,Safe,Stable
12-01-2024 10:00,January,275.82,95.27,2,27.47,6.34,7.98,3.3,1,1,0,0,29.1,33.9,24.1,0.51,1,12.26315789,3.684210526,8.109302136,0.385983793,0.026708528,Yes,No,Normal,Safe,Stable
12-01-2024 11:00,January,275.82,95.27,2,27.47,6.34,7.98,3.3,1,1,0,0,29.1,33.9,24.1,0.51,1,12.31578947,3.421052632,8.105725354,0.387798761,0.025880808,No,No,Normal,Safe,Stable
12-01-2024 12:00,January,275.82,95.27,2,27.47,6.34,7.98,3.3,1,1,0,0,29.1,33.9,24.1,0.51,1,12.36842105,3.157894737,8.102148572,0.389613729,0.025053088,Yes,No,Normal,Safe,Stable
12-01-2024 13:00,January,275.82,95.27,2,27.47,6.34,7.98,3.3,1,1,0,0,29.1,33.9,24.1,0.51,1,12.42105263,2.894736842,8.09857179,0.391428698,0.024225369,No,No,Normal,Safe,Stable
12-01-2024 14:00,January,275.82,95.27,2,27.47,6.34,7.98,3.3,1,1,0,0,29.1,33.9,24.1,0.51,1,12.47368421,2.631578947,8.094995007,0.393243666,0.023397649,Yes,No,Normal,Safe,Stable
12-01-2024 15:00,January,275.82,95.27,2,27.47,6.34,7.98,3.3,1,1,0,0,29.1,33.9,24.1,0.51,1,12.52631579,2.368421053,8.091418225,0.395058634,0.02256993,No,No,Normal,Safe,Stable
12-01-2024 16:00,January,275.82,95.27,2,27.47,6.34,7.98,3.3,1,1,1,0,29.1,33.9,24.1,0.51,1,12.57894737,2.105263158,8.087841443,0.396873603,0.02174221,Yes,No,Normal,Safe,Stable
12-01-2024 17:00,January,275.82,95.27,2,27.47,6.34,7.98,3.3,1,1,0,0,29.1,33.9,24.1,0.51,1,12.63157895,1.842105263,8.084264661,0.398688571,0.020914491,No,No,Normal,Safe,Stable
12-01-2024 18:00,January,275.82,95.27,2,27.47,6.34,7.98,3.3,1,1,0,0,29.1,33.9,24.1,0.51,1,12.68421053,1.578947368,8.080687879,0.400503539,0.020086771,Yes,No,Normal,Safe,Stable
12-01-2024 19:00,January,275.82,95.27,2,27.47,6.34,7.98,3.3,1,1,0,0,29.1,33.9,24.1,0.51,1,12.73684211,1.315789474,8.077111096,0.402318508,0.019259051,No,No,Normal,Safe,Stable
12-01-2024 20:00,January,275.82,95.27,2,27.47,6.34,7.98,3.3,1,1,0,0,29.1,33.9,24.1,0.51,1,12.78947368,1.052631579,8.073534314,0.404133476,0.018431332,Yes,No,Normal,Safe,Stable
12-01-2024 21:00,January,275.82,95.27,2,27.47,6.34,7.98,3.3,1,1,0,0,29.1,33.9,24.1,0.51,1,12.84210526,0.789473684,8.069957532,0.405948444,0.017603612,No,No,Normal,Safe,Stable
12-01-2024 22:00,January,275.82,95.27,2,27.47,6.34,7.98,3.3,1,1,0,0,29.1,33.9,24.1,0.51,1,12.89473684,0.526315789,8.06638075,0.407763413,0.016775893,Yes,No,Normal,Safe,Stable
12-01-2024 23:00,January,275.82,95.27,2,27.47,6.34,7.98,3.3,1,1,1,0,29.1,33.9,24.1,0.51,1,12.94736842,0.263157895,8.062803967,0.409578381,0.015948173,No,No,Normal,Safe,Stable
13-01-2024 00:00,January,275.82,95.27,2,27.47,6.34,7.98,3.3,1,1,0,0,29.1,33.9,24.1,0.51,1,13,0,8.059227185,0.411393349,0.015120453,Yes,No,Normal,Safe,Stable
13-01-2024 01:00,January,275.82,95.27,2,27.47,6.34,7.98,3.3,1,1,0,0,29.1,33.9,24.1,0.51,1,13,1,8.191223803,0.334622204,0.141940198,No,No,Normal,Safe,Stable
13-01-2024 02:00,January,275.82,95.27,2,27.47,6.34,7.98,3.3,1,1,0,0,29.1,33.9,24.1,0.51,1,13,2,8.049371731,0.964998027,0.02644334,Yes,No,Normal,Safe,Stable
13-01-2024 03:00,January,275.82,95.27,2,27.47,6.34,7.98,3.3,1,1,0,1,29.1,33.9,24.1,0.51,1,13,3,8.436842613,0.260648338,0.827790047,No,No,Normal,Safe,Stable
13-01-2024 04:00,January,275.82,95.27,2,27.47,6.34,7.98,3.3,1,1,0,0,29.1,33.9,24.1,0.51,1,13,4,8.15979576,0.946130694,-0.010820271,Yes,No,Normal,Safe,Stable
13-01-2024 05:00,January,275.82,95.27,2,27.47,6.34,7.98,3.3,1,1,0,0,29.1,33.9,24.1,0.51,1,13,5,8.049761183,0.389340967,0.034678325,No,No,Normal,Safe,Stable
13-01-2024 06:00,January,275.82,95.27,2,27.47,6.34,7.98,3.3,1,1,1,0,29.1,33.9,24.1,0.51,1,13.05263158,4.736842105,8.0600399,0.389633496,0.034156712,Yes,No,Normal,Safe,Stable
13-01-2024 07:00,January,275.82,95.27,2,27.47,6.34,7.98,3.3,1,1,1,0,29.1,33.9,24.1,0.51,1,13.10526316,4.473684211,8.070318616,0.389926026,0.033635099,No,No,Normal,Safe,Stable
13-01-2024 08:00,January,275.82,95.27,2,27.47,6.34,7.98,3.3,1,1,0,0,29.1,33.9,24.1,0.51,1,13.15789474,4.210526316,8.080597333,0.390218555,0.033113487,Yes,No,Normal,Safe,Stable
13-01-2024 09:00,January,275.82,95.27,2,27.47,6.34,7.98,3.3,1,1,1,0,29.1,33.9,24.1,0.51,1,13.21052632,3.947368421,8.09087605,0.390511084,0.032591874,No,No,Normal,Safe,Stable
13-01-2024 10:00,January,275.82,95.27,2,27.47,6.34,7.98,3.3,1,1,1,0,29.1,33.9,24.1,0.51,1,13.26315789,3.684210526,8.101154766,0.390803613,0.032070261,Yes,No,Normal,Safe,Stable
13-01-2024 11:00,January,275.82,95.27,2,27.47,6.34,7.98,3.3,1,1,0,0,29.1,33.9,24.1,0.51,1,13.31578947,3.421052632,8.111433483,0.391096143,0.031548649,No,No,Normal,Safe,Stable
13-01-2024 12:00,January,275.82,95.27,2,27.47,6.34,7.98,3.3,1,1,0,0,29.1,33.9,24.1,0.51,1,13.36842105,3.157894737,8.1217122,0.391388672,0.031027036,Yes,No,Normal,Safe,Stable
13-01-2024 13:00,January,275.82,95.27,2,27.47,6.34,7.98,3.3,1,1,0,0,29.1,33.9,24.1,0.51,1,13.42105263,2.894736842,8.131990916,0.391681201,0.030505423,No,No,Normal,Safe,Stable
13-01-2024 14:00,January,275.82,95.27,2,27.47,6.34,7.98,3.3,1,1,1,1,29.1,33.9,24.1,0.51,1,13.47368421,2.631578947,8.142269633,0.391973731,0.02998381,Yes,No,Normal,Safe,Stable
13-01-2024 15:00,January,275.82,95.27,2,27.47,6.34,7.98,3.3,1,1,0,0,29.1,33.9,24.1,0.51,1,13.52631579,2.368421053,8.15254835,0.39226626,0.029462198,No,No,Normal,Safe,Stable
13-01-2024 16:00,January,275.82,95.27,2,27.47,6.34,7.98,3.3,1,1,0,0,29.1,33.9,24.1,0.51,1,13.57894737,2.105263158,8.162827066,0.392558789,0.028940585,Yes,No,Normal,Safe,Stable
13-01-2024 17:00,January,275.82,95.27,2,27.47,6.34,7.98,3.3,1,1,0,0,29.1,33.9,24.1,0.51,1,13.63157895,1.842105263,8.173105783,0.392851319,0.028418972,No,No,Normal,Safe,Stable
13-01-2024 18:00,January,275.82,95.27,2,27.47,6.34,7.98,3.3,1,1,0,0,29.1,33.9,24.1,0.51,1,13.68421053,1.578947368,8.1833845,0.393143848,0.02789736,Yes,No,Normal,Safe,Stable
13-01-2024 19:00,January,275.82,95.27,2,27.47,6.34,7.98,3.3,1,1,0,0,29.1,33.9,24.1,0.51,1,13.73684211,1.315789474,8.193663216,0.393436377,0.027375747,No,No,Normal,Safe,Stable
13-01-2024 20:00,January,275.82,95.27,2,27.47,6.34,7.98,3.3,1,1,0,0,29.1,33.9,24.1,0.51,1,13.78947368,1.052631579,8.203941933,0.393728907,0.026854134,Yes,No,Normal,Safe,Stable
13-01-2024 21:00,January,275.82,95.27,2,27.47,6.34,7.98,3.3,1,1,1,0,29.1,33.9,24.1,0.51,1,13.84210526,0.789473684,8.21422065,0.394021436,0.026332521,No,No,Normal,Safe,Stable
13-01-2024 22:00,January,275.82,95.27,2,27.47,6.34,7.98,3.3,1,1,1,0,29.1,33.9,24.1,0.51,1,13.89473684,0.526315789,8.224499367,0.394313965,0.025810909,Yes,No,Normal,Safe,Stable
13-01-2024 23:00,January,275.82,95.27,2,27.47,6.34,7.98,3.3,1,1,0,0,29.1,33.9,24.1,0.51,1,13.94736842,0.263157895,8.234778083,0.394606495,0.025289296,No,No,Normal,Safe,Stable
14-01-2024 00:00,January,275.82,95.27,2,27.47,6.34,7.98,3.3,1,1,0,0,29.1,33.9,24.1,0.51,1,14,0,8.2450568,0.394899024,0.024767683,Yes,No,Normal,Safe,Stable
14-01-2024 01:00,January,275.82,95.27,2,27.47,6.34,7.98,3.3,1,1,0,0,29.1,33.9,24.1,0.51,1,14,1,7.797138405,0.964036075,-0.021379861,No,No,Normal,Safe,Stable
14-01-2024 02:00,January,275.82,95.27,2,27.47,6.34,7.98,3.3,1,1,0,0,29.1,33.9,24.1,0.51,1,14,2,8.028949943,0.992262417,-0.02637166,Yes,No,Normal,Safe,Stable
14-01-2024 03:00,January,275.82,95.27,2,27.47,6.34,7.98,3.3,1,1,1,0,29.1,33.9,24.1,0.51,1,14,3,7.988327822,0.964235377,0.017135149,No,No,Normal,Safe,Stable
14-01-2024 04:00,January,275.82,95.27,2,27.47,6.34,7.98,3.3,1,1,0,0,29.1,33.9,24.1,0.51,1,14,4,8.466929733,0.206975856,0.980041384,Yes,No,Normal,Safe,Stable
14-01-2024 05:00,January,275.82,95.27,2,27.47,6.34,7.98,3.3,1,1,0,0,29.1,33.9,24.1,0.51,1,14,5,8.264153341,0.391267765,0.02505306,No,No,Normal,Safe,Stable
14-01-2024 06:00,January,275.82,95.27,2,27.47,6.34,7.98,3.3,1,1,0,0,29.1,33.9,24.1,0.51,1,14.05263158,4.736842105,8.262321928,0.392827158,0.023280487,Yes,No,Normal,Safe,Stable
14-01-2024 07:00,January,275.82,95.27,2,27.47,6.34,7.98,3.3,1,1,0,0,29.1,33.9,24.1,0.51,1,14.10526316,4.473684211,8.260490515,0.39438655,0.021507915,No,No,Normal,Safe,Stable
14-01-2024 08:00,January,275.82,95.27,2,27.47,6.34,7.98,3.3,1,1,0,0,29.1,33.9,24.1,0.51,1,14.15789474,4.210526316,8.258659101,0.395945942,0.019735342,Yes,No,Normal,Safe,Stable
14-01-2024 09:00,January,275.82,95.27,2,27.47,6.34,7.98,3.3,1,1,0,1,29.1,33.9,24.1,0.51,1,14.21052632,3.947368421,8.256827688,0.397505334,0.017962769,No,No,Normal,Safe,Stable
14-01-2024 10:00,January,275.82,95.27,2,27.47,6.34,7.98,3.3,1,1,0,0,29.1,33.9,24.1,0.51,1,14.26315789,3.684210526,8.254996274,0.399064726,0.016190196,Yes,No,Normal,Safe,Stable
14-01-2024 11:00,January,275.82,95.27,2,27.47,6.34,7.98,3.3,1,1,0,0,29.1,33.9,24.1,0.51,1,14.31578947,3.421052632,8.253164861,0.400624119,0.014417623,No,No,Normal,Safe,Stable
14-01-2024 12:00,January,275.82,95.27,2,27.47,6.34,7.98,3.3,1,1,0,0,29.1,33.9,24.1,0.51,1,14.36842105,3.157894737,8.251333448,0.402183511,0.01264505,Yes,No,Normal,Safe,Stable
14-01-2024 13:00,January,275.82,95.27,2,27.47,6.34,7.98,3.3,1,1,0,1,29.1,33.9,24.1,0.51,1,14.42105263,2.894736842,8.249502034,0.403742903,0.010872477,No,No,Normal,Safe,Stable
14-01-2024 14:00,January,275.82,95.27,2,27.47,6.34,7.98,3.3,1,1,0,1,29.1,33.9,24.1,0.51,1,14.47368421,2.631578947,8.247670621,0.405302295,0.009099904,Yes,No,Normal,Safe,Stable
14-01-2024 15:00,January,275.82,95.27,2,27.47,6.34,7.98,3.3,1,1,0,1,29.1,33.9,24.1,0.51,1,14.52631579,2.368421053,8.245839207,0.406861687,0.007327331,No,No,Normal,Safe,Stable
14-01-2024 16:00,January,275.82,95.27,2,27.47,6.34,7.98,3.3,1,1,0,0,29.1,33.9,24.1,0.51,1,14.57894737,2.105263158,8.244007794,0.40842108,0.005554758,Yes,No,Normal,Safe,Stable
14-01-2024 17:00,January,275.82,95.27,2,27.47,6.34,7.98,3.3,1,1,0,0,29.1,33.9,24.1,0.51,1,14.63157895,1.842105263,8.242176381,0.409980472,0.003782186,No,No,Normal,Safe,Stable
14-01-2024 18:00,January,275.82,95.27,2,27.47,6.34,7.98,3.3,1,1,0,1,29.1,33.9,24.1,0.51,1,14.68421053,1.578947368,8.240344967,0.411539864,0.002009613,Yes,No,Normal,Safe,Stable
14-01-2024 19:00,January,275.82,95.27,2,27.47,6.34,7.98,3.3,1,1,0,1,29.1,33.9,24.1,0.51,1,14.73684211,1.315789474,8.238513554,0.413099256,0.00023704,No,No,Normal,Safe,Stable
14-01-2024 20:00,January,275.82,95.27,2,27.47,6.34,7.98,3.3,1,1,0,0,29.1,33.9,24.1,0.51,1,14.78947368,1.052631579,8.23668214,0.414658648,-0.001535533,Yes,No,Normal,Safe,Stable
14-01-2024 21:00,January,275.82,95.27,2,27.47,6.34,7.98,3.3,1,1,0,0,29.1,33.9,24.1,0.51,1,14.84210526,0.789473684,8.234850727,0.416218041,-0.003308106,No,No,Normal,Safe,Stable
14-01-2024 22:00,January,275.82,95.27,2,27.47,6.34,7.98,3.3,1,1,0,0,29.1,33.9,24.1,0.51,1,14.89473684,0.526315789,8.233019314,0.417777433,-0.005080679,Yes,No,Normal,Safe,Stable
14-01-2024 23:00,January,275.82,95.27,2,27.47,6.34,7.98,3.3,1,1,0,0,29.1,33.9,24.1,0.51,1,14.94736842,0.263157895,8.2311879,0.419336825,-0.006853252,No,No,Normal,Safe,Stable
15-01-2024 00:00,January,275.82,95.27,2,27.47,6.34,7.98,3.3,1,1,1,0,29.1,33.9,24.1,0.51,1,15,0,8.229356487,0.420896217,-0.008625825,Yes,No,Normal,Safe,Stable
15-01-2024 01:00,January,275.82,95.27,2,27.47,6.34,7.98,3.3,1,1,1,0,29.1,33.9,24.1,0.51,1,15,1,8.096629596,0.33157972,0.148068987,No,No,Normal,Safe,Stable
15-01-2024 02:00,January,275.82,95.27,2,27.47,6.34,7.98,3.3,1,1,1,0,29.1,33.9,24.1,0.51,1,15,2,8.158864341,0.947461089,0.015594333,Yes,No,Normal,Safe,Stable
15-01-2024 03:00,January,275.82,95.27,2,27.47,6.34,7.98,3.3,1,1,0,0,29.1,33.9,24.1,0.51,1,15,3,7.984791728,0.986317385,-0.011743504,No,No,Normal,Safe,Stable
15-01-2024 04:00,January,275.82,95.27,2,27.47,6.34,7.98,3.3,1,1,0,0,29.1,33.9,24.1,0.51,1,15,4,8.40928603,0.293746035,0.852570637,Yes,No,Normal,Safe,Stable
15-01-2024 05:00,January,275.82,95.27,2,27.47,6.34,7.98,3.3,1,1,0,0,29.1,33.9,24.1,0.51,1,15,5,8.279614148,0.403893346,0.029202357,No,No,Normal,Safe,Stable
15-01-2024 06:00,January,275.82,95.27,2,27.47,6.34,7.98,3.3,1,1,0,0,29.1,33.9,24.1,0.51,1,15.05263158,4.736842105,8.27690369,0.405183835,0.0282371,Yes,No,Normal,Safe,Stable
15-01-2024 07:00,January,275.82,95.27,2,27.47,6.34,7.98,3.3,1,1,1,0,29.1,33.9,24.1,0.51,1,15.10526316,4.473684211,8.274193233,0.406474325,0.027271843,No,No,Normal,Safe,Stable
15-01-2024 08:00,January,275.82,95.27,2,27.47,6.34,7.98,3.3,1,1,1,0,29.1,33.9,24.1,0.51,1,15.15789474,4.210526316,8.271482776,0.407764814,0.026306587,Yes,No,Normal,Safe,Stable
15-01-2024 09:00,January,275.82,95.27,2,27.47,6.34,7.98,3.3,1,1,0,0,29.1,33.9,24.1,0.51,1,15.21052632,3.947368421,8.268772319,0.409055304,0.02534133,No,No,Normal,Safe,Stable
15-01-2024 10:00,January,275.82,95.27,2,27.47,6.34,7.98,3.3,1,1,0,0,29.1,33.9,24.1,0.51,1,15.26315789,3.684210526,8.266061862,0.410345794,0.024376073,Yes,No,Normal,Safe,Stable
15-01-2024 11:00,January,275.82,95.27,2,27.47,6.34,7.98,3.3,1,1,0,0,29.1,33.9,24.1,0.51,1,15.31578947,3.421052632,8.263351404,0.411636283,0.023410816,No,No,Normal,Safe,Stable
15-01-2024 12:00,January,275.82,95.27,2,27.47,6.34,7.98,3.3,1,1,0,0,29.1,33.9,24.1,0.51,1,15.36842105,3.157894737,8.260640947,0.412926773,0.022445559,Yes,No,Normal,Safe,Stable
15-01-2024 13:00,January,275.82,95.27,2,27.47,6.34,7.98,3.3,1,1,0,0,29.1,33.9,24.1,0.51,1,15.42105263,2.894736842,8.25793049,0.414217263,0.021480302,No,No,Normal,Safe,Stable
15-01-2024 14:00,January,275.82,95.27,2,27.47,6.34,7.98,3.3,1,1,0,0,29.1,33.9,24.1,0.51,1,15.47368421,2.631578947,8.255220033,0.415507752,0.020515045,Yes,No,Normal,Safe,Stable
15-01-2024 15:00,January,275.82,95.27,2,27.47,6.34,7.98,3.3,1,1,0,0,29.1,33.9,24.1,0.51,1,15.52631579,2.368421053,8.252509576,0.416798242,0.019549788,No,No,Normal,Safe,Stable
15-01-2024 16:00,January,275.82,95.27,2,27.47,6.34,7.98,3.3,1,1,0,1,29.1,33.9,24.1,0.51,1,15.57894737,2.105263158,8.249799118,0.418088731,0.018584531,Yes,No,Normal,Safe,Stable
15-01-2024 17:00,January,275.82,95.27,2,27.47,6.34,7.98,3.3,1,1,0,0,29.1,33.9,24.1,0.51,1,15.63157895,1.842105263,8.247088661,0.419379221,0.017619274,No,No,Normal,Safe,Stable
15-01-2024 18:00,January,275.82,95.27,2,27.47,6.34,7.98,3.3,1,1,0,0,29.1,33.9,24.1,0.51,1,15.68421053,1.578947368,8.244378204,0.420669711,0.016654018,Yes,No,Normal,Safe,Stable
15-01-2024 19:00,January,275.82,95.27,2,27.47,6.34,7.98,3.3,1,1,1,0,29.1,33.9,24.1,0.51,1,15.73684211,1.315789474,8.241667747,0.4219602,0.015688761,No,No,Normal,Safe,Stable
15-01-2024 20:00,January,275.82,95.27,2,27.47,6.34,7.98,3.3,1,1,1,0,29.1,33.9,24.1,0.51,1,15.78947368,1.052631579,8.238957289,0.42325069,0.014723504,Yes,No,Normal,Safe,Stable
15-01-2024 21:00,January,275.82,95.27,2,27.47,6.34,7.98,3.3,1,1,0,0,29.1,33.9,24.1,0.51,1,15.84210526,0.789473684,8.236246832,0.424541179,0.013758247,No,No,Normal,Safe,Stable
15-01-2024 22:00,January,275.82,95.27,2,27.47,6.34,7.98,3.3,1,1,0,1,29.1,33.9,24.1,0.51,1,15.89473684,0.526315789,8.233536375,0.425831669,0.01279299,Yes,No,Normal,Safe,Stable
15-01-2024 23:00,January,275.82,95.27,2,27.47,6.34,7.98,3.3,1,1,0,0,29.1,33.9,24.1,0.51,1,15.94736842,0.263157895,8.230825918,0.427122159,0.011827733,No,No,Normal,Safe,Stable
16-01-2024 00:00,January,275.82,95.27,2,27.47,6.34,7.98,3.3,1,1,0,0,29.1,33.9,24.1,0.51,1,16,0,8.228115461,0.428412648,0.010862476,Yes,No,Normal,Safe,Stable
16-01-2024 01:00,January,275.82,95.27,2,27.47,6.34,7.98,3.3,1,1,0,0,29.1,33.9,24.1,0.51,1,16,1,7.865693783,0.349728616,0.100419853,No,No,Normal,Safe,Stable
16-01-2024 02:00,January,275.82,95.27,2,27.47,6.34,7.98,3.3,1,1,0,0,29.1,33.9,24.1,0.51,1,16,2,8.507010938,0.344139381,0.453422724,Yes,No,Normal,Safe,Stable
16-01-2024 03:00,January,275.82,95.27,2,27.47,6.34,7.98,3.3,1,1,0,0,29.1,33.9,24.1,0.51,1,16,3,8.365792832,0.26750943,0.937241467,No,No,Normal,Safe,Stable
16-01-2024 04:00,January,275.82,95.27,2,27.47,6.34,7.98,3.3,1,1,0,1,29.1,33.9,24.1,0.51,1,16,4,8.308606924,0.267392505,0.832651117,Yes,No,Normal,Safe,Stable
16-01-2024 05:00,January,275.82,95.27,2,27.47,6.34,7.98,3.3,1,1,0,0,29.1,33.9,24.1,0.51,1,16,5,8.32010396,0.406533324,0.030925722,No,No,Normal,Safe,Stable
16-01-2024 06:00,January,275.82,95.27,2,27.47,6.34,7.98,3.3,1,1,0,1,29.1,33.9,24.1,0.51,1,16.05263158,4.736842105,8.278234846,0.436927898,0.029358711,Yes,No,Normal,Safe,Stable
16-01-2024 07:00,January,275.82,95.27,2,27.47,6.34,7.98,3.3,1,1,1,0,29.1,33.9,24.1,0.51,1,16.10526316,4.473684211,8.236365732,0.467322472,0.0277917,No,No,Normal,Safe,Stable
16-01-2024 08:00,January,275.82,95.27,2,27.47,6.34,7.98,3.3,1,1,0,0,29.1,33.9,24.1,0.51,1,16.15789474,4.210526316,8.194496617,0.497717046,0.026224689,Yes,No,Normal,Safe,Stable
16-01-2024 09:00,January,275.82,95.27,2,27.47,6.34,7.98,3.3,1,1,1,0,29.1,33.9,24.1,0.51,1,16.21052632,3.947368421,8.152627503,0.52811162,0.024657678,No,No,Normal,Safe,Stable
16-01-2024 10:00,January,275.82,95.27,2,27.47,6.34,7.98,3.3,1,1,0,0,29.1,33.9,24.1,0.51,1,16.26315789,3.684210526,8.110758388,0.558506194,0.023090666,Yes,No,Normal,Safe,Stable
16-01-2024 11:00,January,275.82,95.27,2,27.47,6.34,7.98,3.3,1,1,0,0,29.1,33.9,24.1,0.51,1,16.31578947,3.421052632,8.068889274,0.588900767,0.021523655,No,No,Normal,Safe,Stable
16-01-2024 12:00,January,275.82,95.27,2,27.47,6.34,7.98,3.3,1,1,0,0,29.1,33.9,24.1,0.51,1,16.36842105,3.157894737,8.027020159,0.619295341,0.019956644,Yes,No,Normal,Safe,Stable
16-01-2024 13:00,January,275.82,95.27,2,27.47,6.34,7.98,3.3,1,1,0,1,29.1,33.9,24.1,0.51,1,16.42105263,2.894736842,7.985151045,0.649689915,0.018389633,No,No,Normal,Safe,Stable
16-01-2024 14:00,January,275.82,95.27,2,27.47,6.34,7.98,3.3,1,1,0,1,29.1,33.9,24.1,0.51,1,16.47368421,2.631578947,7.94328193,0.680084489,0.016822621,Yes,No,Normal,Safe,Stable
16-01-2024 15:00,January,275.82,95.27,2,27.47,6.34,7.98,3.3,1,1,0,0,29.1,33.9,24.1,0.51,1,16.52631579,2.368421053,7.901412816,0.710479063,0.01525561,No,No,Normal,Safe,Stable
16-01-2024 16:00,January,275.82,95.27,2,27.47,6.34,7.98,3.3,1,1,1,1,29.1,33.9,24.1,0.51,1,16.57894737,2.105263158,7.859543701,0.740873637,0.013688599,Yes,No,Normal,Safe,Stable
16-01-2024 17:00,January,275.82,95.27,2,27.47,6.34,7.98,3.3,1,1,0,1,29.1,33.9,24.1,0.51,1,16.63157895,1.842105263,7.817674587,0.77126821,0.012121588,No,No,Normal,Safe,Stable
16-01-2024 18:00,January,275.82,95.27,2,27.47,6.34,7.98,3.3,1,1,0,0,29.1,33.9,24.1,0.51,1,16.68421053,1.578947368,7.775805472,0.801662784,0.010554577,Yes,No,Normal,Safe,Stable
16-01-2024 19:00,January,275.82,95.27,2,27.47,6.34,7.98,3.3,1,1,0,0,29.1,33.9,24.1,0.51,1,16.73684211,1.315789474,7.733936358,0.832057358,0.008987565,No,No,Normal,Safe,Stable
16-01-2024 20:00,January,275.82,95.27,2,27.47,6.34,7.98,3.3,1,1,0,0,29.1,33.9,24.1,0.51,1,16.78947368,1.052631579,7.692067243,0.862451932,0.007420554,Yes,No,Normal,Safe,Stable
16-01-2024 21:00,January,275.82,95.27,2,27.47,6.34,7.98,3.3,1,1,1,1,29.1,33.9,24.1,0.51,1,16.84210526,0.789473684,7.650198129,0.892846506,0.005853543,No,No,Normal,Safe,Stable
16-01-2024 22:00,January,275.82,95.27,2,27.47,6.34,7.98,3.3,1,1,0,0,29.1,33.9,24.1,0.51,1,16.89473684,0.526315789,7.608329014,0.92324108,0.004286532,Yes,No,Normal,Safe,Stable
16-01-2024 23:00,January,275.82,95.27,2,27.47,6.34,7.98,3.3,1,1,0,0,29.1,33.9,24.1,0.51,1,16.94736842,0.263157895,7.5664599,0.953635653,0.00271952,No,No,Normal,Safe,Stable
17-01-2024 00:00,January,275.82,95.27,2,27.47,6.34,7.98,3.3,1,1,0,0,29.1,33.9,24.1,0.51,1,17,0,7.524590786,0.984030227,0.001152509,Yes,No,Normal,Safe,Stable
17-01-2024 01:00,January,275.82,95.27,2,27.47,6.34,7.98,3.3,1,1,0,0,29.1,33.9,24.1,0.51,1,17,1,7.968204693,0.937644352,-0.008761063,No,No,Normal,Safe,Stable
17-01-2024 02:00,January,275.82,95.27,2,27.47,6.34,7.98,3.3,1,1,0,1,29.1,33.9,24.1,0.51,1,17,2,8.03197417,1.011412192,-0.022526733,Yes,No,Normal,Safe,Stable
17-01-2024 03:00,January,275.82,95.27,2,27.47,6.34,7.98,3.3,1,1,0,0,29.1,33.9,24.1,0.51,1,17,3,8.555616967,0.572317986,0.032374882,No,No,Normal,Safe,Stable
17-01-2024 04:00,January,275.82,95.27,2,27.47,6.34,7.98,3.3,1,1,0,0,29.1,33.9,24.1,0.51,1,17,4,7.659563786,0.956707709,-0.008766864,Yes,No,Normal,Safe,Stable
17-01-2024 05:00,January,275.82,95.27,2,27.47,6.34,7.98,3.3,1,1,0,0,29.1,33.9,24.1,0.51,1,17,5,8.139870273,0.381525329,0.000153004,No,No,Normal,Safe,Stable
17-01-2024 06:00,January,275.82,95.27,2,27.47,6.34,7.98,3.3,1,1,0,0,29.1,33.9,24.1,0.51,1,17.05263158,4.736842105,8.110056513,0.411264094,0.000238462,Yes,No,Normal,Safe,Stable
17-01-2024 07:00,January,275.82,95.27,2,27.47,6.34,7.98,3.3,1,1,0,1,29.1,33.9,24.1,0.51,1,17.10526316,4.473684211,8.080242754,0.44100286,0.00032392,No,No,Normal,Safe,Stable
17-01-2024 08:00,January,275.82,95.27,2,27.47,6.34,7.98,3.3,1,1,1,0,29.1,33.9,24.1,0.51,1,17.15789474,4.210526316,8.050428995,0.470741625,0.000409378,Yes,No,Normal,Safe,Stable
17-01-2024 09:00,January,275.82,95.27,2,27.47,6.34,7.98,3.3,1,1,1,0,29.1,33.9,24.1,0.51,1,17.21052632,3.947368421,8.020615235,0.500480391,0.000494836,No,No,Normal,Safe,Stable
17-01-2024 10:00,January,275.82,95.27,2,27.47,6.34,7.98,3.3,1,1,0,0,29.1,33.9,24.1,0.51,1,17.26315789,3.684210526,7.990801476,0.530219156,0.000580293,Yes,No,Normal,Safe,Stable
17-01-2024 11:00,January,275.82,95.27,2,27.47,6.34,7.98,3.3,1,1,0,1,29.1,33.9,24.1,0.51,1,17.31578947,3.421052632,7.960987716,0.559957922,0.000665751,No,No,Normal,Safe,Stable
17-01-2024 12:00,January,275.82,95.27,2,27.47,6.34,7.98,3.3,1,1,0,0,29.1,33.9,24.1,0.51,1,17.36842105,3.157894737,7.931173957,0.589696687,0.000751209,Yes,No,Normal,Safe,Stable
17-01-2024 13:00,January,275.82,95.27,2,27.47,6.34,7.98,3.3,1,1,0,0,29.1,33.9,24.1,0.51,1,17.42105263,2.894736842,7.901360197,0.619435453,0.000836667,No,No,Normal,Safe,Stable
17-01-2024 14:00,January,275.82,95.27,2,27.47,6.34,7.98,3.3,1,1,0,0,29.1,33.9,24.1,0.51,1,17.47368421,2.631578947,7.871546438,0.649174218,0.000922125,Yes,No,Normal,Safe,Stable
17-01-2024 15:00,January,275.82,95.27,2,27.47,6.34,7.98,3.3,1,1,0,0,29.1,33.9,24.1,0.51,1,17.52631579,2.368421053,7.841732678,0.678912984,0.001007583,No,No,Normal,Safe,Stable
17-01-2024 16:00,January,275.82,95.27,2,27.47,6.34,7.98,3.3,1,1,0,0,29.1,33.9,24.1,0.51,1,17.57894737,2.105263158,7.811918919,0.708651749,0.001093041,Yes,No,Normal,Safe,Stable
17-01-2024 17:00,January,275.82,95.27,2,27.47,6.34,7.98,3.3,1,1,0,1,29.1,33.9,24.1,0.51,1,17.63157895,1.842105263,7.782105159,0.738390515,0.001178499,No,No,Normal,Safe,Stable
17-01-2024 18:00,January,275.82,95.27,2,27.47,6.34,7.98,3.3,1,1,0,0,29.1,33.9,24.1,0.51,1,17.68421053,1.578947368,7.7522914,0.76812928,0.001263957,Yes,No,Normal,Safe,Stable
17-01-2024 19:00,January,275.82,95.27,2,27.47,6.34,7.98,3.3,1,1,0,0,29.1,33.9,24.1,0.51,1,17.73684211,1.315789474,7.72247764,0.797868046,0.001349415,No,No,Normal,Safe,Stable
17-01-2024 20:00,January,275.82,95.27,2,27.47,6.34,7.98,3.3,1,1,0,0,29.1,33.9,24.1,0.51,1,17.78947368,1.052631579,7.692663881,0.827606811,0.001434873,Yes,No,Normal,Safe,Stable
17-01-2024 21:00,January,275.82,95.27,2,27.47,6.34,7.98,3.3,1,1,0,0,29.1,33.9,24.1,0.51,1,17.84210526,0.789473684,7.662850121,0.857345577,0.001520331,No,No,Normal,Safe,Stable
17-01-2024 22:00,January,275.82,95.27,2,27.47,6.34,7.98,3.3,1,1,1,0,29.1,33.9,24.1,0.51,1,17.89473684,0.526315789,7.633036362,0.887084342,0.001605789,Yes,No,Normal,Safe,Stable
17-01-2024 23:00,January,275.82,95.27,2,27.47,6.34,7.98,3.3,1,1,0,0,29.1,33.9,24.1,0.51,1,17.94736842,0.263157895,7.603222602,0.916823108,0.001691247,No,No,Normal,Safe,Stable
18-01-2024 00:00,January,275.82,95.27,2,27.47,6.34,7.98,3.3,1,1,0,0,29.1,33.9,24.1,0.51,1,18,0,7.573408843,0.946561873,0.001776705,Yes,No,Normal,Safe,Stable
18-01-2024 01:00,January,275.82,95.27,2,27.47,6.34,7.98,3.3,1,1,0,0,29.1,33.9,24.1,0.51,1,18,1,8.265965969,0.300252174,0.146112951,No,No,Normal,Safe,Stable
18-01-2024 02:00,January,275.82,95.27,2,27.47,6.34,7.98,3.3,1,1,0,0,29.1,33.9,24.1,0.51,1,18,2,7.845797416,0.339343817,0.489406194,Yes,No,Normal,Safe,Stable
18-01-2024 03:00,January,275.82,95.27,2,27.47,6.34,7.98,3.3,1,1,0,0,29.1,33.9,24.1,0.51,1,18,3,8.3436589,0.333594832,0.902470059,No,No,Normal,Safe,Stable
18-01-2024 04:00,January,275.82,95.27,2,27.47,6.34,7.98,3.3,1,1,0,0,29.1,33.9,24.1,0.51,1,18,4,8.395878122,0.273743607,0.954587269,Yes,No,Normal,Safe,Stable
18-01-2024 05:00,January,275.82,95.27,2,27.47,6.34,7.98,3.3,1,1,0,0,29.1,33.9,24.1,0.51,1,18,5,8.293340129,0.41197909,-0.021476645,No,No,Normal,Safe,Stable
18-01-2024 06:00,January,275.82,95.27,2,27.47,6.34,7.98,3.3,1,1,0,0,29.1,33.9,24.1,0.51,1,18.05263158,4.736842105,8.290184032,0.411063118,-0.019945121,Yes,No,Normal,Safe,Stable
18-01-2024 07:00,January,275.82,95.27,2,27.47,6.34,7.98,3.3,1,1,0,0,29.1,33.9,24.1,0.51,1,18.10526316,4.473684211,8.287027935,0.410147146,-0.018413597,No,No,Normal,Safe,Stable
18-01-2024 08:00,January,275.82,95.27,2,27.47,6.34,7.98,3.3,1,1,0,0,29.1,33.9,24.1,0.51,1,18.15789474,4.210526316,8.283871839,0.409231175,-0.016882073,Yes,No,Normal,Safe,Stable
18-01-2024 09:00,January,275.82,95.27,2,27.47,6.34,7.98,3.3,1,1,0,0,29.1,33.9,24.1,0.51,1,18.21052632,3.947368421,8.280715742,0.408315203,-0.015350549,No,No,Normal,Safe,Stable
18-01-2024 10:00,January,275.82,95.27,2,27.47,6.34,7.98,3.3,1,1,0,0,29.1,33.9,24.1,0.51,1,18.26315789,3.684210526,8.277559646,0.407399231,-0.013819025,Yes,No,Normal,Safe,Stable
18-01-2024 11:00,January,275.82,95.27,2,27.47,6.34,7.98,3.3,1,1,0,0,29.1,33.9,24.1,0.51,1,18.31578947,3.421052632,8.274403549,0.40648326,-0.012287501,No,No,Normal,Safe,Stable
18-01-2024 12:00,January,275.82,95.27,2,27.47,6.34,7.98,3.3,1,1,0,0,29.1,33.9,24.1,0.51,1,18.36842105,3.157894737,8.271247452,0.405567288,-0.010755977,Yes,No,Normal,Safe,Stable
18-01-2024 13:00,January,275.82,95.27,2,27.47,6.34,7.98,3.3,1,1,0,0,29.1,33.9,24.1,0.51,1,18.42105263,2.894736842,8.268091356,0.404651316,-0.009224453,No,No,Normal,Safe,Stable
18-01-2024 14:00,January,275.82,95.27,2,27.47,6.34,7.98,3.3,1,1,0,0,29.1,33.9,24.1,0.51,1,18.47368421,2.631578947,8.264935259,0.403735345,-0.007692929,Yes,No,Normal,Safe,Stable
18-01-2024 15:00,January,275.82,95.27,2,27.47,6.34,7.98,3.3,1,1,0,0,29.1,33.9,24.1,0.51,1,18.52631579,2.368421053,8.261779162,0.402819373,-0.006161405,No,No,Normal,Safe,Stable
18-01-2024 16:00,January,275.82,95.27,2,27.47,6.34,7.98,3.3,1,1,0,0,29.1,33.9,24.1,0.51,1,18.57894737,2.105263158,8.258623066,0.401903401,-0.004629881,Yes,No,Normal,Safe,Stable
18-01-2024 17:00,January,275.82,95.27,2,27.47,6.34,7.98,3.3,1,1,1,0,29.1,33.9,24.1,0.51,1,18.63157895,1.842105263,8.255466969,0.40098743,-0.003098357,No,No,Normal,Safe,Stable
18-01-2024 18:00,January,275.82,95.27,2,27.47,6.34,7.98,3.3,1,1,1,0,29.1,33.9,24.1,0.51,1,18.68421053,1.578947368,8.252310873,0.400071458,-0.001566833,Yes,No,Normal,Safe,Stable
18-01-2024 19:00,January,275.82,95.27,2,27.47,6.34,7.98,3.3,1,1,0,1,29.1,33.9,24.1,0.51,1,18.73684211,1.315789474,8.249154776,0.399155486,-3.53E-05,No,No,Normal,Safe,Stable
18-01-2024 20:00,January,275.82,95.27,2,27.47,6.34,7.98,3.3,1,1,0,0,29.1,33.9,24.1,0.51,1,18.78947368,1.052631579,8.245998679,0.398239515,0.001496215,Yes,No,Normal,Safe,Stable
18-01-2024 21:00,January,275.82,95.27,2,27.47,6.34,7.98,3.3,1,1,1,0,29.1,33.9,24.1,0.51,1,18.84210526,0.789473684,8.242842583,0.397323543,0.003027739,No,No,Normal,Safe,Stable
18-01-2024 22:00,January,275.82,95.27,2,27.47,6.34,7.98,3.3,1,1,0,0,29.1,33.9,24.1,0.51,1,18.89473684,0.526315789,8.239686486,0.396407571,0.004559263,Yes,No,Normal,Safe,Stable
18-01-2024 23:00,January,275.82,95.27,2,27.47,6.34,7.98,3.3,1,1,0,0,29.1,33.9,24.1,0.51,1,18.94736842,0.263157895,8.236530389,0.3954916,0.006090787,No,No,Normal,Safe,Stable
19-01-2024 00:00,January,275.82,95.27,2,27.47,6.34,7.98,3.3,1,1,0,0,29.1,33.9,24.1,0.51,1,19,0,8.233374293,0.394575628,0.007622311,Yes,No,Normal,Safe,Stable
19-01-2024 01:00,January,275.82,95.27,2,27.47,6.34,7.98,3.3,1,1,0,0,29.1,33.9,24.1,0.51,1,19,1,8.004594864,0.315804939,0.150788163,No,No,Normal,Safe,Stable
19-01-2024 02:00,January,275.82,95.27,2,27.47,6.34,7.98,3.3,1,1,1,0,29.1,33.9,24.1,0.51,1,19,2,7.780944425,1.004332447,0.00882138,Yes,No,Normal,Safe,Stable
19-01-2024 03:00,January,275.82,95.27,2,27.47,6.34,7.98,3.3,1,1,0,1,29.1,33.9,24.1,0.51,1,19,3,8.003400449,0.348783613,0.821329932,No,No,Normal,Safe,Stable
19-01-2024 04:00,January,275.82,95.27,2,27.47,6.34,7.98,3.3,1,1,0,0,29.1,33.9,24.1,0.51,1,19,4,7.87101445,0.961342843,-0.01366194,Yes,No,Normal,Safe,Stable
19-01-2024 05:00,January,275.82,95.27,2,27.47,6.34,7.98,3.3,1,1,0,0,29.1,33.9,24.1,0.51,1,19,5,8.306481865,0.378634354,-0.011963793,No,No,Normal,Safe,Stable
19-01-2024 06:00,January,275.82,95.27,2,27.47,6.34,7.98,3.3,1,1,0,0,29.1,33.9,24.1,0.51,1,19.05263158,4.736842105,8.275619127,0.408110846,-0.012249712,Yes,No,Normal,Safe,Stable
19-01-2024 07:00,January,275.82,95.27,2,27.47,6.34,7.98,3.3,1,1,0,1,29.1,33.9,24.1,0.51,1,19.10526316,4.473684211,8.244756389,0.437587338,-0.012535631,No,No,Normal,Safe,Stable
19-01-2024 08:00,January,275.82,95.27,2,27.47,6.34,7.98,3.3,1,1,0,0,29.1,33.9,24.1,0.51,1,19.15789474,4.210526316,8.213893651,0.46706383,-0.01282155,Yes,No,Normal,Safe,Stable
19-01-2024 09:00,January,275.82,95.27,2,27.47,6.34,7.98,3.3,1,1,0,0,29.1,33.9,24.1,0.51,1,19.21052632,3.947368421,8.183030912,0.496540322,-0.013107469,No,No,Normal,Safe,Stable
19-01-2024 10:00,January,275.82,95.27,2,27.47,6.34,7.98,3.3,1,1,0,0,29.1,33.9,24.1,0.51,1,19.26315789,3.684210526,8.152168174,0.526016814,-0.013393388,Yes,No,Normal,Safe,Stable
19-01-2024 11:00,January,275.82,95.27,2,27.47,6.34,7.98,3.3,1,1,0,0,29.1,33.9,24.1,0.51,1,19.31578947,3.421052632,8.121305436,0.555493306,-0.013679307,No,No,Normal,Safe,Stable
19-01-2024 12:00,January,275.82,95.27,2,27.47,6.34,7.98,3.3,1,1,1,0,29.1,33.9,24.1,0.51,1,19.36842105,3.157894737,8.090442698,0.584969799,-0.013965226,Yes,No,Normal,Safe,Stable
19-01-2024 13:00,January,275.82,95.27,2,27.47,6.34,7.98,3.3,1,1,0,0,29.1,33.9,24.1,0.51,1,19.42105263,2.894736842,8.05957996,0.614446291,-0.014251145,No,No,Normal,Safe,Stable
19-01-2024 14:00,January,275.82,95.27,2,27.47,6.34,7.98,3.3,1,1,1,0,29.1,33.9,24.1,0.51,1,19.47368421,2.631578947,8.028717222,0.643922783,-0.014537064,Yes,No,Normal,Safe,Stable
19-01-2024 15:00,January,275.82,95.27,2,27.47,6.34,7.98,3.3,1,1,0,0,29.1,33.9,24.1,0.51,1,19.52631579,2.368421053,7.997854484,0.673399275,-0.014822983,No,No,Normal,Safe,Stable
19-01-2024 16:00,January,275.82,95.27,2,27.47,6.34,7.98,3.3,1,1,0,0,29.1,33.9,24.1,0.51,1,19.57894737,2.105263158,7.966991746,0.702875767,-0.015108902,Yes,No,Normal,Safe,Stable
19-01-2024 17:00,January,275.82,95.27,2,27.47,6.34,7.98,3.3,1,1,0,0,29.1,33.9,24.1,0.51,1,19.63157895,1.842105263,7.936129007,0.732352259,-0.015394821,No,No,Normal,Safe,Stable
19-01-2024 18:00,January,275.82,95.27,2,27.47,6.34,7.98,3.3,1,1,1,0,29.1,33.9,24.1,0.51,1,19.68421053,1.578947368,7.905266269,0.761828751,-0.01568074,Yes,No,Normal,Safe,Stable
19-01-2024 19:00,January,275.82,95.27,2,27.47,6.34,7.98,3.3,1,1,0,1,29.1,33.9,24.1,0.51,1,19.73684211,1.315789474,7.874403531,0.791305243,-0.015966659,No,No,Normal,Safe,Stable
19-01-2024 20:00,January,275.82,95.27,2,27.47,6.34,7.98,3.3,1,1,0,0,29.1,33.9,24.1,0.51,1,19.78947368,1.052631579,7.843540793,0.820781735,-0.016252578,Yes,No,Normal,Safe,Stable
19-01-2024 21:00,January,275.82,95.27,2,27.47,6.34,7.98,3.3,1,1,1,0,29.1,33.9,24.1,0.51,1,19.84210526,0.789473684,7.812678055,0.850258228,-0.016538497,No,No,Normal,Safe,Stable
19-01-2024 22:00,January,275.82,95.27,2,27.47,6.34,7.98,3.3,1,1,0,0,29.1,33.9,24.1,0.51,1,19.89473684,0.526315789,7.781815317,0.87973472,-0.016824416,Yes,No,Normal,Safe,Stable
19-01-2024 23:00,January,275.82,95.27,2,27.47,6.34,7.98,3.3,1,1,0,0,29.1,33.9,24.1,0.51,1,19.94736842,0.263157895,7.750952579,0.909211212,-0.017110335,No,No,Normal,Safe,Stable
20-01-2024 00:00,January,275.82,95.27,2,27.47,6.34,7.98,3.3,1,1,1,0,29.1,33.9,24.1,0.51,1,20,0,7.72008984,0.938687704,-0.017396254,Yes,No,Normal,Safe,Stable
20-01-2024 01:00,January,275.82,95.27,2,27.47,6.34,7.98,3.3,1,1,1,1,29.1,33.9,24.1,0.51,1,20,1,7.892162219,0.349972813,0.106295367,No,No,Normal,Safe,Stable
20-01-2024 02:00,January,275.82,95.27,2,27.47,6.34,7.98,3.3,1,1,0,0,29.1,33.9,24.1,0.51,1,20,2,8.075647508,0.95700934,0.026310083,Yes,No,Normal,Safe,Stable
20-01-2024 03:00,January,275.82,95.27,2,27.47,6.34,7.98,3.3,1,1,0,0,29.1,33.9,24.1,0.51,1,20,3,8.334646301,0.288431488,0.836170441,No,No,Normal,Safe,Stable
20-01-2024 04:00,January,275.82,95.27,2,27.47,6.34,7.98,3.3,1,1,0,0,29.1,33.9,24.1,0.51,1,20,4,7.797826348,0.985424329,0.011576305,Yes,No,Normal,Safe,Stable
20-01-2024 05:00,January,275.82,95.27,2,27.47,6.34,7.98,3.3,1,1,0,0,29.1,33.9,24.1,0.51,1,20,5,7.351138958,0.982131033,-0.006182722,No,No,Normal,Safe,Stable
20-01-2024 06:00,January,275.82,95.27,2,27.47,6.34,7.98,3.3,1,1,0,0,29.1,33.9,24.1,0.51,1,20.05263158,4.736842105,7.404330514,0.946261038,0.00253601,Yes,No,Normal,Safe,Stable
20-01-2024 07:00,January,275.82,95.27,2,27.47,6.34,7.98,3.3,1,1,0,0,29.1,33.9,24.1,0.51,1,20.10526316,4.473684211,7.457522069,0.910391043,0.011254742,No,No,Normal,Safe,Stable
20-01-2024 08:00,January,275.82,95.27,2,27.47,6.34,7.98,3.3,1,1,0,0,29.1,33.9,24.1,0.51,1,20.15789474,4.210526316,7.510713625,0.874521048,0.019973473,Yes,No,Normal,Safe,Stable
20-01-2024 09:00,January,275.82,95.27,2,27.47,6.34,7.98,3.3,1,1,0,0,29.1,33.9,24.1,0.51,1,20.21052632,3.947368421,7.563905181,0.838651053,0.028692205,No,No,Normal,Safe,Stable
20-01-2024 10:00,January,275.82,95.27,2,27.47,6.34,7.98,3.3,1,1,0,0,29.1,33.9,24.1,0.51,1,20.26315789,3.684210526,7.617096737,0.802781058,0.037410937,Yes,No,Normal,Safe,Stable
20-01-2024 11:00,January,275.82,95.27,2,27.47,6.34,7.98,3.3,1,1,0,0,29.1,33.9,24.1,0.51,1,20.31578947,3.421052632,7.670288293,0.766911063,0.046129669,No,No,Normal,Safe,Stable
20-01-2024 12:00,January,275.82,95.27,2,27.47,6.34,7.98,3.3,1,1,0,0,29.1,33.9,24.1,0.51,1,20.36842105,3.157894737,7.723479849,0.731041068,0.054848401,Yes,No,Normal,Safe,Stable
20-01-2024 13:00,January,275.82,95.27,2,27.47,6.34,7.98,3.3,1,1,0,0,29.1,33.9,24.1,0.51,1,20.42105263,2.894736842,7.776671405,0.695171073,0.063567133,No,No,Normal,Safe,Stable
20-01-2024 14:00,January,275.82,95.27,2,27.47,6.34,7.98,3.3,1,1,0,1,29.1,33.9,24.1,0.51,1,20.47368421,2.631578947,7.829862961,0.659301078,0.072285865,Yes,No,Normal,Safe,Stable
20-01-2024 15:00,January,275.82,95.27,2,27.47,6.34,7.98,3.3,1,1,0,0,29.1,33.9,24.1,0.51,1,20.52631579,2.368421053,7.883054517,0.623431082,0.081004597,No,No,Normal,Safe,Stable
20-01-2024 16:00,January,275.82,95.27,2,27.47,6.34,7.98,3.3,1,1,0,0,29.1,33.9,24.1,0.51,1,20.57894737,2.105263158,7.936246072,0.587561087,0.089723329,Yes,No,Normal,Safe,Stable
20-01-2024 17:00,January,275.82,95.27,2,27.47,6.34,7.98,3.3,1,1,0,0,29.1,33.9,24.1,0.51,1,20.63157895,1.842105263,7.989437628,0.551691092,0.098442061,No,No,Normal,Safe,Stable
20-01-2024 18:00,January,275.82,95.27,2,27.47,6.34,7.98,3.3,1,1,0,0,29.1,33.9,24.1,0.51,1,20.68421053,1.578947368,8.042629184,0.515821097,0.107160792,Yes,No,Normal,Safe,Stable
20-01-2024 19:00,January,275.82,95.27,2,27.47,6.34,7.98,3.3,1,1,0,0,29.1,33.9,24.1,0.51,1,20.73684211,1.315789474,8.09582074,0.479951102,0.115879524,No,No,Normal,Safe,Stable
20-01-2024 20:00,January,275.82,95.27,2,27.47,6.34,7.98,3.3,1,1,0,0,29.1,33.9,24.1,0.51,1,20.78947368,1.052631579,8.149012296,0.444081107,0.124598256,Yes,No,Normal,Safe,Stable
20-01-2024 21:00,January,275.82,95.27,2,27.47,6.34,7.98,3.3,1,1,0,0,29.1,33.9,24.1,0.51,1,20.84210526,0.789473684,8.202203852,0.408211112,0.133316988,No,No,Normal,Safe,Stable
20-01-2024 22:00,January,275.82,95.27,2,27.47,6.34,7.98,3.3,1,1,0,0,29.1,33.9,24.1,0.51,1,20.89473684,0.526315789,8.255395408,0.372341117,0.14203572,Yes,No,Normal,Safe,Stable
20-01-2024 23:00,January,275.82,95.27,2,27.47,6.34,7.98,3.3,1,1,0,0,29.1,33.9,24.1,0.51,1,20.94736842,0.263157895,8.308586964,0.336471122,0.150754452,No,No,Normal,Safe,Stable
21-01-2024 00:00,January,275.82,95.27,2,27.47,6.34,7.98,3.3,1,1,0,0,29.1,33.9,24.1,0.51,1,21,0,8.36177852,0.300601127,0.159473184,Yes,No,Normal,Safe,Stable
21-01-2024 01:00,January,275.82,95.27,2,27.47,6.34,7.98,3.3,1,1,0,0,29.1,33.9,24.1,0.51,1,21,1,8.286647885,0.323832734,0.125638899,No,No,Normal,Safe,Stable
21-01-2024 02:00,January,275.82,95.27,2,27.47,6.34,7.98,3.3,1,1,0,0,29.1,33.9,24.1,0.51,1,21,2,7.64070337,0.979678569,-0.038931506,Yes,No,Normal,Safe,Stable
21-01-2024 03:00,January,275.82,95.27,2,27.47,6.34,7.98,3.3,1,1,0,0,29.1,33.9,24.1,0.51,1,21,3,7.932025866,0.525442739,0.055593648,No,No,Normal,Safe,Stable
21-01-2024 04:00,January,275.82,95.27,2,27.47,6.34,7.98,3.3,1,1,0,0,29.1,33.9,24.1,0.51,1,21,4,8.324376115,0.31157025,0.949535179,Yes,No,Normal,Safe,Stable
21-01-2024 05:00,January,275.82,95.27,2,27.47,6.34,7.98,3.3,1,1,0,0,29.1,33.9,24.1,0.51,1,21,5,8.309830784,0.37541705,0.012112855,No,No,Normal,Safe,Stable
21-01-2024 06:00,January,275.82,95.27,2,27.47,6.34,7.98,3.3,1,1,0,1,29.1,33.9,24.1,0.51,1,21.05263158,4.736842105,8.2991511,0.379420271,0.011491773,Yes,No,Normal,Safe,Stable
21-01-2024 07:00,January,275.82,95.27,2,27.47,6.34,7.98,3.3,1,1,0,0,29.1,33.9,24.1,0.51,1,21.10526316,4.473684211,8.288471416,0.383423492,0.01087069,No,No,Normal,Safe,Stable
21-01-2024 08:00,January,275.82,95.27,2,27.47,6.34,7.98,3.3,1,1,0,0,29.1,33.9,24.1,0.51,1,21.15789474,4.210526316,8.277791732,0.387426713,0.010249608,Yes,No,Normal,Safe,Stable
21-01-2024 09:00,January,275.82,95.27,2,27.47,6.34,7.98,3.3,1,1,0,0,29.1,33.9,24.1,0.51,1,21.21052632,3.947368421,8.267112048,0.391429934,0.009628525,No,No,Normal,Safe,Stable
21-01-2024 10:00,January,275.82,95.27,2,27.47,6.34,7.98,3.3,1,1,0,0,29.1,33.9,24.1,0.51,1,21.26315789,3.684210526,8.256432365,0.395433155,0.009007443,Yes,No,Normal,Safe,Stable
21-01-2024 11:00,January,275.82,95.27,2,27.47,6.34,7.98,3.3,1,1,0,0,29.1,33.9,24.1,0.51,1,21.31578947,3.421052632,8.245752681,0.399436375,0.00838636,No,No,Normal,Safe,Stable
21-01-2024 12:00,January,275.82,95.27,2,27.47,6.34,7.98,3.3,1,1,0,0,29.1,33.9,24.1,0.51,1,21.36842105,3.157894737,8.235072997,0.403439596,0.007765277,Yes,No,Normal,Safe,Stable
21-01-2024 13:00,January,275.82,95.27,2,27.47,6.34,7.98,3.3,1,1,0,0,29.1,33.9,24.1,0.51,1,21.42105263,2.894736842,8.224393313,0.407442817,0.007144195,No,No,Normal,Safe,Stable
21-01-2024 14:00,January,275.82,95.27,2,27.47,6.34,7.98,3.3,1,1,0,0,29.1,33.9,24.1,0.51,1,21.47368421,2.631578947,8.213713629,0.411446038,0.006523112,Yes,No,Normal,Safe,Stable
21-01-2024 15:00,January,275.82,95.27,2,27.47,6.34,7.98,3.3,1,1,1,1,29.1,33.9,24.1,0.51,1,21.52631579,2.368421053,8.203033946,0.415449259,0.00590203,No,No,Normal,Safe,Stable
21-01-2024 16:00,January,275.82,95.27,2,27.47,6.34,7.98,3.3,1,1,0,0,29.1,33.9,24.1,0.51,1,21.57894737,2.105263158,8.192354262,0.41945248,0.005280947,Yes,No,Normal,Safe,Stable
21-01-2024 17:00,January,275.82,95.27,2,27.47,6.34,7.98,3.3,1,1,0,1,29.1,33.9,24.1,0.51,1,21.63157895,1.842105263,8.181674578,0.4234557,0.004659865,No,No,Normal,Safe,Stable
21-01-2024 18:00,January,275.82,95.27,2,27.47,6.34,7.98,3.3,1,1,0,0,29.1,33.9,24.1,0.51,1,21.68421053,1.578947368,8.170994894,0.427458921,0.004038782,Yes,No,Normal,Safe,Stable
21-01-2024 19:00,January,275.82,95.27,2,27.47,6.34,7.98,3.3,1,1,1,0,29.1,33.9,24.1,0.51,1,21.73684211,1.315789474,8.16031521,0.431462142,0.0034177,No,No,Normal,Safe,Stable
21-01-2024 20:00,January,275.82,95.27,2,27.47,6.34,7.98,3.3,1,1,0,0,29.1,33.9,24.1,0.51,1,21.78947368,1.052631579,8.149635527,0.435465363,0.002796617,Yes,No,Normal,Safe,Stable
21-01-2024 21:00,January,275.82,95.27,2,27.47,6.34,7.98,3.3,1,1,0,0,29.1,33.9,24.1,0.51,1,21.84210526,0.789473684,8.138955843,0.439468584,0.002175535,No,No,Normal,Safe,Stable
21-01-2024 22:00,January,275.82,95.27,2,27.47,6.34,7.98,3.3,1,1,0,0,29.1,33.9,24.1,0.51,1,21.89473684,0.526315789,8.128276159,0.443471805,0.001554452,Yes,No,Normal,Safe,Stable
21-01-2024 23:00,January,275.82,95.27,2,27.47,6.34,7.98,3.3,1,1,0,1,29.1,33.9,24.1,0.51,1,21.94736842,0.263157895,8.117596475,0.447475025,0.000933369,No,No,Normal,Safe,Stable
22-01-2024 00:00,January,275.82,95.27,2,27.47,6.34,7.98,3.3,1,1,0,0,29.1,33.9,24.1,0.51,1,22,0,8.106916792,0.451478246,0.000312287,Yes,No,Normal,Safe,Stable
22-01-2024 01:00,January,275.82,95.27,2,27.47,6.34,7.98,3.3,1,1,0,0,29.1,33.9,24.1,0.51,1,22,1,8.119792274,0.345883677,0.163975266,No,No,Normal,Safe,Stable
22-01-2024 02:00,January,275.82,95.27,2,27.47,6.34,7.98,3.3,1,1,0,0,29.1,33.9,24.1,0.51,1,22,2,8.149390299,0.358450887,0.485204372,Yes,No,Normal,Safe,Stable
22-01-2024 03:00,January,275.82,95.27,2,27.47,6.34,7.98,3.3,1,1,0,0,29.1,33.9,24.1,0.51,1,22,3,7.908874883,0.180919878,0.881213181,No,No,Normal,Safe,Stable
22-01-2024 04:00,January,275.82,95.27,2,27.47,6.34,7.98,3.3,1,1,0,0,29.1,33.9,24.1,0.51,1,22,4,8.54373812,0.310048861,0.863989991,Yes,No,Normal,Safe,Stable
22-01-2024 05:00,January,275.82,95.27,2,27.47,6.34,7.98,3.3,1,1,0,0,29.1,33.9,24.1,0.51,1,22,5,8.481551353,0.379913767,-0.023115256,No,No,Normal,Safe,Stable
22-01-2024 06:00,January,275.82,95.27,2,27.47,6.34,7.98,3.3,1,1,1,0,29.1,33.9,24.1,0.51,1,22.05263158,4.736842105,8.466406,0.380395835,-0.021389578,Yes,No,Normal,Safe,Stable
22-01-2024 07:00,January,275.82,95.27,2,27.47,6.34,7.98,3.3,1,1,1,0,29.1,33.9,24.1,0.51,1,22.10526316,4.473684211,8.451260648,0.380877903,-0.0196639,No,No,Normal,Safe,Stable
22-01-2024 08:00,January,275.82,95.27,2,27.47,6.34,7.98,3.3,1,1,0,0,29.1,33.9,24.1,0.51,1,22.15789474,4.210526316,8.436115296,0.381359971,-0.017938223,Yes,No,Normal,Safe,Stable
22-01-2024 09:00,January,275.82,95.27,2,27.47,6.34,7.98,3.3,1,1,1,0,29.1,33.9,24.1,0.51,1,22.21052632,3.947368421,8.420969943,0.381842039,-0.016212545,No,No,Normal,Safe,Stable
22-01-2024 10:00,January,275.82,95.27,2,27.47,6.34,7.98,3.3,1,1,0,0,29.1,33.9,24.1,0.51,1,22.26315789,3.684210526,8.405824591,0.382324107,-0.014486867,Yes,No,Normal,Safe,Stable
22-01-2024 11:00,January,275.82,95.27,2,27.47,6.34,7.98,3.3,1,1,0,0,29.1,33.9,24.1,0.51,1,22.31578947,3.421052632,8.390679239,0.382806175,-0.012761189,No,No,Normal,Safe,Stable
22-01-2024 12:00,January,275.82,95.27,2,27.47,6.34,7.98,3.3,1,1,0,0,29.1,33.9,24.1,0.51,1,22.36842105,3.157894737,8.375533887,0.383288243,-0.011035511,Yes,No,Normal,Safe,Stable
22-01-2024 13:00,January,275.82,95.27,2,27.47,6.34,7.98,3.3,1,1,0,0,29.1,33.9,24.1,0.51,1,22.42105263,2.894736842,8.360388534,0.383770311,-0.009309833,No,No,Normal,Safe,Stable
22-01-2024 14:00,January,275.82,95.27,2,27.47,6.34,7.98,3.3,1,1,1,0,29.1,33.9,24.1,0.51,1,22.47368421,2.631578947,8.345243182,0.384252379,-0.007584155,Yes,No,Normal,Safe,Stable
22-01-2024 15:00,January,275.82,95.27,2,27.47,6.34,7.98,3.3,1,1,0,0,29.1,33.9,24.1,0.51,1,22.52631579,2.368421053,8.33009783,0.384734447,-0.005858477,No,No,Normal,Safe,Stable
22-01-2024 16:00,January,275.82,95.27,2,27.47,6.34,7.98,3.3,1,1,0,0,29.1,33.9,24.1,0.51,1,22.57894737,2.105263158,8.314952477,0.385216515,-0.004132799,Yes,No,Normal,Safe,Stable
22-01-2024 17:00,January,275.82,95.27,2,27.47,6.34,7.98,3.3,1,1,0,1,29.1,33.9,24.1,0.51,1,22.63157895,1.842105263,8.299807125,0.385698582,-0.002407121,No,No,Normal,Safe,Stable
22-01-2024 18:00,January,275.82,95.27,2,27.47,6.34,7.98,3.3,1,1,0,0,29.1,33.9,24.1,0.51,1,22.68421053,1.578947368,8.284661773,0.38618065,-0.000681443,Yes,No,Normal,Safe,Stable
22-01-2024 19:00,January,275.82,95.27,2,27.47,6.34,7.98,3.3,1,1,0,0,29.1,33.9,24.1,0.51,1,22.73684211,1.315789474,8.269516421,0.386662718,0.001044235,No,No,Normal,Safe,Stable
22-01-2024 20:00,January,275.82,95.27,2,27.47,6.34,7.98,3.3,1,1,1,0,29.1,33.9,24.1,0.51,1,22.78947368,1.052631579,8.254371068,0.387144786,0.002769913,Yes,No,Normal,Safe,Stable
22-01-2024 21:00,January,275.82,95.27,2,27.47,6.34,7.98,3.3,1,1,1,0,29.1,33.9,24.1,0.51,1,22.84210526,0.789473684,8.239225716,0.387626854,0.00449559,No,No,Normal,Safe,Stable
22-01-2024 22:00,January,275.82,95.27,2,27.47,6.34,7.98,3.3,1,1,1,0,29.1,33.9,24.1,0.51,1,22.89473684,0.526315789,8.224080364,0.388108922,0.006221268,Yes,No,Normal,Safe,Stable
22-01-2024 23:00,January,275.82,95.27,2,27.47,6.34,7.98,3.3,1,1,0,0,29.1,33.9,24.1,0.51,1,22.94736842,0.263157895,8.208935011,0.38859099,0.007946946,No,No,Normal,Safe,Stable
23-01-2024 00:00,January,275.82,95.27,2,27.47,6.34,7.98,3.3,1,1,0,0,29.1,33.9,24.1,0.51,1,23,0,8.193789659,0.389073058,0.009672624,Yes,No,Normal,Safe,Stable
23-01-2024 01:00,January,275.82,95.27,2,27.47,6.34,7.98,3.3,1,1,0,0,29.1,33.9,24.1,0.51,1,23,1,8.23577686,0.330432472,0.156615605,No,No,Normal,Safe,Stable
23-01-2024 02:00,January,275.82,95.27,2,27.47,6.34,7.98,3.3,1,1,0,0,29.1,33.9,24.1,0.51,1,23,2,8.018731884,0.987776398,-0.026302175,Yes,No,Normal,Safe,Stable
23-01-2024 03:00,January,275.82,95.27,2,27.47,6.34,7.98,3.3,1,1,1,0,29.1,33.9,24.1,0.51,1,23,3,8.326095208,0.267109693,0.967892002,No,No,Normal,Safe,Stable
23-01-2024 04:00,January,275.82,95.27,2,27.47,6.34,7.98,3.3,1,1,1,0,29.1,33.9,24.1,0.51,1,23,4,8.315693484,0.306672229,0.879244221,Yes,No,Normal,Safe,Stable
23-01-2024 05:00,January,275.82,95.27,2,27.47,6.34,7.98,3.3,1,1,1,0,29.1,33.9,24.1,0.51,1,23,5,7.923573888,0.941417372,0.022694899,No,No,Normal,Safe,Stable
23-01-2024 06:00,January,275.82,95.27,2,27.47,6.34,7.98,3.3,1,1,0,0,29.1,33.9,24.1,0.51,1,23.05263158,4.736842105,7.934484485,0.943723662,0.020803376,Yes,No,Normal,Safe,Stable
23-01-2024 07:00,January,275.82,95.27,2,27.47,6.34,7.98,3.3,1,1,0,0,29.1,33.9,24.1,0.51,1,23.10526316,4.473684211,7.945395082,0.946029952,0.018911854,No,No,Normal,Safe,Stable
23-01-2024 08:00,January,275.82,95.27,2,27.47,6.34,7.98,3.3,1,1,1,0,29.1,33.9,24.1,0.51,1,23.15789474,4.210526316,7.956305679,0.948336242,0.017020332,Yes,No,Normal,Safe,Stable
23-01-2024 09:00,January,275.82,95.27,2,27.47,6.34,7.98,3.3,1,1,0,0,29.1,33.9,24.1,0.51,1,23.21052632,3.947368421,7.967216276,0.950642531,0.015128809,No,No,Normal,Safe,Stable
23-01-2024 10:00,January,275.82,95.27,2,27.47,6.34,7.98,3.3,1,1,1,0,29.1,33.9,24.1,0.51,1,23.26315789,3.684210526,7.978126872,0.952948821,0.013237287,Yes,No,Normal,Safe,Stable
23-01-2024 11:00,January,275.82,95.27,2,27.47,6.34,7.98,3.3,1,1,0,0,29.1,33.9,24.1,0.51,1,23.31578947,3.421052632,7.989037469,0.955255111,0.011345765,No,No,Normal,Safe,Stable
23-01-2024 12:00,January,275.82,95.27,2,27.47,6.34,7.98,3.3,1,1,0,0,29.1,33.9,24.1,0.51,1,23.36842105,3.157894737,7.999948066,0.957561401,0.009454242,Yes,No,Normal,Safe,Stable
23-01-2024 13:00,January,275.82,95.27,2,27.47,6.34,7.98,3.3,1,1,0,1,29.1,33.9,24.1,0.51,1,23.42105263,2.894736842,8.010858663,0.95986769,0.00756272,No,No,Normal,Safe,Stable
23-01-2024 14:00,January,275.82,95.27,2,27.47,6.34,7.98,3.3,1,1,0,1,29.1,33.9,24.1,0.51,1,23.47368421,2.631578947,8.02176926,0.96217398,0.005671198,Yes,No,Normal,Safe,Stable
23-01-2024 15:00,January,275.82,95.27,2,27.47,6.34,7.98,3.3,1,1,0,0,29.1,33.9,24.1,0.51,1,23.52631579,2.368421053,8.032679857,0.96448027,0.003779675,No,No,Normal,Safe,Stable
23-01-2024 16:00,January,275.82,95.27,2,27.47,6.34,7.98,3.3,1,1,0,0,29.1,33.9,24.1,0.51,1,23.57894737,2.105263158,8.043590454,0.96678656,0.001888153,Yes,No,Normal,Safe,Stable
23-01-2024 17:00,January,275.82,95.27,2,27.47,6.34,7.98,3.3,1,1,0,0,29.1,33.9,24.1,0.51,1,23.63157895,1.842105263,8.05450105,0.969092849,-3.37E-06,No,No,Normal,Safe,Stable
23-01-2024 18:00,January,275.82,95.27,2,27.47,6.34,7.98,3.3,1,1,0,1,29.1,33.9,24.1,0.51,1,23.68421053,1.578947368,8.065411647,0.971399139,-0.001894892,Yes,No,Normal,Safe,Stable
23-01-2024 19:00,January,275.82,95.27,2,27.47,6.34,7.98,3.3,1,1,0,0,29.1,33.9,24.1,0.51,1,23.73684211,1.315789474,8.076322244,0.973705429,-0.003786414,No,No,Normal,Safe,Stable
23-01-2024 20:00,January,275.82,95.27,2,27.47,6.34,7.98,3.3,1,1,0,0,29.1,33.9,24.1,0.51,1,23.78947368,1.052631579,8.087232841,0.976011719,-0.005677937,Yes,No,Normal,Safe,Stable
23-01-2024 21:00,January,275.82,95.27,2,27.47,6.34,7.98,3.3,1,1,0,0,29.1,33.9,24.1,0.51,1,23.84210526,0.789473684,8.098143438,0.978318008,-0.007569459,No,No,Normal,Safe,Stable
23-01-2024 22:00,January,275.82,95.27,2,27.47,6.34,7.98,3.3,1,1,0,0,29.1,33.9,24.1,0.51,1,23.89473684,0.526315789,8.109054035,0.980624298,-0.009460981,Yes,No,Normal,Safe,Stable
23-01-2024 23:00,January,275.82,95.27,2,27.47,6.34,7.98,3.3,1,1,0,0,29.1,33.9,24.1,0.51,1,23.94736842,0.263157895,8.119964632,0.982930588,-0.011352504,No,No,Normal,Safe,Stable
24-01-2024 00:00,January,275.82,95.27,2,27.47,6.34,7.98,3.3,1,1,0,0,29.1,33.9,24.1,0.51,1,24,0,8.130875229,0.985236878,-0.013244026,Yes,No,Normal,Safe,Stable
24-01-2024 01:00,January,275.82,95.27,2,27.47,6.34,7.98,3.3,1,1,0,0,29.1,33.9,24.1,0.51,1,24,1,8.190253194,0.936318899,-0.043164086,No,No,Normal,Safe,Stable
24-01-2024 02:00,January,275.82,95.27,2,27.47,6.34,7.98,3.3,1,1,0,0,29.1,33.9,24.1,0.51,1,24,2,8.549281904,0.337417745,0.433725817,Yes,No,Normal,Safe,Stable
24-01-2024 03:00,January,275.82,95.27,2,27.47,6.34,7.98,3.3,1,1,0,0,29.1,33.9,24.1,0.51,1,24,3,8.198160032,0.952668171,-0.01912497,No,No,Normal,Safe,Stable
24-01-2024 04:00,January,275.82,95.27,2,27.47,6.34,7.98,3.3,1,1,0,0,29.1,33.9,24.1,0.51,1,24,4,8.31327108,0.315450622,0.875093414,Yes,No,Normal,Safe,Stable
24-01-2024 05:00,January,275.82,95.27,2,27.47,6.34,7.98,3.3,1,1,0,0,29.1,33.9,24.1,0.51,1,24,5,8.084395067,0.390046073,-0.021515975,No,No,Normal,Safe,Stable
24-01-2024 06:00,January,275.82,95.27,2,27.47,6.34,7.98,3.3,1,1,0,1,29.1,33.9,24.1,0.51,1,24.05263158,4.736842105,8.077891594,0.419872394,-0.020559812,Yes,No,Normal,Safe,Stable
24-01-2024 07:00,January,275.82,95.27,2,27.47,6.34,7.98,3.3,1,1,0,0,29.1,33.9,24.1,0.51,1,24.10526316,4.473684211,8.071388122,0.449698715,-0.019603649,No,No,Normal,Safe,Stable
24-01-2024 08:00,January,275.82,95.27,2,27.47,6.34,7.98,3.3,1,1,0,0,29.1,33.9,24.1,0.51,1,24.15789474,4.210526316,8.064884649,0.479525036,-0.018647486,Yes,No,Normal,Safe,Stable
24-01-2024 09:00,January,275.82,95.27,2,27.47,6.34,7.98,3.3,1,1,0,0,29.1,33.9,24.1,0.51,1,24.21052632,3.947368421,8.058381176,0.509351356,-0.017691323,No,No,Normal,Safe,Stable
24-01-2024 10:00,January,275.82,95.27,2,27.47,6.34,7.98,3.3,1,1,0,0,29.1,33.9,24.1,0.51,1,24.26315789,3.684210526,8.051877703,0.539177677,-0.01673516,Yes,No,Normal,Safe,Stable
24-01-2024 11:00,January,275.82,95.27,2,27.47,6.34,7.98,3.3,1,1,0,0,29.1,33.9,24.1,0.51,1,24.31578947,3.421052632,8.04537423,0.569003998,-0.015778997,No,No,Normal,Safe,Stable
24-01-2024 12:00,January,275.82,95.27,2,27.47,6.34,7.98,3.3,1,1,0,0,29.1,33.9,24.1,0.51,1,24.36842105,3.157894737,8.038870757,0.598830318,-0.014822835,Yes,No,Normal,Safe,Stable
24-01-2024 13:00,January,275.82,95.27,2,27.47,6.34,7.98,3.3,1,1,0,0,29.1,33.9,24.1,0.51,1,24.42105263,2.894736842,8.032367285,0.628656639,-0.013866672,No,No,Normal,Safe,Stable
24-01-2024 14:00,January,275.82,95.27,2,27.47,6.34,7.98,3.3,1,1,1,0,29.1,33.9,24.1,0.51,1,24.47368421,2.631578947,8.025863812,0.65848296,-0.012910509,Yes,No,Normal,Safe,Stable
24-01-2024 15:00,January,275.82,95.27,2,27.47,6.34,7.98,3.3,1,1,0,0,29.1,33.9,24.1,0.51,1,24.52631579,2.368421053,8.019360339,0.68830928,-0.011954346,No,No,Normal,Safe,Stable
24-01-2024 16:00,January,275.82,95.27,2,27.47,6.34,7.98,3.3,1,1,0,0,29.1,33.9,24.1,0.51,1,24.57894737,2.105263158,8.012856866,0.718135601,-0.010998183,Yes,No,Normal,Safe,Stable
24-01-2024 17:00,January,275.82,95.27,2,27.47,6.34,7.98,3.3,1,1,0,1,29.1,33.9,24.1,0.51,1,24.63157895,1.842105263,8.006353393,0.747961922,-0.01004202,No,No,Normal,Safe,Stable
24-01-2024 18:00,January,275.82,95.27,2,27.47,6.34,7.98,3.3,1,1,1,0,29.1,33.9,24.1,0.51,1,24.68421053,1.578947368,7.99984992,0.777788242,-0.009085857,Yes,No,Normal,Safe,Stable
24-01-2024 19:00,January,275.82,95.27,2,27.47,6.34,7.98,3.3,1,1,0,0,29.1,33.9,24.1,0.51,1,24.73684211,1.315789474,7.993346448,0.807614563,-0.008129694,No,No,Normal,Safe,Stable
24-01-2024 20:00,January,275.82,95.27,2,27.47,6.34,7.98,3.3,1,1,1,0,29.1,33.9,24.1,0.51,1,24.78947368,1.052631579,7.986842975,0.837440884,-0.007173531,Yes,No,Normal,Safe,Stable
24-01-2024 21:00,January,275.82,95.27,2,27.47,6.34,7.98,3.3,1,1,0,0,29.1,33.9,24.1,0.51,1,24.84210526,0.789473684,7.980339502,0.867267205,-0.006217368,No,No,Normal,Safe,Stable
24-01-2024 22:00,January,275.82,95.27,2,27.47,6.34,7.98,3.3,1,1,0,0,29.1,33.9,24.1,0.51,1,24.89473684,0.526315789,7.973836029,0.897093525,-0.005261205,Yes,No,Normal,Safe,Stable
24-01-2024 23:00,January,275.82,95.27,2,27.47,6.34,7.98,3.3,1,1,0,1,29.1,33.9,24.1,0.51,1,24.94736842,0.263157895,7.967332556,0.926919846,-0.004305042,No,No,Normal,Safe,Stable
25-01-2024 00:00,January,275.82,95.27,2,27.47,6.34,7.98,3.3,1,1,0,0,29.1,33.9,24.1,0.51,1,25,0,7.960829083,0.956746167,-0.003348879,Yes,No,Normal,Safe,Stable
25-01-2024 01:00,January,275.82,95.27,2,27.47,6.34,7.98,3.3,1,1,1,0,29.1,33.9,24.1,0.51,1,25,1,7.727760882,0.987208131,0.003874285,No,No,Normal,Safe,Stable
25-01-2024 02:00,January,275.82,95.27,2,27.47,6.34,7.98,3.3,1,1,1,0,29.1,33.9,24.1,0.51,1,25,2,8.028801557,0.997134157,0.027833481,Yes,No,Normal,Safe,Stable
25-01-2024 03:00,January,275.82,95.27,2,27.47,6.34,7.98,3.3,1,1,1,1,29.1,33.9,24.1,0.51,1,25,3,8.110606322,0.951110048,0.02479033,No,No,Normal,Safe,Stable
25-01-2024 04:00,January,275.82,95.27,2,27.47,6.34,7.98,3.3,1,1,0,0,29.1,33.9,24.1,0.51,1,25,4,7.816761414,0.266900506,0.971241409,Yes,No,Normal,Safe,Stable
25-01-2024 05:00,January,275.82,95.27,2,27.47,6.34,7.98,3.3,1,1,0,0,29.1,33.9,24.1,0.51,1,25,5,7.859957871,0.378854225,0.00939803,No,No,Normal,Safe,Stable
25-01-2024 06:00,January,275.82,95.27,2,27.47,6.34,7.98,3.3,1,1,0,1,29.1,33.9,24.1,0.51,1,25.05263158,4.736842105,7.871121322,0.410727513,0.0066157,Yes,No,Normal,Safe,Stable
25-01-2024 07:00,January,275.82,95.27,2,27.47,6.34,7.98,3.3,1,1,1,0,29.1,33.9,24.1,0.51,1,25.10526316,4.473684211,7.882284773,0.442600801,0.003833371,No,No,Normal,Safe,Stable
25-01-2024 08:00,January,275.82,95.27,2,27.47,6.34,7.98,3.3,1,1,0,0,29.1,33.9,24.1,0.51,1,25.15789474,4.210526316,7.893448223,0.474474089,0.001051042,Yes,No,Normal,Safe,Stable
25-01-2024 09:00,January,275.82,95.27,2,27.47,6.34,7.98,3.3,1,1,0,0,29.1,33.9,24.1,0.51,1,25.21052632,3.947368421,7.904611674,0.506347376,-0.001731287,No,No,Normal,Safe,Stable
25-01-2024 10:00,January,275.82,95.27,2,27.47,6.34,7.98,3.3,1,1,0,0,29.1,33.9,24.1,0.51,1,25.26315789,3.684210526,7.915775125,0.538220664,-0.004513616,Yes,No,Normal,Safe,Stable
25-01-2024 11:00,January,275.82,95.27,2,27.47,6.34,7.98,3.3,1,1,0,0,29.1,33.9,24.1,0.51,1,25.31578947,3.421052632,7.926938576,0.570093952,-0.007295945,No,No,Normal,Safe,Stable
25-01-2024 12:00,January,275.82,95.27,2,27.47,6.34,7.98,3.3,1,1,1,0,29.1,33.9,24.1,0.51,1,25.36842105,3.157894737,7.938102027,0.60196724,-0.010078274,Yes,No,Normal,Safe,Stable
25-01-2024 13:00,January,275.82,95.27,2,27.47,6.34,7.98,3.3,1,1,1,0,29.1,33.9,24.1,0.51,1,25.42105263,2.894736842,7.949265478,0.633840528,-0.012860603,No,No,Normal,Safe,Stable
25-01-2024 14:00,January,275.82,95.27,2,27.47,6.34,7.98,3.3,1,1,0,0,29.1,33.9,24.1,0.51,1,25.47368421,2.631578947,7.960428928,0.665713815,-0.015642933,Yes,No,Normal,Safe,Stable
25-01-2024 15:00,January,275.82,95.27,2,27.47,6.34,7.98,3.3,1,1,0,0,29.1,33.9,24.1,0.51,1,25.52631579,2.368421053,7.971592379,0.697587103,-0.018425262,No,No,Normal,Safe,Stable
25-01-2024 16:00,January,275.82,95.27,2,27.47,6.34,7.98,3.3,1,1,0,0,29.1,33.9,24.1,0.51,1,25.57894737,2.105263158,7.98275583,0.729460391,-0.021207591,Yes,No,Normal,Safe,Stable
25-01-2024 17:00,January,275.82,95.27,2,27.47,6.34,7.98,3.3,1,1,1,0,29.1,33.9,24.1,0.51,1,25.63157895,1.842105263,7.993919281,0.761333679,-0.02398992,No,No,Normal,Safe,Stable
25-01-2024 18:00,January,275.82,95.27,2,27.47,6.34,7.98,3.3,1,1,0,0,29.1,33.9,24.1,0.51,1,25.68421053,1.578947368,8.005082732,0.793206967,-0.026772249,Yes,No,Normal,Safe,Stable
25-01-2024 19:00,January,275.82,95.27,2,27.47,6.34,7.98,3.3,1,1,0,0,29.1,33.9,24.1,0.51,1,25.73684211,1.315789474,8.016246183,0.825080254,-0.029554578,No,No,Normal,Safe,Stable
25-01-2024 20:00,January,275.82,95.27,2,27.47,6.34,7.98,3.3,1,1,0,0,29.1,33.9,24.1,0.51,1,25.78947368,1.052631579,8.027409634,0.856953542,-0.032336907,Yes,No,Normal,Safe,Stable
25-01-2024 21:00,January,275.82,95.27,2,27.47,6.34,7.98,3.3,1,1,0,1,29.1,33.9,24.1,0.51,1,25.84210526,0.789473684,8.038573084,0.88882683,-0.035119237,No,No,Normal,Safe,Stable
25-01-2024 22:00,January,275.82,95.27,2,27.47,6.34,7.98,3.3,1,1,1,0,29.1,33.9,24.1,0.51,1,25.89473684,0.526315789,8.049736535,0.920700118,-0.037901566,Yes,No,Normal,Safe,Stable
25-01-2024 23:00,January,275.82,95.27,2,27.47,6.34,7.98,3.3,1,1,1,1,29.1,33.9,24.1,0.51,1,25.94736842,0.263157895,8.060899986,0.952573406,-0.040683895,No,No,Normal,Safe,Stable
26-01-2024 00:00,January,275.82,95.27,2,27.47,6.34,7.98,3.3,1,1,1,0,29.1,33.9,24.1,0.51,1,26,0,8.072063437,0.984446693,-0.043466224,Yes,No,Normal,Safe,Stable
26-01-2024 01:00,January,275.82,95.27,2,27.47,6.34,7.98,3.3,1,1,0,0,29.1,33.9,24.1,0.51,1,26,1,8.440858629,0.302882462,0.104384204,No,No,Normal,Safe,Stable
26-01-2024 02:00,January,275.82,95.27,2,27.47,6.34,7.98,3.3,1,1,0,0,29.1,33.9,24.1,0.51,1,26,2,8.140157618,0.939572075,0.002152833,Yes,No,Normal,Safe,Stable
26-01-2024 03:00,January,275.82,95.27,2,27.47,6.34,7.98,3.3,1,1,0,1,29.1,33.9,24.1,0.51,1,26,3,8.066685485,0.224349031,0.858429722,No,No,Normal,Safe,Stable
26-01-2024 04:00,January,275.82,95.27,2,27.47,6.34,7.98,3.3,1,1,1,0,29.1,33.9,24.1,0.51,1,26,4,7.836928818,0.968953886,0.051887398,Yes,No,Normal,Safe,Stable
26-01-2024 05:00,January,275.82,95.27,2,27.47,6.34,7.98,3.3,1,1,0,0,29.1,33.9,24.1,0.51,1,26,5,8.230896314,0.411392732,0.019570235,No,No,Normal,Safe,Stable
26-01-2024 06:00,January,275.82,95.27,2,27.47,6.34,7.98,3.3,1,1,0,1,29.1,33.9,24.1,0.51,1,26.05263158,4.736842105,8.23601204,0.410032136,0.020752401,Yes,No,Normal,Safe,Stable
26-01-2024 07:00,January,275.82,95.27,2,27.47,6.34,7.98,3.3,1,1,0,1,29.1,33.9,24.1,0.51,1,26.10526316,4.473684211,8.241127767,0.40867154,0.021934566,No,No,Normal,Safe,Stable
26-01-2024 08:00,January,275.82,95.27,2,27.47,6.34,7.98,3.3,1,1,0,0,29.1,33.9,24.1,0.51,1,26.15789474,4.210526316,8.246243494,0.407310943,0.023116731,Yes,No,Normal,Safe,Stable
26-01-2024 09:00,January,275.82,95.27,2,27.47,6.34,7.98,3.3,1,1,0,1,29.1,33.9,24.1,0.51,1,26.21052632,3.947368421,8.251359221,0.405950347,0.024298896,No,No,Normal,Safe,Stable
26-01-2024 10:00,January,275.82,95.27,2,27.47,6.34,7.98,3.3,1,1,1,0,29.1,33.9,24.1,0.51,1,26.26315789,3.684210526,8.256474948,0.404589751,0.025481062,Yes,No,Normal,Safe,Stable
26-01-2024 11:00,January,275.82,95.27,2,27.47,6.34,7.98,3.3,1,1,0,0,29.1,33.9,24.1,0.51,1,26.31578947,3.421052632,8.261590674,0.403229154,0.026663227,No,No,Normal,Safe,Stable
26-01-2024 12:00,January,275.82,95.27,2,27.47,6.34,7.98,3.3,1,1,0,0,29.1,33.9,24.1,0.51,1,26.36842105,3.157894737,8.266706401,0.401868558,0.027845392,Yes,No,Normal,Safe,Stable
26-01-2024 13:00,January,275.82,95.27,2,27.47,6.34,7.98,3.3,1,1,0,0,29.1,33.9,24.1,0.51,1,26.42105263,2.894736842,8.271822128,0.400507962,0.029027558,No,No,Normal,Safe,Stable
26-01-2024 14:00,January,275.82,95.27,2,27.47,6.34,7.98,3.3,1,1,0,0,29.1,33.9,24.1,0.51,1,26.47368421,2.631578947,8.276937855,0.399147365,0.030209723,Yes,No,Normal,Safe,Stable
26-01-2024 15:00,January,275.82,95.27,2,27.47,6.34,7.98,3.3,1,1,0,0,29.1,33.9,24.1,0.51,1,26.52631579,2.368421053,8.282053581,0.397786769,0.031391888,No,No,Normal,Safe,Stable
26-01-2024 16:00,January,275.82,95.27,2,27.47,6.34,7.98,3.3,1,1,0,0,29.1,33.9,24.1,0.51,1,26.57894737,2.105263158,8.287169308,0.396426172,0.032574053,Yes,No,Normal,Safe,Stable
26-01-2024 17:00,January,275.82,95.27,2,27.47,6.34,7.98,3.3,1,1,0,0,29.1,33.9,24.1,0.51,1,26.63157895,1.842105263,8.292285035,0.395065576,0.033756219,No,No,Normal,Safe,Stable
26-01-2024 18:00,January,275.82,95.27,2,27.47,6.34,7.98,3.3,1,1,0,0,29.1,33.9,24.1,0.51,1,26.68421053,1.578947368,8.297400762,0.39370498,0.034938384,Yes,No,Normal,Safe,Stable
26-01-2024 19:00,January,275.82,95.27,2,27.47,6.34,7.98,3.3,1,1,0,0,29.1,33.9,24.1,0.51,1,26.73684211,1.315789474,8.302516488,0.392344383,0.036120549,No,No,Normal,Safe,Stable
26-01-2024 20:00,January,275.82,95.27,2,27.47,6.34,7.98,3.3,1,1,0,1,29.1,33.9,24.1,0.51,1,26.78947368,1.052631579,8.307632215,0.390983787,0.037302714,Yes,No,Normal,Safe,Stable
26-01-2024 21:00,January,275.82,95.27,2,27.47,6.34,7.98,3.3,1,1,0,0,29.1,33.9,24.1,0.51,1,26.84210526,0.789473684,8.312747942,0.389623191,0.03848488,No,No,Normal,Safe,Stable
26-01-2024 22:00,January,275.82,95.27,2,27.47,6.34,7.98,3.3,1,1,0,0,29.1,33.9,24.1,0.51,1,26.89473684,0.526315789,8.317863669,0.388262594,0.039667045,Yes,No,Normal,Safe,Stable
26-01-2024 23:00,January,275.82,95.27,2,27.47,6.34,7.98,3.3,1,1,0,0,29.1,33.9,24.1,0.51,1,26.94736842,0.263157895,8.322979395,0.386901998,0.04084921,No,No,Normal,Safe,Stable
27-01-2024 00:00,January,275.82,95.27,2,27.47,6.34,7.98,3.3,1,1,0,0,29.1,33.9,24.1,0.51,1,27,0,8.328095122,0.385541402,0.042031376,Yes,No,Normal,Safe,Stable
27-01-2024 01:00,January,275.82,95.27,2,27.47,6.34,7.98,3.3,1,1,0,0,29.1,33.9,24.1,0.51,1,27,1,8.10044645,0.931327604,0.044304944,No,No,Normal,Safe,Stable
27-01-2024 02:00,January,275.82,95.27,2,27.47,6.34,7.98,3.3,1,1,0,0,29.1,33.9,24.1,0.51,1,27,2,7.632638643,0.946472877,0.017791077,Yes,No,Normal,Safe,Stable
27-01-2024 03:00,January,275.82,95.27,2,27.47,6.34,7.98,3.3,1,1,0,0,29.1,33.9,24.1,0.51,1,27,3,8.411680392,0.213493296,1.001963534,No,No,Normal,Safe,Stable
27-01-2024 04:00,January,275.82,95.27,2,27.47,6.34,7.98,3.3,1,1,1,0,29.1,33.9,24.1,0.51,1,27,4,7.589045994,0.305637695,0.882576869,Yes,No,Normal,Safe,Stable
27-01-2024 05:00,January,275.82,95.27,2,27.47,6.34,7.98,3.3,1,1,0,0,29.1,33.9,24.1,0.51,1,27,5,8.420637126,0.369131843,0.024930941,No,No,Normal,Safe,Stable
27-01-2024 06:00,January,275.82,95.27,2,27.47,6.34,7.98,3.3,1,1,0,0,29.1,33.9,24.1,0.51,1,27.05263158,4.736842105,8.381752074,0.372500455,0.023079466,Yes,No,Normal,Safe,Stable
27-01-2024 07:00,January,275.82,95.27,2,27.47,6.34,7.98,3.3,1,1,0,0,29.1,33.9,24.1,0.51,1,27.10526316,4.473684211,8.342867022,0.375869066,0.021227991,No,No,Normal,Safe,Stable
27-01-2024 08:00,January,275.82,95.27,2,27.47,6.34,7.98,3.3,1,1,0,0,29.1,33.9,24.1,0.51,1,27.15789474,4.210526316,8.303981969,0.379237678,0.019376516,Yes,No,Normal,Safe,Stable
27-01-2024 09:00,January,275.82,95.27,2,27.47,6.34,7.98,3.3,1,1,0,0,29.1,33.9,24.1,0.51,1,27.21052632,3.947368421,8.265096917,0.382606289,0.017525041,No,No,Normal,Safe,Stable
27-01-2024 10:00,January,275.82,95.27,2,27.47,6.34,7.98,3.3,1,1,0,0,29.1,33.9,24.1,0.51,1,27.26315789,3.684210526,8.226211865,0.385974901,0.015673566,Yes,No,Normal,Safe,Stable
27-01-2024 11:00,January,275.82,95.27,2,27.47,6.34,7.98,3.3,1,1,0,0,29.1,33.9,24.1,0.51,1,27.31578947,3.421052632,8.187326813,0.389343512,0.013822091,No,No,Normal,Safe,Stable
27-01-2024 12:00,January,275.82,95.27,2,27.47,6.34,7.98,3.3,1,1,0,0,29.1,33.9,24.1,0.51,1,27.36842105,3.157894737,8.14844176,0.392712124,0.011970616,Yes,No,Normal,Safe,Stable
27-01-2024 13:00,January,275.82,95.27,2,27.47,6.34,7.98,3.3,1,1,0,0,29.1,33.9,24.1,0.51,1,27.42105263,2.894736842,8.109556708,0.396080735,0.010119141,No,No,Normal,Safe,Stable
27-01-2024 14:00,January,275.82,95.27,2,27.47,6.34,7.98,3.3,1,1,1,0,29.1,33.9,24.1,0.51,1,27.47368421,2.631578947,8.070671656,0.399449347,0.008267666,Yes,No,Normal,Safe,Stable
27-01-2024 15:00,January,275.82,95.27,2,27.47,6.34,7.98,3.3,1,1,0,1,29.1,33.9,24.1,0.51,1,27.52631579,2.368421053,8.031786604,0.402817959,0.006416191,No,No,Normal,Safe,Stable
27-01-2024 16:00,January,275.82,95.27,2,27.47,6.34,7.98,3.3,1,1,1,1,29.1,33.9,24.1,0.51,1,27.57894737,2.105263158,7.992901551,0.40618657,0.004564716,Yes,No,Normal,Safe,Stable
27-01-2024 17:00,January,275.82,95.27,2,27.47,6.34,7.98,3.3,1,1,0,0,29.1,33.9,24.1,0.51,1,27.63157895,1.842105263,7.954016499,0.409555182,0.002713241,No,No,Normal,Safe,Stable
27-01-2024 18:00,January,275.82,95.27,2,27.47,6.34,7.98,3.3,1,1,1,0,29.1,33.9,24.1,0.51,1,27.68421053,1.578947368,7.915131447,0.412923793,0.000861766,Yes,No,Normal,Safe,Stable
27-01-2024 19:00,January,275.82,95.27,2,27.47,6.34,7.98,3.3,1,1,0,0,29.1,33.9,24.1,0.51,1,27.73684211,1.315789474,7.876246395,0.416292405,-0.000989709,No,No,Normal,Safe,Stable
27-01-2024 20:00,January,275.82,95.27,2,27.47,6.34,7.98,3.3,1,1,0,0,29.1,33.9,24.1,0.51,1,27.78947368,1.052631579,7.837361342,0.419661016,-0.002841184,Yes,No,Normal,Safe,Stable
27-01-2024 21:00,January,275.82,95.27,2,27.47,6.34,7.98,3.3,1,1,0,0,29.1,33.9,24.1,0.51,1,27.84210526,0.789473684,7.79847629,0.423029628,-0.004692659,No,No,Normal,Safe,Stable
27-01-2024 22:00,January,275.82,95.27,2,27.47,6.34,7.98,3.3,1,1,0,0,29.1,33.9,24.1,0.51,1,27.89473684,0.526315789,7.759591238,0.426398239,-0.006544134,Yes,No,Normal,Safe,Stable
27-01-2024 23:00,January,275.82,95.27,2,27.47,6.34,7.98,3.3,1,1,0,0,29.1,33.9,24.1,0.51,1,27.94736842,0.263157895,7.720706185,0.429766851,-0.008395609,No,No,Normal,Safe,Stable
28-01-2024 00:00,January,275.82,95.27,2,27.47,6.34,7.98,3.3,1,1,0,1,29.1,33.9,24.1,0.51,1,28,0,7.681821133,0.433135462,-0.010247084,Yes,No,Normal,Safe,Stable
28-01-2024 01:00,January,275.82,95.27,2,27.47,6.34,7.98,3.3,1,1,0,0,29.1,33.9,24.1,0.51,1,28,1,7.913342904,0.991311662,0.021847472,No,No,Normal,Safe,Stable
28-01-2024 02:00,January,275.82,95.27,2,27.47,6.34,7.98,3.3,1,1,0,0,29.1,33.9,24.1,0.51,1,28,2,7.994654791,0.990864784,0.01165891,Yes,No,Normal,Safe,Stable
28-01-2024 03:00,January,275.82,95.27,2,27.47,6.34,7.98,3.3,1,1,0,0,29.1,33.9,24.1,0.51,1,28,3,7.771856981,0.975852854,0.008267954,No,No,Normal,Safe,Stable
28-01-2024 04:00,January,275.82,95.27,2,27.47,6.34,7.98,3.3,1,1,0,0,29.1,33.9,24.1,0.51,1,28,4,7.903824465,0.255071356,0.84887737,Yes,No,Normal,Safe,Stable
28-01-2024 05:00,January,275.82,95.27,2,27.47,6.34,7.98,3.3,1,1,1,0,29.1,33.9,24.1,0.51,1,28,5,8.40806997,0.389257516,0.00667949,No,No,Normal,Safe,Stable
28-01-2024 06:00,January,275.8450549,95.2456044,1.989010989,27.45934066,6.341428571,7.972967033,3.294395604,1.010989011,1.010989011,0,0,29.1,33.9,24.1,0.506593407,1.010989011,27.7032967,4.945054945,8.402501524,0.389266725,0.006990586,Yes,No,Normal,Safe,Stable
28-01-2024 07:00,January,275.8701099,95.22120879,1.978021978,27.44868132,6.342857143,7.965934066,3.288791209,1.021978022,1.021978022,0,0,29.1,33.9,24.1,0.503186813,1.021978022,27.40659341,4.89010989,8.396933078,0.389275934,0.007301683,No,No,Normal,Safe,Stable
28-01-2024 08:00,January,275.8951648,95.19681319,1.967032967,27.43802198,6.344285714,7.958901099,3.283186813,1.032967033,1.032967033,1,0,29.1,33.9,24.1,0.49978022,1.032967033,27.10989011,4.835164835,8.391364632,0.389285143,0.007612779,Yes,No,Normal,Safe,Stable
28-01-2024 09:00,January,275.9202198,95.17241758,1.956043956,27.42736264,6.345714286,7.951868132,3.277582418,1.043956044,1.043956044,1,0,29.1,33.9,24.1,0.496373626,1.043956044,26.81318681,4.78021978,8.385796186,0.389294352,0.007923876,No,No,Normal,Safe,Stable
28-01-2024 10:00,January,275.9452747,95.14802198,1.945054945,27.4167033,6.347142857,7.944835165,3.271978022,1.054945055,1.054945055,0,0,29.1,33.9,24.1,0.492967033,1.054945055,26.51648352,4.725274725,8.38022774,0.389303561,0.008234972,Yes,No,Normal,Safe,Stable
28-01-2024 11:00,January,275.9703297,95.12362637,1.934065934,27.40604396,6.348571429,7.937802198,3.266373626,1.065934066,1.065934066,0,0,29.1,33.9,24.1,0.48956044,1.065934066,26.21978022,4.67032967,8.374659294,0.38931277,0.008546069,No,No,Normal,Safe,Stable
28-01-2024 12:00,January,275.9953846,95.09923077,1.923076923,27.39538462,6.35,7.930769231,3.260769231,1.076923077,1.076923077,0,0,29.1,33.9,24.1,0.486153846,1.076923077,25.92307692,4.615384615,8.369090848,0.389321979,0.008857166,Yes,No,Normal,Safe,Stable
28-01-2024 13:00,January,276.0204396,95.07483516,1.912087912,27.38472527,6.351428571,7.923736264,3.255164835,1.087912088,1.087912088,0,0,29.1,33.9,24.1,0.482747253,1.087912088,25.62637363,4.56043956,8.363522402,0.389331188,0.009168262,No,No,Normal,Safe,Stable
28-01-2024 14:00,January,276.0454945,95.05043956,1.901098901,27.37406593,6.352857143,7.916703297,3.24956044,1.098901099,1.098901099,0,0,29.1,33.9,24.1,0.479340659,1.098901099,25.32967033,4.505494505,8.357953956,0.389340397,0.009479359,Yes,No,Normal,Safe,Stable
28-01-2024 15:00,January,276.0705495,95.02604396,1.89010989,27.36340659,6.354285714,7.90967033,3.243956044,1.10989011,1.10989011,0,0,29.1,33.9,24.1,0.475934066,1.10989011,25.03296703,4.450549451,8.35238551,0.389349606,0.009790455,No,No,Normal,Safe,Stable
28-01-2024 16:00,January,276.0956044,95.00164835,1.879120879,27.35274725,6.355714286,7.902637363,3.238351648,1.120879121,1.120879121,1,0,29.1,33.9,24.1,0.472527473,1.120879121,24.73626374,4.395604396,8.346817064,0.389358815,0.010101552,Yes,No,Normal,Safe,Stable
28-01-2024 17:00,January,276.1206593,94.97725275,1.868131868,27.34208791,6.357142857,7.895604396,3.232747253,1.131868132,1.131868132,1,1,29.1,33.9,24.1,0.469120879,1.131868132,24.43956044,4.340659341,8.341248618,0.389368024,0.010412648,No,No,Normal,Safe,Stable
28-01-2024 18:00,January,276.1457143,94.95285714,1.857142857,27.33142857,6.358571429,7.888571429,3.227142857,1.142857143,1.142857143,1,0,29.1,33.9,24.1,0.465714286,1.142857143,24.14285714,4.285714286,8.335680172,0.389377233,0.010723745,Yes,No,Normal,Safe,Stable
28-01-2024 19:00,January,276.1707692,94.92846154,1.846153846,27.32076923,6.36,7.881538462,3.221538462,1.153846154,1.153846154,0,0,29.1,33.9,24.1,0.462307692,1.153846154,23.84615385,4.230769231,8.330111727,0.389386441,0.011034842,No,No,Normal,Safe,Stable
28-01-2024 20:00,January,276.1958242,94.90406593,1.835164835,27.31010989,6.361428571,7.874505495,3.215934066,1.164835165,1.164835165,0,0,29.1,33.9,24.1,0.458901099,1.164835165,23.54945055,4.175824176,8.324543281,0.38939565,0.011345938,Yes,No,Normal,Safe,Stable
28-01-2024 21:00,January,276.2208791,94.87967033,1.824175824,27.29945055,6.362857143,7.867472527,3.21032967,1.175824176,1.175824176,0,0,29.1,33.9,24.1,0.455494505,1.175824176,23.25274725,4.120879121,8.318974835,0.389404859,0.011657035,No,No,Normal,Safe,Stable
28-01-2024 22:00,January,276.2459341,94.85527473,1.813186813,27.28879121,6.364285714,7.86043956,3.204725275,1.186813187,1.186813187,0,0,29.1,33.9,24.1,0.452087912,1.186813187,22.95604396,4.065934066,8.313406389,0.389414068,0.011968131,Yes,No,Normal,Safe,Stable
28-01-2024 23:00,January,276.270989,94.83087912,1.802197802,27.27813187,6.365714286,7.853406593,3.199120879,1.197802198,1.197802198,0,0,29.1,33.9,24.1,0.448681319,1.197802198,22.65934066,4.010989011,8.307837943,0.389423277,0.012279228,No,No,Normal,Safe,Stable
29-01-2024 00:00,January,276.296044,94.80648352,1.791208791,27.26747253,6.367142857,7.846373626,3.193516484,1.208791209,1.208791209,0,0,29.1,33.9,24.1,0.445274725,1.208791209,22.36263736,3.956043956,8.302269497,0.389432486,0.012590324,Yes,No,Normal,Safe,Stable
29-01-2024 01:00,January,276.3210989,94.78208791,1.78021978,27.25681319,6.368571429,7.839340659,3.187912088,1.21978022,1.21978022,0,0,29.1,33.9,24.1,0.441868132,1.21978022,22.06593407,3.901098901,8.296701051,0.389441695,0.012901421,No,No,Normal,Safe,Stable
29-01-2024 02:00,January,276.3461538,94.75769231,1.769230769,27.24615385,6.37,7.832307692,3.182307692,1.230769231,1.230769231,0,0,29.1,33.9,24.1,0.438461538,1.230769231,21.76923077,3.846153846,8.291132605,0.389450904,0.013212518,Yes,No,Normal,Safe,Stable
29-01-2024 03:00,January,276.3712088,94.7332967,1.758241758,27.23549451,6.371428571,7.825274725,3.176703297,1.241758242,1.241758242,0,0,29.1,33.9,24.1,0.435054945,1.241758242,21.47252747,3.791208791,8.285564159,0.389460113,0.013523614,No,No,Normal,Safe,Stable
29-01-2024 04:00,January,276.3962637,94.7089011,1.747252747,27.22483516,6.372857143,7.818241758,3.171098901,1.252747253,1.252747253,0,0,29.1,33.9,24.1,0.431648352,1.252747253,21.17582418,3.736263736,8.279995713,0.389469322,0.013834711,Yes,No,Normal,Safe,Stable
29-01-2024 05:00,January,276.4213187,94.68450549,1.736263736,27.21417582,6.374285714,7.811208791,3.165494505,1.263736264,1.263736264,0,0,29.1,33.9,24.1,0.428241758,1.263736264,20.87912088,3.681318681,8.274427267,0.389478531,0.014145807,No,No,Normal,Safe,Stable
29-01-2024 06:00,January,276.4463736,94.66010989,1.725274725,27.20351648,6.375714286,7.804175824,3.15989011,1.274725275,1.274725275,1,0,29.1,33.9,24.1,0.424835165,1.274725275,20.58241758,3.626373626,8.268858821,0.38948774,0.014456904,Yes,No,Normal,Safe,Stable
29-01-2024 07:00,January,276.4714286,94.63571429,1.714285714,27.19285714,6.377142857,7.797142857,3.154285714,1.285714286,1.285714286,1,0,29.1,33.9,24.1,0.421428571,1.285714286,20.28571429,3.571428571,8.263290375,0.389496949,0.014768,No,No,Normal,Safe,Stable
29-01-2024 08:00,January,276.4964835,94.61131868,1.703296703,27.1821978,6.378571429,7.79010989,3.148681319,1.296703297,1.296703297,1,0,29.1,33.9,24.1,0.418021978,1.296703297,19.98901099,3.516483516,8.257721929,0.389506158,0.015079097,Yes,No,Normal,Safe,Stable
29-01-2024 09:00,January,276.5215385,94.58692308,1.692307692,27.17153846,6.38,7.783076923,3.143076923,1.307692308,1.307692308,0,0,29.1,33.9,24.1,0.414615385,1.307692308,19.69230769,3.461538462,8.252153483,0.389515367,0.015390194,No,No,Normal,Safe,Stable
29-01-2024 10:00,January,276.5465934,94.56252747,1.681318681,27.16087912,6.381428571,7.776043956,3.137472527,1.318681319,1.318681319,0,0,29.1,33.9,24.1,0.411208791,1.318681319,19.3956044,3.406593407,8.246585037,0.389524576,0.01570129,Yes,No,Normal,Safe,Stable
29-01-2024 11:00,January,276.5716484,94.53813187,1.67032967,27.15021978,6.382857143,7.769010989,3.131868132,1.32967033,1.32967033,0,0,29.1,33.9,24.1,0.407802198,1.32967033,19.0989011,3.351648352,8.241016591,0.389533785,0.016012387,No,No,Normal,Safe,Stable
29-01-2024 12:00,January,276.5967033,94.51373626,1.659340659,27.13956044,6.384285714,7.761978022,3.126263736,1.340659341,1.340659341,0,1,29.1,33.9,24.1,0.404395604,1.340659341,18.8021978,3.296703297,8.235448145,0.389542994,0.016323483,Yes,No,Normal,Safe,Stable
29-01-2024 13:00,January,276.6217582,94.48934066,1.648351648,27.1289011,6.385714286,7.754945055,3.120659341,1.351648352,1.351648352,0,0,29.1,33.9,24.1,0.400989011,1.351648352,18.50549451,3.241758242,8.229879699,0.389552203,0.01663458,No,No,Normal,Safe,Stable
29-01-2024 14:00,January,276.6468132,94.46494505,1.637362637,27.11824176,6.387142857,7.747912088,3.115054945,1.362637363,1.362637363,0,0,29.1,33.9,24.1,0.397582418,1.362637363,18.20879121,3.186813187,8.224311253,0.389561412,0.016945676,Yes,No,Normal,Safe,Stable
29-01-2024 15:00,January,276.6718681,94.44054945,1.626373626,27.10758242,6.388571429,7.740879121,3.109450549,1.373626374,1.373626374,0,0,29.1,33.9,24.1,0.394175824,1.373626374,17.91208791,3.131868132,8.218742807,0.389570621,0.017256773,No,No,Normal,Safe,Stable
29-01-2024 16:00,January,276.6969231,94.41615385,1.615384615,27.09692308,6.39,7.733846154,3.103846154,1.384615385,1.384615385,0,0,29.1,33.9,24.1,0.390769231,1.384615385,17.61538462,3.076923077,8.213174361,0.38957983,0.01756787,Yes,No,Normal,Safe,Stable
29-01-2024 17:00,January,276.721978,94.39175824,1.604395604,27.08626374,6.391428571,7.726813187,3.098241758,1.395604396,1.395604396,0,0,29.1,33.9,24.1,0.387362637,1.395604396,17.31868132,3.021978022,8.207605915,0.389589039,0.017878966,No,No,Normal,Safe,Stable
29-01-2024 18:00,January,276.747033,94.36736264,1.593406593,27.0756044,6.392857143,7.71978022,3.092637363,1.406593407,1.406593407,0,0,29.1,33.9,24.1,0.383956044,1.406593407,17.02197802,2.967032967,8.202037469,0.389598248,0.018190063,Yes,No,Normal,Safe,Stable
29-01-2024 19:00,January,276.7720879,94.34296703,1.582417582,27.06494505,6.394285714,7.712747253,3.087032967,1.417582418,1.417582418,0,0,29.1,33.9,24.1,0.380549451,1.417582418,16.72527473,2.912087912,8.196469024,0.389607457,0.018501159,No,No,Normal,Safe,Stable
29-01-2024 20:00,January,276.7971429,94.31857143,1.571428571,27.05428571,6.395714286,7.705714286,3.081428571,1.428571429,1.428571429,0,0,29.1,33.9,24.1,0.377142857,1.428571429,16.42857143,2.857142857,8.190900578,0.389616666,0.018812256,Yes,No,Normal,Safe,Stable
29-01-2024 21:00,January,276.8221978,94.29417582,1.56043956,27.04362637,6.397142857,7.698681319,3.075824176,1.43956044,1.43956044,0,1,29.1,33.9,24.1,0.373736264,1.43956044,16.13186813,2.802197802,8.185332132,0.389625875,0.019123352,No,No,Normal,Safe,Stable
29-01-2024 22:00,January,276.8472527,94.26978022,1.549450549,27.03296703,6.398571429,7.691648352,3.07021978,1.450549451,1.450549451,0,0,29.1,33.9,24.1,0.37032967,1.450549451,15.83516484,2.747252747,8.179763686,0.389635084,0.019434449,Yes,No,Normal,Safe,Stable
29-01-2024 23:00,January,276.8723077,94.24538462,1.538461538,27.02230769,6.4,7.684615385,3.064615385,1.461538462,1.461538462,0,0,29.1,33.9,24.1,0.366923077,1.461538462,15.53846154,2.692307692,8.17419524,0.389644292,0.019745546,No,No,Normal,Safe,Stable
30-01-2024 00:00,January,276.8973626,94.22098901,1.527472527,27.01164835,6.401428571,7.677582418,3.059010989,1.472527473,1.472527473,1,0,29.1,33.9,24.1,0.363516484,1.472527473,15.24175824,2.637362637,8.168626794,0.389653501,0.020056642,Yes,No,Normal,Safe,Stable
30-01-2024 01:00,January,276.9224176,94.19659341,1.516483516,27.00098901,6.402857143,7.670549451,3.053406593,1.483516484,1.483516484,0,0,29.1,33.9,24.1,0.36010989,1.483516484,14.94505495,2.582417582,8.163058348,0.38966271,0.020367739,No,No,Normal,Safe,Stable
30-01-2024 02:00,January,276.9474725,94.1721978,1.505494505,26.99032967,6.404285714,7.663516484,3.047802198,1.494505495,1.494505495,0,0,29.1,33.9,24.1,0.356703297,1.494505495,14.64835165,2.527472527,8.157489902,0.389671919,0.020678835,Yes,No,Normal,Safe,Stable
30-01-2024 03:00,January,276.9725275,94.1478022,1.494505495,26.97967033,6.405714286,7.656483516,3.042197802,1.505494505,1.505494505,0,0,29.1,33.9,24.1,0.353296703,1.505494505,14.35164835,2.472527473,8.151921456,0.389681128,0.020989932,No,No,Normal,Safe,Stable
30-01-2024 04:00,January,276.9975824,94.12340659,1.483516484,26.96901099,6.407142857,7.649450549,3.036593407,1.516483516,1.516483516,0,0,29.1,33.9,24.1,0.34989011,1.516483516,14.05494505,2.417582418,8.14635301,0.389690337,0.021301028,Yes,No,Normal,Safe,Stable
30-01-2024 05:00,January,277.0226374,94.09901099,1.472527473,26.95835165,6.408571429,7.642417582,3.030989011,1.527472527,1.527472527,0,1,29.1,33.9,24.1,0.346483516,1.527472527,13.75824176,2.362637363,8.140784564,0.389699546,0.021612125,No,No,Normal,Safe,Stable
30-01-2024 06:00,January,277.0476923,94.07461538,1.461538462,26.94769231,6.41,7.635384615,3.025384615,1.538461538,1.538461538,0,0,29.1,33.9,24.1,0.343076923,1.538461538,13.46153846,2.307692308,8.135216118,0.389708755,0.021923222,Yes,No,Normal,Safe,Stable
30-01-2024 07:00,January,277.0727473,94.05021978,1.450549451,26.93703297,6.411428571,7.628351648,3.01978022,1.549450549,1.549450549,0,0,29.1,33.9,24.1,0.33967033,1.549450549,13.16483516,2.252747253,8.129647672,0.389717964,0.022234318,No,No,Normal,Safe,Stable
30-01-2024 08:00,January,277.0978022,94.02582418,1.43956044,26.92637363,6.412857143,7.621318681,3.014175824,1.56043956,1.56043956,0,0,29.1,33.9,24.1,0.336263736,1.56043956,12.86813187,2.197802198,8.124079226,0.389727173,0.022545415,Yes,No,Normal,Safe,Stable
30-01-2024 09:00,January,277.1228571,94.00142857,1.428571429,26.91571429,6.414285714,7.614285714,3.008571429,1.571428571,1.571428571,0,0,29.1,33.9,24.1,0.332857143,1.571428571,12.57142857,2.142857143,8.11851078,0.389736382,0.022856511,No,No,Normal,Safe,Stable
30-01-2024 10:00,January,277.1479121,93.97703297,1.417582418,26.90505495,6.415714286,7.607252747,3.002967033,1.582417582,1.582417582,1,0,29.1,33.9,24.1,0.329450549,1.582417582,12.27472527,2.087912088,8.112942334,0.389745591,0.023167608,Yes,No,Normal,Safe,Stable
30-01-2024 11:00,January,277.172967,93.95263736,1.406593407,26.8943956,6.417142857,7.60021978,2.997362637,1.593406593,1.593406593,0,0,29.1,33.9,24.1,0.326043956,1.593406593,11.97802198,2.032967033,8.107373888,0.3897548,0.023478704,No,No,Normal,Safe,Stable
30-01-2024 12:00,January,277.198022,93.92824176,1.395604396,26.88373626,6.418571429,7.593186813,2.991758242,1.604395604,1.604395604,0,0,29.1,33.9,24.1,0.322637363,1.604395604,11.68131868,1.978021978,8.101805442,0.389764009,0.023789801,Yes,No,Normal,Safe,Stable
30-01-2024 13:00,January,277.2230769,93.90384615,1.384615385,26.87307692,6.42,7.586153846,2.986153846,1.615384615,1.615384615,0,1,29.1,33.9,24.1,0.319230769,1.615384615,11.38461538,1.923076923,8.096236996,0.389773218,0.024100898,No,No,Normal,Safe,Stable
30-01-2024 14:00,January,277.2481319,93.87945055,1.373626374,26.86241758,6.421428571,7.579120879,2.980549451,1.626373626,1.626373626,0,0,29.1,33.9,24.1,0.315824176,1.626373626,11.08791209,1.868131868,8.09066855,0.389782427,0.024411994,Yes,No,Normal,Safe,Stable
30-01-2024 15:00,January,277.2731868,93.85505495,1.362637363,26.85175824,6.422857143,7.572087912,2.974945055,1.637362637,1.637362637,0,0,29.1,33.9,24.1,0.312417582,1.637362637,10.79120879,1.813186813,8.085100104,0.389791636,0.024723091,No,No,Normal,Safe,Stable
30-01-2024 16:00,January,277.2982418,93.83065934,1.351648352,26.8410989,6.424285714,7.565054945,2.969340659,1.648351648,1.648351648,0,0,29.1,33.9,24.1,0.309010989,1.648351648,10.49450549,1.758241758,8.079531658,0.389800845,0.025034187,Yes,No,Normal,Safe,Stable
30-01-2024 17:00,January,277.3232967,93.80626374,1.340659341,26.83043956,6.425714286,7.558021978,2.963736264,1.659340659,1.659340659,0,0,29.1,33.9,24.1,0.305604396,1.659340659,10.1978022,1.703296703,8.073963212,0.389810054,0.025345284,No,No,Normal,Safe,Stable
30-01-2024 18:00,January,277.3483516,93.78186813,1.32967033,26.81978022,6.427142857,7.550989011,2.958131868,1.67032967,1.67032967,0,0,29.1,33.9,24.1,0.302197802,1.67032967,9.901098901,1.648351648,8.068394766,0.389819263,0.02565638,Yes,No,Normal,Safe,Stable
30-01-2024 19:00,January,277.3734066,93.75747253,1.318681319,26.80912088,6.428571429,7.543956044,2.952527473,1.681318681,1.681318681,0,0,29.1,33.9,24.1,0.298791209,1.681318681,9.604395604,1.593406593,8.062826321,0.389828472,0.025967477,No,No,Normal,Safe,Stable
30-01-2024 20:00,January,277.3984615,93.73307692,1.307692308,26.79846154,6.43,7.536923077,2.946923077,1.692307692,1.692307692,0,0,29.1,33.9,24.1,0.295384615,1.692307692,9.307692308,1.538461538,8.057257875,0.389837681,0.026278574,Yes,No,Normal,Safe,Stable
30-01-2024 21:00,January,277.4235165,93.70868132,1.296703297,26.7878022,6.431428571,7.52989011,2.941318681,1.703296703,1.703296703,0,0,29.1,33.9,24.1,0.291978022,1.703296703,9.010989011,1.483516484,8.051689429,0.38984689,0.02658967,No,No,Normal,Safe,Stable
30-01-2024 22:00,January,277.4485714,93.68428571,1.285714286,26.77714286,6.432857143,7.522857143,2.935714286,1.714285714,1.714285714,0,0,29.1,33.9,24.1,0.288571429,1.714285714,8.714285714,1.428571429,8.046120983,0.389856099,0.026900767,Yes,No,Normal,Safe,Stable
30-01-2024 23:00,January,277.4736264,93.65989011,1.274725275,26.76648352,6.434285714,7.515824176,2.93010989,1.725274725,1.725274725,0,0,29.1,33.9,24.1,0.285164835,1.725274725,8.417582418,1.373626374,8.040552537,0.389865308,0.027211863,No,No,Normal,Safe,Stable
31-01-2024 00:00,January,277.4986813,93.63549451,1.263736264,26.75582418,6.435714286,7.508791209,2.924505495,1.736263736,1.736263736,1,0,29.1,33.9,24.1,0.281758242,1.736263736,8.120879121,1.318681319,8.034984091,0.389874517,0.02752296,Yes,No,Normal,Safe,Stable
31-01-2024 01:00,January,277.5237363,93.6110989,1.252747253,26.74516484,6.437142857,7.501758242,2.918901099,1.747252747,1.747252747,0,0,29.1,33.9,24.1,0.278351648,1.747252747,7.824175824,1.263736264,8.029415645,0.389883726,0.027834056,No,No,Normal,Safe,Stable
31-01-2024 02:00,January,277.5487912,93.5867033,1.241758242,26.73450549,6.438571429,7.494725275,2.913296703,1.758241758,1.758241758,0,1,29.1,33.9,24.1,0.274945055,1.758241758,7.527472527,1.208791209,8.023847199,0.389892935,0.028145153,Yes,No,Normal,Safe,Stable
31-01-2024 03:00,January,277.5738462,93.56230769,1.230769231,26.72384615,6.44,7.487692308,2.907692308,1.769230769,1.769230769,0,0,29.1,33.9,24.1,0.271538462,1.769230769,7.230769231,1.153846154,8.018278753,0.389902143,0.02845625,No,No,Normal,Safe,Stable
31-01-2024 04:00,January,277.5989011,93.53791209,1.21978022,26.71318681,6.441428571,7.480659341,2.902087912,1.78021978,1.78021978,0,0,29.1,33.9,24.1,0.268131868,1.78021978,6.934065934,1.098901099,8.012710307,0.389911352,0.028767346,Yes,No,Normal,Safe,Stable
31-01-2024 05:00,January,277.623956,93.51351648,1.208791209,26.70252747,6.442857143,7.473626374,2.896483516,1.791208791,1.791208791,0,0,29.1,33.9,24.1,0.264725275,1.791208791,6.637362637,1.043956044,8.007141861,0.389920561,0.029078443,No,No,Normal,Safe,Stable
31-01-2024 06:00,January,277.649011,93.48912088,1.197802198,26.69186813,6.444285714,7.466593407,2.890879121,1.802197802,1.802197802,1,0,29.1,33.9,24.1,0.261318681,1.802197802,6.340659341,0.989010989,8.001573415,0.38992977,0.029389539,Yes,No,Normal,Safe,Stable
31-01-2024 07:00,January,277.6740659,93.46472527,1.186813187,26.68120879,6.445714286,7.45956044,2.885274725,1.813186813,1.813186813,0,1,29.1,33.9,24.1,0.257912088,1.813186813,6.043956044,0.934065934,7.996004969,0.389938979,0.029700636,No,No,Normal,Safe,Stable
31-01-2024 08:00,January,277.6991209,93.44032967,1.175824176,26.67054945,6.447142857,7.452527473,2.87967033,1.824175824,1.824175824,0,0,29.1,33.9,24.1,0.254505495,1.824175824,5.747252747,0.879120879,7.990436523,0.389948188,0.030011733,Yes,No,Normal,Safe,Stable
31-01-2024 09:00,January,277.7241758,93.41593407,1.164835165,26.65989011,6.448571429,7.445494505,2.874065934,1.835164835,1.835164835,0,0,29.1,33.9,24.1,0.251098901,1.835164835,5.450549451,0.824175824,7.984868077,0.389957397,0.030322829,No,No,Normal,Safe,Stable
31-01-2024 10:00,January,277.7492308,93.39153846,1.153846154,26.64923077,6.45,7.438461538,2.868461538,1.846153846,1.846153846,0,0,29.1,33.9,24.1,0.247692308,1.846153846,5.153846154,0.769230769,7.979299631,0.389966606,0.030633926,Yes,No,Normal,Safe,Stable
31-01-2024 11:00,January,277.7742857,93.36714286,1.142857143,26.63857143,6.451428571,7.431428571,2.862857143,1.857142857,1.857142857,0,0,29.1,33.9,24.1,0.244285714,1.857142857,4.857142857,0.714285714,7.973731185,0.389975815,0.030945022,No,No,Normal,Safe,Stable
31-01-2024 12:00,January,277.7993407,93.34274725,1.131868132,26.62791209,6.452857143,7.424395604,2.857252747,1.868131868,1.868131868,0,1,29.1,33.9,24.1,0.240879121,1.868131868,4.56043956,0.659340659,7.968162739,0.389985024,0.031256119,Yes,No,Normal,Safe,Stable
31-01-2024 13:00,January,277.8243956,93.31835165,1.120879121,26.61725275,6.454285714,7.417362637,2.851648352,1.879120879,1.879120879,0,1,29.1,33.9,24.1,0.237472527,1.879120879,4.263736264,0.604395604,7.962594293,0.389994233,0.031567215,No,No,Normal,Safe,Stable
31-01-2024 14:00,January,277.8494505,93.29395604,1.10989011,26.60659341,6.455714286,7.41032967,2.846043956,1.89010989,1.89010989,0,0,29.1,33.9,24.1,0.234065934,1.89010989,3.967032967,0.549450549,7.957025847,0.390003442,0.031878312,Yes,No,Normal,Safe,Stable
31-01-2024 15:00,January,277.8745055,93.26956044,1.098901099,26.59593407,6.457142857,7.403296703,2.84043956,1.901098901,1.901098901,0,0,29.1,33.9,24.1,0.230659341,1.901098901,3.67032967,0.494505495,7.951457401,0.390012651,0.032189409,No,No,Normal,Safe,Stable
31-01-2024 16:00,January,277.8995604,93.24516484,1.087912088,26.58527473,6.458571429,7.396263736,2.834835165,1.912087912,1.912087912,1,0,29.1,33.9,24.1,0.227252747,1.912087912,3.373626374,0.43956044,7.945888955,0.39002186,0.032500505,Yes,No,Normal,Safe,Stable
31-01-2024 17:00,January,277.9246154,93.22076923,1.076923077,26.57461538,6.46,7.389230769,2.829230769,1.923076923,1.923076923,0,0,29.1,33.9,24.1,0.223846154,1.923076923,3.076923077,0.384615385,7.940320509,0.390031069,0.032811602,No,No,Normal,Safe,Stable
31-01-2024 18:00,January,277.9496703,93.19637363,1.065934066,26.56395604,6.461428571,7.382197802,2.823626374,1.934065934,1.934065934,0,0,29.1,33.9,24.1,0.22043956,1.934065934,2.78021978,0.32967033,7.934752063,0.390040278,0.033122698,Yes,No,Normal,Safe,Stable
31-01-2024 19:00,January,277.9747253,93.17197802,1.054945055,26.5532967,6.462857143,7.375164835,2.818021978,1.945054945,1.945054945,0,0,29.1,33.9,24.1,0.217032967,1.945054945,2.483516484,0.274725275,7.929183618,0.390049487,0.033433795,No,No,Normal,Safe,Stable
31-01-2024 20:00,January,277.9997802,93.14758242,1.043956044,26.54263736,6.464285714,7.368131868,2.812417582,1.956043956,1.956043956,1,1,29.1,33.9,24.1,0.213626374,1.956043956,2.186813187,0.21978022,7.923615172,0.390058696,0.033744891,Yes,No,Normal,Safe,Stable
31-01-2024 21:00,January,278.0248352,93.12318681,1.032967033,26.53197802,6.465714286,7.361098901,2.806813187,1.967032967,1.967032967,0,0,29.1,33.9,24.1,0.21021978,1.967032967,1.89010989,0.164835165,7.918046726,0.390067905,0.034055988,No,No,Normal,Safe,Stable
31-01-2024 22:00,January,278.0498901,93.09879121,1.021978022,26.52131868,6.467142857,7.354065934,2.801208791,1.978021978,1.978021978,0,0,29.1,33.9,24.1,0.206813187,1.978021978,1.593406593,0.10989011,7.91247828,0.390077114,0.034367085,Yes,No,Normal,Safe,Stable
31-01-2024 23:00,January,278.0749451,93.0743956,1.010989011,26.51065934,6.468571429,7.347032967,2.795604396,1.989010989,1.989010989,0,0,29.1,33.9,24.1,0.203406593,1.989010989,1.296703297,0.054945055,7.906909834,0.390086323,0.034678181,No,No,Normal,Safe,Stable
01-02-2024 00:00,February,278.1,93.05,1,26.5,6.47,7.34,2.79,2,2,1,0,29.1,33.9,24.1,0.2,2,1,0,7.901341388,0.390095532,0.034989278,Yes,No,Normal,Safe,Stable
01-02-2024 01:00,February,278.1,93.05,1,26.5,6.47,7.34,2.79,2,2,1,0,29.1,33.9,24.1,0.2,2,1,1,8.416189349,0.375833329,0.145076909,No,No,Normal,Safe,Stable
01-02-2024 02:00,February,278.1,93.05,1,26.5,6.47,7.34,2.79,2,2,1,0,29.1,33.9,24.1,0.2,2,1,2,7.841009256,0.314418203,0.432533188,Yes,No,Normal,Safe,Stable
01-02-2024 03:00,February,278.1,93.05,1,26.5,6.47,7.34,2.79,2,2,0,0,29.1,33.9,24.1,0.2,2,1,3,8.253273262,0.967733584,0.031783807,No,No,Normal,Safe,Stable
01-02-2024 04:00,February,278.1,93.05,1,26.5,6.47,7.34,2.79,2,2,0,0,29.1,33.9,24.1,0.2,2,1,4,7.92328598,1.001951158,-0.002237848,Yes,No,Normal,Safe,Stable
01-02-2024 05:00,February,278.1,93.05,1,26.5,6.47,7.34,2.79,2,2,0,0,29.1,33.9,24.1,0.2,2,1,5,7.795303252,0.370097581,-0.016156418,No,No,Normal,Safe,Stable
01-02-2024 06:00,February,278.1,93.05,1,26.5,6.47,7.34,2.79,2,2,0,0,29.1,33.9,24.1,0.2,2,1.052631579,4.736842105,7.820385116,0.370189484,-0.016822491,Yes,No,Normal,Safe,Stable
01-02-2024 07:00,February,278.1,93.05,1,26.5,6.47,7.34,2.79,2,2,0,0,29.1,33.9,24.1,0.2,2,1.105263158,4.473684211,7.845466981,0.370281388,-0.017488565,No,No,Normal,Safe,Stable
01-02-2024 08:00,February,278.1,93.05,1,26.5,6.47,7.34,2.79,2,2,0,0,29.1,33.9,24.1,0.2,2,1.157894737,4.210526316,7.870548846,0.370373291,-0.018154638,Yes,No,Normal,Safe,Stable
01-02-2024 09:00,February,278.1,93.05,1,26.5,6.47,7.34,2.79,2,2,0,0,29.1,33.9,24.1,0.2,2,1.210526316,3.947368421,7.89563071,0.370465194,-0.018820712,No,No,Normal,Safe,Stable
01-02-2024 10:00,February,278.1,93.05,1,26.5,6.47,7.34,2.79,2,2,0,0,29.1,33.9,24.1,0.2,2,1.263157895,3.684210526,7.920712575,0.370557098,-0.019486786,Yes,No,Normal,Safe,Stable
01-02-2024 11:00,February,278.1,93.05,1,26.5,6.47,7.34,2.79,2,2,0,0,29.1,33.9,24.1,0.2,2,1.315789474,3.421052632,7.94579444,0.370649001,-0.020152859,No,No,Normal,Safe,Stable
01-02-2024 12:00,February,278.1,93.05,1,26.5,6.47,7.34,2.79,2,2,1,0,29.1,33.9,24.1,0.2,2,1.368421053,3.157894737,7.970876304,0.370740904,-0.020818933,Yes,No,Normal,Safe,Stable
01-02-2024 13:00,February,278.1,93.05,1,26.5,6.47,7.34,2.79,2,2,0,0,29.1,33.9,24.1,0.2,2,1.421052632,2.894736842,7.995958169,0.370832808,-0.021485007,No,No,Normal,Safe,Stable
01-02-2024 14:00,February,278.1,93.05,1,26.5,6.47,7.34,2.79,2,2,0,1,29.1,33.9,24.1,0.2,2,1.473684211,2.631578947,8.021040034,0.370924711,-0.02215108,Yes,No,Normal,Safe,Stable
01-02-2024 15:00,February,278.1,93.05,1,26.5,6.47,7.34,2.79,2,2,0,0,29.1,33.9,24.1,0.2,2,1.526315789,2.368421053,8.046121898,0.371016615,-0.022817154,No,No,Normal,Safe,Stable
01-02-2024 16:00,February,278.1,93.05,1,26.5,6.47,7.34,2.79,2,2,0,0,29.1,33.9,24.1,0.2,2,1.578947368,2.105263158,8.071203763,0.371108518,-0.023483228,Yes,No,Normal,Safe,Stable
01-02-2024 17:00,February,278.1,93.05,1,26.5,6.47,7.34,2.79,2,2,0,1,29.1,33.9,24.1,0.2,2,1.631578947,1.842105263,8.096285628,0.371200421,-0.024149301,No,No,Normal,Safe,Stable
01-02-2024 18:00,February,278.1,93.05,1,26.5,6.47,7.34,2.79,2,2,0,0,29.1,33.9,24.1,0.2,2,1.684210526,1.578947368,8.121367492,0.371292325,-0.024815375,Yes,No,Normal,Safe,Stable
01-02-2024 19:00,February,278.1,93.05,1,26.5,6.47,7.34,2.79,2,2,0,0,29.1,33.9,24.1,0.2,2,1.736842105,1.315789474,8.146449357,0.371384228,-0.025481449,No,No,Normal,Safe,Stable
01-02-2024 20:00,February,278.1,93.05,1,26.5,6.47,7.34,2.79,2,2,1,0,29.1,33.9,24.1,0.2,2,1.789473684,1.052631579,8.171531222,0.371476131,-0.026147522,Yes,No,Normal,Safe,Stable
01-02-2024 21:00,February,278.1,93.05,1,26.5,6.47,7.34,2.79,2,2,0,0,29.1,33.9,24.1,0.2,2,1.842105263,0.789473684,8.196613086,0.371568035,-0.026813596,No,No,Normal,Safe,Stable
01-02-2024 22:00,February,278.1,93.05,1,26.5,6.47,7.34,2.79,2,2,0,0,29.1,33.9,24.1,0.2,2,1.894736842,0.526315789,8.221694951,0.371659938,-0.02747967,Yes,No,Normal,Safe,Stable
01-02-2024 23:00,February,278.1,93.05,1,26.5,6.47,7.34,2.79,2,2,1,1,29.1,33.9,24.1,0.2,2,1.947368421,0.263157895,8.246776816,0.371751842,-0.028145743,No,No,Normal,Safe,Stable
02-02-2024 00:00,February,278.1,93.05,1,26.5,6.47,7.34,2.79,2,2,0,1,29.1,33.9,24.1,0.2,2,2,0,8.27185868,0.371843745,-0.028811817,Yes,No,Normal,Safe,Stable
02-02-2024 01:00,February,278.1,93.05,1,26.5,6.47,7.34,2.79,2,2,0,0,29.1,33.9,24.1,0.2,2,2,1,8.376187539,0.338295013,0.166599643,No,No,Normal,Safe,Stable
02-02-2024 02:00,February,278.1,93.05,1,26.5,6.47,7.34,2.79,2,2,1,0,29.1,33.9,24.1,0.2,2,2,2,8.095653444,0.942856531,0.003923611,Yes,No,Normal,Safe,Stable
02-02-2024 03:00,February,278.1,93.05,1,26.5,6.47,7.34,2.79,2,2,0,0,29.1,33.9,24.1,0.2,2,2,3,8.212555669,0.455549282,0.038641038,No,No,Normal,Safe,Stable
02-02-2024 04:00,February,278.1,93.05,1,26.5,6.47,7.34,2.79,2,2,1,0,29.1,33.9,24.1,0.2,2,2,4,8.350835282,0.981807071,0.031106433,Yes,No,Normal,Safe,Stable
02-02-2024 05:00,February,278.1,93.05,1,26.5,6.47,7.34,2.79,2,2,0,0,29.1,33.9,24.1,0.2,2,2,5,7.871840199,0.942425579,0.024684771,No,No,Normal,Safe,Stable
02-02-2024 06:00,February,278.1,93.05,1,26.5,6.47,7.34,2.79,2,2,0,0,29.1,33.9,24.1,0.2,2,2.052631579,4.736842105,7.87489536,0.91342917,0.023424391,Yes,No,Normal,Safe,Stable
02-02-2024 07:00,February,278.1,93.05,1,26.5,6.47,7.34,2.79,2,2,0,0,29.1,33.9,24.1,0.2,2,2.105263158,4.473684211,7.877950521,0.884432761,0.022164012,No,No,Normal,Safe,Stable
02-02-2024 08:00,February,278.1,93.05,1,26.5,6.47,7.34,2.79,2,2,1,0,29.1,33.9,24.1,0.2,2,2.157894737,4.210526316,7.881005682,0.855436351,0.020903632,Yes,No,Normal,Safe,Stable
02-02-2024 09:00,February,278.1,93.05,1,26.5,6.47,7.34,2.79,2,2,0,0,29.1,33.9,24.1,0.2,2,2.210526316,3.947368421,7.884060843,0.826439942,0.019643252,No,No,Normal,Safe,Stable
02-02-2024 10:00,February,278.1,93.05,1,26.5,6.47,7.34,2.79,2,2,0,1,29.1,33.9,24.1,0.2,2,2.263157895,3.684210526,7.887116004,0.797443532,0.018382872,Yes,No,Normal,Safe,Stable
02-02-2024 11:00,February,278.1,93.05,1,26.5,6.47,7.34,2.79,2,2,0,0,29.1,33.9,24.1,0.2,2,2.315789474,3.421052632,7.890171165,0.768447123,0.017122493,No,No,Normal,Safe,Stable
02-02-2024 12:00,February,278.1,93.05,1,26.5,6.47,7.34,2.79,2,2,0,0,29.1,33.9,24.1,0.2,2,2.368421053,3.157894737,7.893226326,0.739450713,0.015862113,Yes,No,Normal,Safe,Stable
02-02-2024 13:00,February,278.1,93.05,1,26.5,6.47,7.34,2.79,2,2,1,0,29.1,33.9,24.1,0.2,2,2.421052632,2.894736842,7.896281487,0.710454304,0.014601733,No,No,Normal,Safe,Stable
02-02-2024 14:00,February,278.1,93.05,1,26.5,6.47,7.34,2.79,2,2,0,0,29.1,33.9,24.1,0.2,2,2.473684211,2.631578947,7.899336648,0.681457894,0.013341354,Yes,No,Normal,Safe,Stable
02-02-2024 15:00,February,278.1,93.05,1,26.5,6.47,7.34,2.79,2,2,0,0,29.1,33.9,24.1,0.2,2,2.526315789,2.368421053,7.902391809,0.652461485,0.012080974,No,No,Normal,Safe,Stable
02-02-2024 16:00,February,278.1,93.05,1,26.5,6.47,7.34,2.79,2,2,0,0,29.1,33.9,24.1,0.2,2,2.578947368,2.105263158,7.90544697,0.623465075,0.010820594,Yes,No,Normal,Safe,Stable
02-02-2024 17:00,February,278.1,93.05,1,26.5,6.47,7.34,2.79,2,2,0,0,29.1,33.9,24.1,0.2,2,2.631578947,1.842105263,7.908502131,0.594468666,0.009560215,No,No,Normal,Safe,Stable
02-02-2024 18:00,February,278.1,93.05,1,26.5,6.47,7.34,2.79,2,2,0,0,29.1,33.9,24.1,0.2,2,2.684210526,1.578947368,7.911557292,0.565472257,0.008299835,Yes,No,Normal,Safe,Stable
02-02-2024 19:00,February,278.1,93.05,1,26.5,6.47,7.34,2.79,2,2,0,0,29.1,33.9,24.1,0.2,2,2.736842105,1.315789474,7.914612453,0.536475847,0.007039455,No,No,Normal,Safe,Stable
02-02-2024 20:00,February,278.1,93.05,1,26.5,6.47,7.34,2.79,2,2,0,0,29.1,33.9,24.1,0.2,2,2.789473684,1.052631579,7.917667614,0.507479438,0.005779076,Yes,No,Normal,Safe,Stable
02-02-2024 21:00,February,278.1,93.05,1,26.5,6.47,7.34,2.79,2,2,0,0,29.1,33.9,24.1,0.2,2,2.842105263,0.789473684,7.920722775,0.478483028,0.004518696,No,No,Normal,Safe,Stable
02-02-2024 22:00,February,278.1,93.05,1,26.5,6.47,7.34,2.79,2,2,0,0,29.1,33.9,24.1,0.2,2,2.894736842,0.526315789,7.923777937,0.449486619,0.003258316,Yes,No,Normal,Safe,Stable
02-02-2024 23:00,February,278.1,93.05,1,26.5,6.47,7.34,2.79,2,2,0,0,29.1,33.9,24.1,0.2,2,2.947368421,0.263157895,7.926833098,0.420490209,0.001997936,No,No,Normal,Safe,Stable
03-02-2024 00:00,February,278.1,93.05,1,26.5,6.47,7.34,2.79,2,2,0,0,29.1,33.9,24.1,0.2,2,3,0,7.929888259,0.3914938,0.000737557,Yes,No,Normal,Safe,Stable
03-02-2024 01:00,February,278.1,93.05,1,26.5,6.47,7.34,2.79,2,2,1,0,29.1,33.9,24.1,0.2,2,3,1,7.934713295,0.341041097,0.115336198,No,No,Normal,Safe,Stable
03-02-2024 02:00,February,278.1,93.05,1,26.5,6.47,7.34,2.79,2,2,0,0,29.1,33.9,24.1,0.2,2,3,2,8.28164969,0.330982382,0.46156621,Yes,No,Normal,Safe,Stable
03-02-2024 03:00,February,278.1,93.05,1,26.5,6.47,7.34,2.79,2,2,1,0,29.1,33.9,24.1,0.2,2,3,3,8.632268284,0.191466024,0.886537769,No,No,Normal,Safe,Stable
03-02-2024 04:00,February,278.1,93.05,1,26.5,6.47,7.34,2.79,2,2,1,1,29.1,33.9,24.1,0.2,2,3,4,7.802453976,0.989704833,0.003096737,Yes,No,Normal,Safe,Stable
03-02-2024 05:00,February,278.1,93.05,1,26.5,6.47,7.34,2.79,2,2,0,0,29.1,33.9,24.1,0.2,2,3,5,8.042244263,0.909274208,0.020873501,No,No,Normal,Safe,Stable
03-02-2024 06:00,February,278.1,93.05,1,26.5,6.47,7.34,2.79,2,2,0,0,29.1,33.9,24.1,0.2,2,3.052631579,4.736842105,8.026314557,0.882108709,0.020339907,Yes,No,Normal,Safe,Stable
03-02-2024 07:00,February,278.1,93.05,1,26.5,6.47,7.34,2.79,2,2,0,0,29.1,33.9,24.1,0.2,2,3.105263158,4.473684211,8.010384851,0.854943211,0.019806314,No,No,Normal,Safe,Stable
03-02-2024 08:00,February,278.1,93.05,1,26.5,6.47,7.34,2.79,2,2,0,0,29.1,33.9,24.1,0.2,2,3.157894737,4.210526316,7.994455145,0.827777712,0.019272721,Yes,No,Normal,Safe,Stable
03-02-2024 09:00,February,278.1,93.05,1,26.5,6.47,7.34,2.79,2,2,1,0,29.1,33.9,24.1,0.2,2,3.210526316,3.947368421,7.978525439,0.800612214,0.018739127,No,No,Normal,Safe,Stable
03-02-2024 10:00,February,278.1,93.05,1,26.5,6.47,7.34,2.79,2,2,0,0,29.1,33.9,24.1,0.2,2,3.263157895,3.684210526,7.962595733,0.773446715,0.018205534,Yes,No,Normal,Safe,Stable
03-02-2024 11:00,February,278.1,93.05,1,26.5,6.47,7.34,2.79,2,2,0,1,29.1,33.9,24.1,0.2,2,3.315789474,3.421052632,7.946666027,0.746281216,0.01767194,No,No,Normal,Safe,Stable
03-02-2024 12:00,February,278.1,93.05,1,26.5,6.47,7.34,2.79,2,2,0,0,29.1,33.9,24.1,0.2,2,3.368421053,3.157894737,7.930736321,0.719115718,0.017138347,Yes,No,Normal,Safe,Stable
03-02-2024 13:00,February,278.1,93.05,1,26.5,6.47,7.34,2.79,2,2,0,0,29.1,33.9,24.1,0.2,2,3.421052632,2.894736842,7.914806615,0.691950219,0.016604754,No,No,Normal,Safe,Stable
03-02-2024 14:00,February,278.1,93.05,1,26.5,6.47,7.34,2.79,2,2,1,1,29.1,33.9,24.1,0.2,2,3.473684211,2.631578947,7.898876909,0.664784721,0.01607116,Yes,No,Normal,Safe,Stable
03-02-2024 15:00,February,278.1,93.05,1,26.5,6.47,7.34,2.79,2,2,0,0,29.1,33.9,24.1,0.2,2,3.526315789,2.368421053,7.882947202,0.637619222,0.015537567,No,No,Normal,Safe,Stable
03-02-2024 16:00,February,278.1,93.05,1,26.5,6.47,7.34,2.79,2,2,0,0,29.1,33.9,24.1,0.2,2,3.578947368,2.105263158,7.867017496,0.610453723,0.015003973,Yes,No,Normal,Safe,Stable
03-02-2024 17:00,February,278.1,93.05,1,26.5,6.47,7.34,2.79,2,2,0,0,29.1,33.9,24.1,0.2,2,3.631578947,1.842105263,7.85108779,0.583288225,0.01447038,No,No,Normal,Safe,Stable
03-02-2024 18:00,February,278.1,93.05,1,26.5,6.47,7.34,2.79,2,2,1,0,29.1,33.9,24.1,0.2,2,3.684210526,1.578947368,7.835158084,0.556122726,0.013936786,Yes,No,Normal,Safe,Stable
03-02-2024 19:00,February,278.1,93.05,1,26.5,6.47,7.34,2.79,2,2,0,1,29.1,33.9,24.1,0.2,2,3.736842105,1.315789474,7.819228378,0.528957228,0.013403193,No,No,Normal,Safe,Stable
03-02-2024 20:00,February,278.1,93.05,1,26.5,6.47,7.34,2.79,2,2,0,0,29.1,33.9,24.1,0.2,2,3.789473684,1.052631579,7.803298672,0.501791729,0.0128696,Yes,No,Normal,Safe,Stable
03-02-2024 21:00,February,278.1,93.05,1,26.5,6.47,7.34,2.79,2,2,1,0,29.1,33.9,24.1,0.2,2,3.842105263,0.789473684,7.787368966,0.47462623,0.012336006,No,No,Normal,Safe,Stable
03-02-2024 22:00,February,278.1,93.05,1,26.5,6.47,7.34,2.79,2,2,0,0,29.1,33.9,24.1,0.2,2,3.894736842,0.526315789,7.77143926,0.447460732,0.011802413,Yes,No,Normal,Safe,Stable
03-02-2024 23:00,February,278.1,93.05,1,26.5,6.47,7.34,2.79,2,2,1,0,29.1,33.9,24.1,0.2,2,3.947368421,0.263157895,7.755509554,0.420295233,0.011268819,No,No,Normal,Safe,Stable
04-02-2024 00:00,February,278.1,93.05,1,26.5,6.47,7.34,2.79,2,2,1,0,29.1,33.9,24.1,0.2,2,4,0,7.739579848,0.393129734,0.010735226,Yes,No,Normal,Safe,Stable
04-02-2024 01:00,February,278.1,93.05,1,26.5,6.47,7.34,2.79,2,2,0,0,29.1,33.9,24.1,0.2,2,4,1,8.017274775,0.368179929,0.099567997,No,No,Normal,Safe,Stable
04-02-2024 02:00,February,278.1,93.05,1,26.5,6.47,7.34,2.79,2,2,1,0,29.1,33.9,24.1,0.2,2,4,2,8.072275744,0.32312097,0.466252856,Yes,No,Normal,Safe,Stable
04-02-2024 03:00,February,278.1,93.05,1,26.5,6.47,7.34,2.79,2,2,0,0,29.1,33.9,24.1,0.2,2,4,3,7.753592649,0.289906035,0.992842991,No,No,Normal,Safe,Stable
04-02-2024 04:00,February,278.1,93.05,1,26.5,6.47,7.34,2.79,2,2,0,0,29.1,33.9,24.1,0.2,2,4,4,7.744193065,0.941909885,-0.000219943,Yes,No,Normal,Safe,Stable
04-02-2024 05:00,February,278.1,93.05,1,26.5,6.47,7.34,2.79,2,2,0,0,29.1,33.9,24.1,0.2,2,4,5,7.831105365,0.380514376,-0.007383834,No,No,Normal,Safe,Stable
04-02-2024 06:00,February,278.1,93.05,1,26.5,6.47,7.34,2.79,2,2,0,0,29.1,33.9,24.1,0.2,2,4.052631579,4.736842105,7.861228855,0.383239027,-0.006580182,Yes,No,Normal,Safe,Stable
04-02-2024 07:00,February,278.1,93.05,1,26.5,6.47,7.34,2.79,2,2,0,0,29.1,33.9,24.1,0.2,2,4.105263158,4.473684211,7.891352345,0.385963679,-0.005776529,No,No,Normal,Safe,Stable
04-02-2024 08:00,February,278.1,93.05,1,26.5,6.47,7.34,2.79,2,2,0,0,29.1,33.9,24.1,0.2,2,4.157894737,4.210526316,7.921475835,0.38868833,-0.004972876,Yes,No,Normal,Safe,Stable
04-02-2024 09:00,February,278.1,93.05,1,26.5,6.47,7.34,2.79,2,2,0,0,29.1,33.9,24.1,0.2,2,4.210526316,3.947368421,7.951599325,0.391412982,-0.004169224,No,No,Normal,Safe,Stable
04-02-2024 10:00,February,278.1,93.05,1,26.5,6.47,7.34,2.79,2,2,1,0,29.1,33.9,24.1,0.2,2,4.263157895,3.684210526,7.981722815,0.394137633,-0.003365571,Yes,No,Normal,Safe,Stable
04-02-2024 11:00,February,278.1,93.05,1,26.5,6.47,7.34,2.79,2,2,0,0,29.1,33.9,24.1,0.2,2,4.315789474,3.421052632,8.011846305,0.396862285,-0.002561919,No,No,Normal,Safe,Stable
04-02-2024 12:00,February,278.1,93.05,1,26.5,6.47,7.34,2.79,2,2,0,0,29.1,33.9,24.1,0.2,2,4.368421053,3.157894737,8.041969795,0.399586937,-0.001758266,Yes,No,Normal,Safe,Stable
04-02-2024 13:00,February,278.1,93.05,1,26.5,6.47,7.34,2.79,2,2,1,0,29.1,33.9,24.1,0.2,2,4.421052632,2.894736842,8.072093285,0.402311588,-0.000954613,No,No,Normal,Safe,Stable
04-02-2024 14:00,February,278.1,93.05,1,26.5,6.47,7.34,2.79,2,2,0,0,29.1,33.9,24.1,0.2,2,4.473684211,2.631578947,8.102216774,0.40503624,-0.000150961,Yes,No,Normal,Safe,Stable
04-02-2024 15:00,February,278.1,93.05,1,26.5,6.47,7.34,2.79,2,2,0,0,29.1,33.9,24.1,0.2,2,4.526315789,2.368421053,8.132340264,0.407760891,0.000652692,No,No,Normal,Safe,Stable
04-02-2024 16:00,February,278.1,93.05,1,26.5,6.47,7.34,2.79,2,2,0,0,29.1,33.9,24.1,0.2,2,4.578947368,2.105263158,8.162463754,0.410485543,0.001456345,Yes,No,Normal,Safe,Stable
04-02-2024 17:00,February,278.1,93.05,1,26.5,6.47,7.34,2.79,2,2,0,0,29.1,33.9,24.1,0.2,2,4.631578947,1.842105263,8.192587244,0.413210194,0.002259997,No,No,Normal,Safe,Stable
04-02-2024 18:00,February,278.1,93.05,1,26.5,6.47,7.34,2.79,2,2,0,0,29.1,33.9,24.1,0.2,2,4.684210526,1.578947368,8.222710734,0.415934846,0.00306365,Yes,No,Normal,Safe,Stable
04-02-2024 19:00,February,278.1,93.05,1,26.5,6.47,7.34,2.79,2,2,0,0,29.1,33.9,24.1,0.2,2,4.736842105,1.315789474,8.252834224,0.418659498,0.003867302,No,No,Normal,Safe,Stable
04-02-2024 20:00,February,278.1,93.05,1,26.5,6.47,7.34,2.79,2,2,0,0,29.1,33.9,24.1,0.2,2,4.789473684,1.052631579,8.282957714,0.421384149,0.004670955,Yes,No,Normal,Safe,Stable
04-02-2024 21:00,February,278.1,93.05,1,26.5,6.47,7.34,2.79,2,2,0,0,29.1,33.9,24.1,0.2,2,4.842105263,0.789473684,8.313081204,0.424108801,0.005474608,No,No,Normal,Safe,Stable
04-02-2024 22:00,February,278.1,93.05,1,26.5,6.47,7.34,2.79,2,2,0,0,29.1,33.9,24.1,0.2,2,4.894736842,0.526315789,8.343204694,0.426833452,0.00627826,Yes,No,Normal,Safe,Stable
04-02-2024 23:00,February,278.1,93.05,1,26.5,6.47,7.34,2.79,2,2,1,0,29.1,33.9,24.1,0.2,2,4.947368421,0.263157895,8.373328184,0.429558104,0.007081913,No,No,Normal,Safe,Stable
05-02-2024 00:00,February,278.1,93.05,1,26.5,6.47,7.34,2.79,2,2,1,0,29.1,33.9,24.1,0.2,2,5,0,8.403451674,0.432282755,0.007885565,Yes,No,Normal,Safe,Stable
05-02-2024 01:00,February,278.1,93.05,1,26.5,6.47,7.34,2.79,2,2,0,1,29.1,33.9,24.1,0.2,2,5,1,8.510316873,0.358277526,0.434310811,No,No,Normal,Safe,Stable
05-02-2024 02:00,February,278.1,93.05,1,26.5,6.47,7.34,2.79,2,2,0,0,29.1,33.9,24.1,0.2,2,5,2,7.9117101,0.957191373,-0.046872268,Yes,No,Normal,Safe,Stable
05-02-2024 03:00,February,278.1,93.05,1,26.5,6.47,7.34,2.79,2,2,1,0,29.1,33.9,24.1,0.2,2,5,3,8.010169184,0.533759968,0.014526599,No,No,Normal,Safe,Stable
05-02-2024 04:00,February,278.1,93.05,1,26.5,6.47,7.34,2.79,2,2,1,0,29.1,33.9,24.1,0.2,2,5,4,8.566961224,0.955897473,-0.032815537,Yes,No,Normal,Safe,Stable
05-02-2024 05:00,February,278.1,93.05,1,26.5,6.47,7.34,2.79,2,2,1,0,29.1,33.9,24.1,0.2,2,5,5,8.20071676,0.351486758,0.047580706,No,No,Normal,Safe,Stable
05-02-2024 06:00,February,278.1,93.05,1,26.5,6.47,7.34,2.79,2,2,0,0,29.1,33.9,24.1,0.2,2,5.052631579,4.736842105,8.198721657,0.35269375,0.045924295,Yes,No,Normal,Safe,Stable
05-02-2024 07:00,February,278.1,93.05,1,26.5,6.47,7.34,2.79,2,2,1,0,29.1,33.9,24.1,0.2,2,5.105263158,4.473684211,8.196726554,0.353900742,0.044267883,No,No,Normal,Safe,Stable
05-02-2024 08:00,February,278.1,93.05,1,26.5,6.47,7.34,2.79,2,2,0,1,29.1,33.9,24.1,0.2,2,5.157894737,4.210526316,8.194731451,0.355107733,0.042611471,Yes,No,Normal,Safe,Stable
05-02-2024 09:00,February,278.1,93.05,1,26.5,6.47,7.34,2.79,2,2,0,0,29.1,33.9,24.1,0.2,2,5.210526316,3.947368421,8.192736348,0.356314725,0.04095506,No,No,Normal,Safe,Stable
05-02-2024 10:00,February,278.1,93.05,1,26.5,6.47,7.34,2.79,2,2,1,1,29.1,33.9,24.1,0.2,2,5.263157895,3.684210526,8.190741245,0.357521717,0.039298648,Yes,No,Normal,Safe,Stable
05-02-2024 11:00,February,278.1,93.05,1,26.5,6.47,7.34,2.79,2,2,0,0,29.1,33.9,24.1,0.2,2,5.315789474,3.421052632,8.188746142,0.358728709,0.037642237,No,No,Normal,Safe,Stable
05-02-2024 12:00,February,278.1,93.05,1,26.5,6.47,7.34,2.79,2,2,0,1,29.1,33.9,24.1,0.2,2,5.368421053,3.157894737,8.186751039,0.3599357,0.035985825,Yes,No,Normal,Safe,Stable
05-02-2024 13:00,February,278.1,93.05,1,26.5,6.47,7.34,2.79,2,2,0,0,29.1,33.9,24.1,0.2,2,5.421052632,2.894736842,8.184755936,0.361142692,0.034329413,No,No,Normal,Safe,Stable
05-02-2024 14:00,February,278.1,93.05,1,26.5,6.47,7.34,2.79,2,2,0,0,29.1,33.9,24.1,0.2,2,5.473684211,2.631578947,8.182760833,0.362349684,0.032673002,Yes,No,Normal,Safe,Stable
05-02-2024 15:00,February,278.1,93.05,1,26.5,6.47,7.34,2.79,2,2,0,0,29.1,33.9,24.1,0.2,2,5.526315789,2.368421053,8.18076573,0.363556676,0.03101659,No,No,Normal,Safe,Stable
05-02-2024 16:00,February,278.1,93.05,1,26.5,6.47,7.34,2.79,2,2,0,0,29.1,33.9,24.1,0.2,2,5.578947368,2.105263158,8.178770627,0.364763668,0.029360178,Yes,No,Normal,Safe,Stable
05-02-2024 17:00,February,278.1,93.05,1,26.5,6.47,7.34,2.79,2,2,0,0,29.1,33.9,24.1,0.2,2,5.631578947,1.842105263,8.176775524,0.365970659,0.027703767,No,No,Normal,Safe,Stable
05-02-2024 18:00,February,278.1,93.05,1,26.5,6.47,7.34,2.79,2,2,0,0,29.1,33.9,24.1,0.2,2,5.684210526,1.578947368,8.174780421,0.367177651,0.026047355,Yes,No,Normal,Safe,Stable
05-02-2024 19:00,February,278.1,93.05,1,26.5,6.47,7.34,2.79,2,2,0,0,29.1,33.9,24.1,0.2,2,5.736842105,1.315789474,8.172785318,0.368384643,0.024390944,No,No,Normal,Safe,Stable
05-02-2024 20:00,February,278.1,93.05,1,26.5,6.47,7.34,2.79,2,2,0,0,29.1,33.9,24.1,0.2,2,5.789473684,1.052631579,8.170790215,0.369591635,0.022734532,Yes,No,Normal,Safe,Stable
05-02-2024 21:00,February,278.1,93.05,1,26.5,6.47,7.34,2.79,2,2,0,0,29.1,33.9,24.1,0.2,2,5.842105263,0.789473684,8.168795112,0.370798627,0.02107812,No,No,Normal,Safe,Stable
05-02-2024 22:00,February,278.1,93.05,1,26.5,6.47,7.34,2.79,2,2,0,0,29.1,33.9,24.1,0.2,2,5.894736842,0.526315789,8.166800009,0.372005618,0.019421709,Yes,No,Normal,Safe,Stable
05-02-2024 23:00,February,278.1,93.05,1,26.5,6.47,7.34,2.79,2,2,0,0,29.1,33.9,24.1,0.2,2,5.947368421,0.263157895,8.164804906,0.37321261,0.017765297,No,No,Normal,Safe,Stable
06-02-2024 00:00,February,278.1,93.05,1,26.5,6.47,7.34,2.79,2,2,0,0,29.1,33.9,24.1,0.2,2,6,0,8.162809803,0.374419602,0.016108885,Yes,No,Normal,Safe,Stable
06-02-2024 01:00,February,278.1,93.05,1,26.5,6.47,7.34,2.79,2,2,1,0,29.1,33.9,24.1,0.2,2,6,1,8.003482766,0.36011702,0.136795506,No,No,Normal,Safe,Stable
06-02-2024 02:00,February,278.1,93.05,1,26.5,6.47,7.34,2.79,2,2,0,0,29.1,33.9,24.1,0.2,2,6,2,7.929987393,0.964257741,-0.010872796,Yes,No,Normal,Safe,Stable
06-02-2024 03:00,February,278.1,93.05,1,26.5,6.47,7.34,2.79,2,2,0,0,29.1,33.9,24.1,0.2,2,6,3,8.098025205,0.500103049,-0.009407595,No,No,Normal,Safe,Stable
06-02-2024 04:00,February,278.1,93.05,1,26.5,6.47,7.34,2.79,2,2,0,0,29.1,33.9,24.1,0.2,2,6,4,8.181188082,0.294046692,0.943721632,Yes,No,Normal,Safe,Stable
06-02-2024 05:00,February,278.1,93.05,1,26.5,6.47,7.34,2.79,2,2,0,0,29.1,33.9,24.1,0.2,2,6,5,8.35311629,0.372759185,0.011358457,No,No,Normal,Safe,Stable
06-02-2024 06:00,February,278.1,93.05,1,26.5,6.47,7.34,2.79,2,2,0,0,29.1,33.9,24.1,0.2,2,6.052631579,4.736842105,8.32541886,0.405436243,0.011575191,Yes,No,Normal,Safe,Stable
06-02-2024 07:00,February,278.1,93.05,1,26.5,6.47,7.34,2.79,2,2,0,0,29.1,33.9,24.1,0.2,2,6.105263158,4.473684211,8.29772143,0.438113302,0.011791926,No,No,Normal,Safe,Stable
06-02-2024 08:00,February,278.1,93.05,1,26.5,6.47,7.34,2.79,2,2,1,0,29.1,33.9,24.1,0.2,2,6.157894737,4.210526316,8.270023999,0.47079036,0.01200866,Yes,No,Normal,Safe,Stable
06-02-2024 09:00,February,278.1,93.05,1,26.5,6.47,7.34,2.79,2,2,0,1,29.1,33.9,24.1,0.2,2,6.210526316,3.947368421,8.242326569,0.503467418,0.012225394,No,No,Normal,Safe,Stable
06-02-2024 10:00,February,278.1,93.05,1,26.5,6.47,7.34,2.79,2,2,1,0,29.1,33.9,24.1,0.2,2,6.263157895,3.684210526,8.214629139,0.536144476,0.012442129,Yes,No,Normal,Safe,Stable
06-02-2024 11:00,February,278.1,93.05,1,26.5,6.47,7.34,2.79,2,2,0,1,29.1,33.9,24.1,0.2,2,6.315789474,3.421052632,8.186931709,0.568821534,0.012658863,No,No,Normal,Safe,Stable
06-02-2024 12:00,February,278.1,93.05,1,26.5,6.47,7.34,2.79,2,2,0,0,29.1,33.9,24.1,0.2,2,6.368421053,3.157894737,8.159234279,0.601498593,0.012875598,Yes,No,Normal,Safe,Stable
06-02-2024 13:00,February,278.1,93.05,1,26.5,6.47,7.34,2.79,2,2,0,0,29.1,33.9,24.1,0.2,2,6.421052632,2.894736842,8.131536849,0.634175651,0.013092332,No,No,Normal,Safe,Stable
06-02-2024 14:00,February,278.1,93.05,1,26.5,6.47,7.34,2.79,2,2,0,0,29.1,33.9,24.1,0.2,2,6.473684211,2.631578947,8.103839419,0.666852709,0.013309067,Yes,No,Normal,Safe,Stable
06-02-2024 15:00,February,278.1,93.05,1,26.5,6.47,7.34,2.79,2,2,1,0,29.1,33.9,24.1,0.2,2,6.526315789,2.368421053,8.076141989,0.699529767,0.013525801,No,No,Normal,Safe,Stable
06-02-2024 16:00,February,278.1,93.05,1,26.5,6.47,7.34,2.79,2,2,0,0,29.1,33.9,24.1,0.2,2,6.578947368,2.105263158,8.048444558,0.732206825,0.013742536,Yes,No,Normal,Safe,Stable
06-02-2024 17:00,February,278.1,93.05,1,26.5,6.47,7.34,2.79,2,2,0,0,29.1,33.9,24.1,0.2,2,6.631578947,1.842105263,8.020747128,0.764883884,0.01395927,No,No,Normal,Safe,Stable
06-02-2024 18:00,February,278.1,93.05,1,26.5,6.47,7.34,2.79,2,2,0,0,29.1,33.9,24.1,0.2,2,6.684210526,1.578947368,7.993049698,0.797560942,0.014176005,Yes,No,Normal,Safe,Stable
06-02-2024 19:00,February,278.1,93.05,1,26.5,6.47,7.34,2.79,2,2,1,1,29.1,33.9,24.1,0.2,2,6.736842105,1.315789474,7.965352268,0.830238,0.014392739,No,No,Normal,Safe,Stable
06-02-2024 20:00,February,278.1,93.05,1,26.5,6.47,7.34,2.79,2,2,0,0,29.1,33.9,24.1,0.2,2,6.789473684,1.052631579,7.937654838,0.862915058,0.014609474,Yes,No,Normal,Safe,Stable
06-02-2024 21:00,February,278.1,93.05,1,26.5,6.47,7.34,2.79,2,2,0,0,29.1,33.9,24.1,0.2,2,6.842105263,0.789473684,7.909957408,0.895592116,0.014826208,No,No,Normal,Safe,Stable
06-02-2024 22:00,February,278.1,93.05,1,26.5,6.47,7.34,2.79,2,2,0,0,29.1,33.9,24.1,0.2,2,6.894736842,0.526315789,7.882259978,0.928269175,0.015042943,Yes,No,Normal,Safe,Stable
06-02-2024 23:00,February,278.1,93.05,1,26.5,6.47,7.34,2.79,2,2,0,0,29.1,33.9,24.1,0.2,2,6.947368421,0.263157895,7.854562548,0.960946233,0.015259677,No,No,Normal,Safe,Stable
07-02-2024 00:00,February,278.1,93.05,1,26.5,6.47,7.34,2.79,2,2,0,0,29.1,33.9,24.1,0.2,2,7,0,7.826865117,0.993623291,0.015476412,Yes,No,Normal,Safe,Stable
07-02-2024 01:00,February,278.1,93.05,1,26.5,6.47,7.34,2.79,2,2,1,0,29.1,33.9,24.1,0.2,2,7,1,8.188921189,0.300773751,0.138235798,No,No,Normal,Safe,Stable
07-02-2024 02:00,February,278.1,93.05,1,26.5,6.47,7.34,2.79,2,2,0,0,29.1,33.9,24.1,0.2,2,7,2,7.901137913,1.005927287,0.006117933,Yes,No,Normal,Safe,Stable
07-02-2024 03:00,February,278.1,93.05,1,26.5,6.47,7.34,2.79,2,2,0,0,29.1,33.9,24.1,0.2,2,7,3,8.659086172,0.271321765,0.963413227,No,No,Normal,Safe,Stable
07-02-2024 04:00,February,278.1,93.05,1,26.5,6.47,7.34,2.79,2,2,1,0,29.1,33.9,24.1,0.2,2,7,4,7.889207772,0.300165617,0.831708147,Yes,No,Normal,Safe,Stable
07-02-2024 05:00,February,278.1,93.05,1,26.5,6.47,7.34,2.79,2,2,0,0,29.1,33.9,24.1,0.2,2,7,5,8.218216825,0.351846836,-0.023300455,No,No,Normal,Safe,Stable
07-02-2024 06:00,February,278.1,93.05,1,26.5,6.47,7.34,2.79,2,2,1,0,29.1,33.9,24.1,0.2,2,7.052631579,4.736842105,8.224718635,0.352534361,-0.021018101,Yes,No,Normal,Safe,Stable
07-02-2024 07:00,February,278.1,93.05,1,26.5,6.47,7.34,2.79,2,2,0,0,29.1,33.9,24.1,0.2,2,7.105263158,4.473684211,8.231220445,0.353221885,-0.018735748,No,No,Normal,Safe,Stable
07-02-2024 08:00,February,278.1,93.05,1,26.5,6.47,7.34,2.79,2,2,0,0,29.1,33.9,24.1,0.2,2,7.157894737,4.210526316,8.237722256,0.35390941,-0.016453395,Yes,No,Normal,Safe,Stable
07-02-2024 09:00,February,278.1,93.05,1,26.5,6.47,7.34,2.79,2,2,1,0,29.1,33.9,24.1,0.2,2,7.210526316,3.947368421,8.244224066,0.354596935,-0.014171041,No,No,Normal,Safe,Stable
07-02-2024 10:00,February,278.1,93.05,1,26.5,6.47,7.34,2.79,2,2,0,0,29.1,33.9,24.1,0.2,2,7.263157895,3.684210526,8.250725876,0.35528446,-0.011888688,Yes,No,Normal,Safe,Stable
07-02-2024 11:00,February,278.1,93.05,1,26.5,6.47,7.34,2.79,2,2,0,0,29.1,33.9,24.1,0.2,2,7.315789474,3.421052632,8.257227687,0.355971985,-0.009606335,No,No,Normal,Safe,Stable
07-02-2024 12:00,February,278.1,93.05,1,26.5,6.47,7.34,2.79,2,2,0,0,29.1,33.9,24.1,0.2,2,7.368421053,3.157894737,8.263729497,0.35665951,-0.007323982,Yes,No,Normal,Safe,Stable
07-02-2024 13:00,February,278.1,93.05,1,26.5,6.47,7.34,2.79,2,2,0,0,29.1,33.9,24.1,0.2,2,7.421052632,2.894736842,8.270231307,0.357347034,-0.005041628,No,No,Normal,Safe,Stable
07-02-2024 14:00,February,278.1,93.05,1,26.5,6.47,7.34,2.79,2,2,0,0,29.1,33.9,24.1,0.2,2,7.473684211,2.631578947,8.276733118,0.358034559,-0.002759275,Yes,No,Normal,Safe,Stable
07-02-2024 15:00,February,278.1,93.05,1,26.5,6.47,7.34,2.79,2,2,1,0,29.1,33.9,24.1,0.2,2,7.526315789,2.368421053,8.283234928,0.358722084,-0.000476922,No,No,Normal,Safe,Stable
07-02-2024 16:00,February,278.1,93.05,1,26.5,6.47,7.34,2.79,2,2,0,0,29.1,33.9,24.1,0.2,2,7.578947368,2.105263158,8.289736738,0.359409609,0.001805431,Yes,No,Normal,Safe,Stable
07-02-2024 17:00,February,278.1,93.05,1,26.5,6.47,7.34,2.79,2,2,0,0,29.1,33.9,24.1,0.2,2,7.631578947,1.842105263,8.296238549,0.360097134,0.004087785,No,No,Normal,Safe,Stable
07-02-2024 18:00,February,278.1,93.05,1,26.5,6.47,7.34,2.79,2,2,0,0,29.1,33.9,24.1,0.2,2,7.684210526,1.578947368,8.302740359,0.360784658,0.006370138,Yes,No,Normal,Safe,Stable
07-02-2024 19:00,February,278.1,93.05,1,26.5,6.47,7.34,2.79,2,2,0,0,29.1,33.9,24.1,0.2,2,7.736842105,1.315789474,8.309242169,0.361472183,0.008652491,No,No,Normal,Safe,Stable
07-02-2024 20:00,February,278.1,93.05,1,26.5,6.47,7.34,2.79,2,2,0,0,29.1,33.9,24.1,0.2,2,7.789473684,1.052631579,8.31574398,0.362159708,0.010934844,Yes,No,Normal,Safe,Stable
07-02-2024 21:00,February,278.1,93.05,1,26.5,6.47,7.34,2.79,2,2,0,0,29.1,33.9,24.1,0.2,2,7.842105263,0.789473684,8.32224579,0.362847233,0.013217198,No,No,Normal,Safe,Stable
07-02-2024 22:00,February,278.1,93.05,1,26.5,6.47,7.34,2.79,2,2,0,0,29.1,33.9,24.1,0.2,2,7.894736842,0.526315789,8.3287476,0.363534758,0.015499551,Yes,No,Normal,Safe,Stable
07-02-2024 23:00,February,278.1,93.05,1,26.5,6.47,7.34,2.79,2,2,0,0,29.1,33.9,24.1,0.2,2,7.947368421,0.263157895,8.335249411,0.364222282,0.017781904,No,No,Normal,Safe,Stable
08-02-2024 00:00,February,278.1,93.05,1,26.5,6.47,7.34,2.79,2,2,1,0,29.1,33.9,24.1,0.2,2,8,0,8.341751221,0.364909807,0.020064258,Yes,No,Normal,Safe,Stable
08-02-2024 01:00,February,278.1,93.05,1,26.5,6.47,7.34,2.79,2,2,0,0,29.1,33.9,24.1,0.2,2,8,1,7.877192809,0.988989557,-0.024424708,No,No,Normal,Safe,Stable
08-02-2024 02:00,February,278.1,93.05,1,26.5,6.47,7.34,2.79,2,2,0,0,29.1,33.9,24.1,0.2,2,8,2,7.959272087,0.991938534,-0.030102364,Yes,No,Normal,Safe,Stable
08-02-2024 03:00,February,278.1,93.05,1,26.5,6.47,7.34,2.79,2,2,0,0,29.1,33.9,24.1,0.2,2,8,3,8.092131454,1.009762181,0.022752167,No,No,Normal,Safe,Stable
08-02-2024 04:00,February,278.1,93.05,1,26.5,6.47,7.34,2.79,2,2,0,1,29.1,33.9,24.1,0.2,2,8,4,8.100461502,0.323382798,0.855074699,Yes,No,Normal,Safe,Stable
08-02-2024 05:00,February,278.1,93.05,1,26.5,6.47,7.34,2.79,2,2,0,0,29.1,33.9,24.1,0.2,2,8,5,7.985667738,0.390897146,-0.006243608,No,No,Normal,Safe,Stable
08-02-2024 06:00,February,278.1,93.05,1,26.5,6.47,7.34,2.79,2,2,1,0,29.1,33.9,24.1,0.2,2,8.052631579,4.736842105,7.993159563,0.392227904,-0.003854958,Yes,No,Normal,Safe,Stable
08-02-2024 07:00,February,278.1,93.05,1,26.5,6.47,7.34,2.79,2,2,0,0,29.1,33.9,24.1,0.2,2,8.105263158,4.473684211,8.000651389,0.393558663,-0.001466308,No,No,Normal,Safe,Stable
08-02-2024 08:00,February,278.1,93.05,1,26.5,6.47,7.34,2.79,2,2,0,0,29.1,33.9,24.1,0.2,2,8.157894737,4.210526316,8.008143214,0.394889421,0.000922341,Yes,No,Normal,Safe,Stable
08-02-2024 09:00,February,278.1,93.05,1,26.5,6.47,7.34,2.79,2,2,1,0,29.1,33.9,24.1,0.2,2,8.210526316,3.947368421,8.01563504,0.396220179,0.003310991,No,No,Normal,Safe,Stable
08-02-2024 10:00,February,278.1,93.05,1,26.5,6.47,7.34,2.79,2,2,1,0,29.1,33.9,24.1,0.2,2,8.263157895,3.684210526,8.023126865,0.397550937,0.00569964,Yes,No,Normal,Safe,Stable
08-02-2024 11:00,February,278.1,93.05,1,26.5,6.47,7.34,2.79,2,2,1,0,29.1,33.9,24.1,0.2,2,8.315789474,3.421052632,8.030618691,0.398881695,0.00808829,No,No,Normal,Safe,Stable
08-02-2024 12:00,February,278.1,93.05,1,26.5,6.47,7.34,2.79,2,2,0,0,29.1,33.9,24.1,0.2,2,8.368421053,3.157894737,8.038110517,0.400212453,0.01047694,Yes,No,Normal,Safe,Stable
08-02-2024 13:00,February,278.1,93.05,1,26.5,6.47,7.34,2.79,2,2,0,0,29.1,33.9,24.1,0.2,2,8.421052632,2.894736842,8.045602342,0.401543211,0.012865589,No,No,Normal,Safe,Stable
08-02-2024 14:00,February,278.1,93.05,1,26.5,6.47,7.34,2.79,2,2,1,0,29.1,33.9,24.1,0.2,2,8.473684211,2.631578947,8.053094168,0.402873969,0.015254239,Yes,No,Normal,Safe,Stable
08-02-2024 15:00,February,278.1,93.05,1,26.5,6.47,7.34,2.79,2,2,0,0,29.1,33.9,24.1,0.2,2,8.526315789,2.368421053,8.060585993,0.404204727,0.017642888,No,No,Normal,Safe,Stable
08-02-2024 16:00,February,278.1,93.05,1,26.5,6.47,7.34,2.79,2,2,1,0,29.1,33.9,24.1,0.2,2,8.578947368,2.105263158,8.068077819,0.405535485,0.020031538,Yes,No,Normal,Safe,Stable
08-02-2024 17:00,February,278.1,93.05,1,26.5,6.47,7.34,2.79,2,2,0,0,29.1,33.9,24.1,0.2,2,8.631578947,1.842105263,8.075569644,0.406866243,0.022420188,No,No,Normal,Safe,Stable
08-02-2024 18:00,February,278.1,93.05,1,26.5,6.47,7.34,2.79,2,2,0,0,29.1,33.9,24.1,0.2,2,8.684210526,1.578947368,8.08306147,0.408197002,0.024808837,Yes,No,Normal,Safe,Stable
08-02-2024 19:00,February,278.1,93.05,1,26.5,6.47,7.34,2.79,2,2,1,0,29.1,33.9,24.1,0.2,2,8.736842105,1.315789474,8.090553295,0.40952776,0.027197487,No,No,Normal,Safe,Stable
08-02-2024 20:00,February,278.1,93.05,1,26.5,6.47,7.34,2.79,2,2,1,0,29.1,33.9,24.1,0.2,2,8.789473684,1.052631579,8.098045121,0.410858518,0.029586136,Yes,No,Normal,Safe,Stable
08-02-2024 21:00,February,278.1,93.05,1,26.5,6.47,7.34,2.79,2,2,0,0,29.1,33.9,24.1,0.2,2,8.842105263,0.789473684,8.105536946,0.412189276,0.031974786,No,No,Normal,Safe,Stable
08-02-2024 22:00,February,278.1,93.05,1,26.5,6.47,7.34,2.79,2,2,1,0,29.1,33.9,24.1,0.2,2,8.894736842,0.526315789,8.113028772,0.413520034,0.034363436,Yes,No,Normal,Safe,Stable
08-02-2024 23:00,February,278.1,93.05,1,26.5,6.47,7.34,2.79,2,2,0,0,29.1,33.9,24.1,0.2,2,8.947368421,0.263157895,8.120520597,0.414850792,0.036752085,No,No,Normal,Safe,Stable
09-02-2024 00:00,February,278.1,93.05,1,26.5,6.47,7.34,2.79,2,2,0,0,29.1,33.9,24.1,0.2,2,9,0,8.128012423,0.41618155,0.039140735,Yes,No,Normal,Safe,Stable
09-02-2024 01:00,February,278.1,93.05,1,26.5,6.47,7.34,2.79,2,2,0,0,29.1,33.9,24.1,0.2,2,9,1,8.063256302,0.374165916,0.120987117,No,No,Normal,Safe,Stable
09-02-2024 02:00,February,278.1,93.05,1,26.5,6.47,7.34,2.79,2,2,0,0,29.1,33.9,24.1,0.2,2,9,2,7.896906214,0.967879917,-0.011749337,Yes,No,Normal,Safe,Stable
09-02-2024 03:00,February,278.1,93.05,1,26.5,6.47,7.34,2.79,2,2,0,1,29.1,33.9,24.1,0.2,2,9,3,8.106452688,0.326639964,0.862403301,No,No,Normal,Safe,Stable
09-02-2024 04:00,February,278.1,93.05,1,26.5,6.47,7.34,2.79,2,2,0,0,29.1,33.9,24.1,0.2,2,9,4,8.280304095,0.975136183,0.003672932,Yes,No,Normal,Safe,Stable
09-02-2024 05:00,February,278.1,93.05,1,26.5,6.47,7.34,2.79,2,2,1,0,29.1,33.9,24.1,0.2,2,9,5,8.301596046,0.398304029,0.001642689,No,No,Normal,Safe,Stable
09-02-2024 06:00,February,278.1,93.05,1,26.5,6.47,7.34,2.79,2,2,1,0,29.1,33.9,24.1,0.2,2,9.052631579,4.736842105,8.285128442,0.398630676,0.002710531,Yes,No,Normal,Safe,Stable
09-02-2024 07:00,February,278.1,93.05,1,26.5,6.47,7.34,2.79,2,2,0,0,29.1,33.9,24.1,0.2,2,9.105263158,4.473684211,8.268660837,0.398957323,0.003778374,No,No,Normal,Safe,Stable
09-02-2024 08:00,February,278.1,93.05,1,26.5,6.47,7.34,2.79,2,2,0,0,29.1,33.9,24.1,0.2,2,9.157894737,4.210526316,8.252193233,0.39928397,0.004846216,Yes,No,Normal,Safe,Stable
09-02-2024 09:00,February,278.1,93.05,1,26.5,6.47,7.34,2.79,2,2,0,0,29.1,33.9,24.1,0.2,2,9.210526316,3.947368421,8.235725629,0.399610617,0.005914058,No,No,Normal,Safe,Stable
09-02-2024 10:00,February,278.1,93.05,1,26.5,6.47,7.34,2.79,2,2,0,0,29.1,33.9,24.1,0.2,2,9.263157895,3.684210526,8.219258025,0.399937264,0.0069819,Yes,No,Normal,Safe,Stable
09-02-2024 11:00,February,278.1,93.05,1,26.5,6.47,7.34,2.79,2,2,0,0,29.1,33.9,24.1,0.2,2,9.315789474,3.421052632,8.202790421,0.400263911,0.008049743,No,No,Normal,Safe,Stable
09-02-2024 12:00,February,278.1,93.05,1,26.5,6.47,7.34,2.79,2,2,0,0,29.1,33.9,24.1,0.2,2,9.368421053,3.157894737,8.186322817,0.400590557,0.009117585,Yes,No,Normal,Safe,Stable
09-02-2024 13:00,February,278.1,93.05,1,26.5,6.47,7.34,2.79,2,2,0,1,29.1,33.9,24.1,0.2,2,9.421052632,2.894736842,8.169855213,0.400917204,0.010185427,No,No,Normal,Safe,Stable
09-02-2024 14:00,February,278.1,93.05,1,26.5,6.47,7.34,2.79,2,2,0,0,29.1,33.9,24.1,0.2,2,9.473684211,2.631578947,8.153387609,0.401243851,0.01125327,Yes,No,Normal,Safe,Stable
09-02-2024 15:00,February,278.1,93.05,1,26.5,6.47,7.34,2.79,2,2,0,0,29.1,33.9,24.1,0.2,2,9.526315789,2.368421053,8.136920005,0.401570498,0.012321112,No,No,Normal,Safe,Stable
09-02-2024 16:00,February,278.1,93.05,1,26.5,6.47,7.34,2.79,2,2,0,0,29.1,33.9,24.1,0.2,2,9.578947368,2.105263158,8.1204524,0.401897145,0.013388954,Yes,No,Normal,Safe,Stable
09-02-2024 17:00,February,278.1,93.05,1,26.5,6.47,7.34,2.79,2,2,0,0,29.1,33.9,24.1,0.2,2,9.631578947,1.842105263,8.103984796,0.402223792,0.014456796,No,No,Normal,Safe,Stable
09-02-2024 18:00,February,278.1,93.05,1,26.5,6.47,7.34,2.79,2,2,0,0,29.1,33.9,24.1,0.2,2,9.684210526,1.578947368,8.087517192,0.402550439,0.015524639,Yes,No,Normal,Safe,Stable
09-02-2024 19:00,February,278.1,93.05,1,26.5,6.47,7.34,2.79,2,2,0,0,29.1,33.9,24.1,0.2,2,9.736842105,1.315789474,8.071049588,0.402877086,0.016592481,No,No,Normal,Safe,Stable
09-02-2024 20:00,February,278.1,93.05,1,26.5,6.47,7.34,2.79,2,2,0,0,29.1,33.9,24.1,0.2,2,9.789473684,1.052631579,8.054581984,0.403203732,0.017660323,Yes,No,Normal,Safe,Stable
09-02-2024 21:00,February,278.1,93.05,1,26.5,6.47,7.34,2.79,2,2,0,0,29.1,33.9,24.1,0.2,2,9.842105263,0.789473684,8.03811438,0.403530379,0.018728165,No,No,Normal,Safe,Stable
09-02-2024 22:00,February,278.1,93.05,1,26.5,6.47,7.34,2.79,2,2,0,0,29.1,33.9,24.1,0.2,2,9.894736842,0.526315789,8.021646776,0.403857026,0.019796008,Yes,No,Normal,Safe,Stable
09-02-2024 23:00,February,278.1,93.05,1,26.5,6.47,7.34,2.79,2,2,0,0,29.1,33.9,24.1,0.2,2,9.947368421,0.263157895,8.005179172,0.404183673,0.02086385,No,No,Normal,Safe,Stable
10-02-2024 00:00,February,278.1,93.05,1,26.5,6.47,7.34,2.79,2,2,0,0,29.1,33.9,24.1,0.2,2,10,0,7.988711567,0.40451032,0.021931692,Yes,No,Normal,Safe,Stable
10-02-2024 01:00,February,278.1,93.05,1,26.5,6.47,7.34,2.79,2,2,0,0,29.1,33.9,24.1,0.2,2,10,1,7.734942597,0.970800667,0.042739468,No,No,Normal,Safe,Stable
10-02-2024 02:00,February,278.1,93.05,1,26.5,6.47,7.34,2.79,2,2,0,0,29.1,33.9,24.1,0.2,2,10,2,7.889711095,0.362670901,0.451829974,Yes,No,Normal,Safe,Stable
10-02-2024 03:00,February,278.1,93.05,1,26.5,6.47,7.34,2.79,2,2,0,0,29.1,33.9,24.1,0.2,2,10,3,8.164355239,0.333719647,0.868159369,No,No,Normal,Safe,Stable
10-02-2024 04:00,February,278.1,93.05,1,26.5,6.47,7.34,2.79,2,2,1,0,29.1,33.9,24.1,0.2,2,10,4,8.422315157,0.972848391,0.048524808,Yes,No,Normal,Safe,Stable
10-02-2024 05:00,February,278.1,93.05,1,26.5,6.47,7.34,2.79,2,2,0,0,29.1,33.9,24.1,0.2,2,10,5,8.178252794,0.33778099,0.003161082,No,No,Normal,Safe,Stable
10-02-2024 06:00,February,278.1,93.05,1,26.5,6.47,7.34,2.79,2,2,0,0,29.1,33.9,24.1,0.2,2,10.05263158,4.736842105,8.173204161,0.370832801,0.003558466,Yes,No,Normal,Safe,Stable
10-02-2024 07:00,February,278.1,93.05,1,26.5,6.47,7.34,2.79,2,2,0,0,29.1,33.9,24.1,0.2,2,10.10526316,4.473684211,8.168155528,0.403884612,0.003955851,No,No,Normal,Safe,Stable
10-02-2024 08:00,February,278.1,93.05,1,26.5,6.47,7.34,2.79,2,2,0,0,29.1,33.9,24.1,0.2,2,10.15789474,4.210526316,8.163106894,0.436936423,0.004353235,Yes,No,Normal,Safe,Stable
10-02-2024 09:00,February,278.1,93.05,1,26.5,6.47,7.34,2.79,2,2,0,1,29.1,33.9,24.1,0.2,2,10.21052632,3.947368421,8.158058261,0.469988234,0.00475062,No,No,Normal,Safe,Stable
10-02-2024 10:00,February,278.1,93.05,1,26.5,6.47,7.34,2.79,2,2,0,0,29.1,33.9,24.1,0.2,2,10.26315789,3.684210526,8.153009628,0.503040045,0.005148004,Yes,No,Normal,Safe,Stable
10-02-2024 11:00,February,278.1,93.05,1,26.5,6.47,7.34,2.79,2,2,0,1,29.1,33.9,24.1,0.2,2,10.31578947,3.421052632,8.147960994,0.536091856,0.005545389,No,No,Normal,Safe,Stable
10-02-2024 12:00,February,278.1,93.05,1,26.5,6.47,7.34,2.79,2,2,0,0,29.1,33.9,24.1,0.2,2,10.36842105,3.157894737,8.142912361,0.569143667,0.005942773,Yes,No,Normal,Safe,Stable
10-02-2024 13:00,February,278.1,93.05,1,26.5,6.47,7.34,2.79,2,2,0,0,29.1,33.9,24.1,0.2,2,10.42105263,2.894736842,8.137863728,0.602195478,0.006340158,No,No,Normal,Safe,Stable
10-02-2024 14:00,February,278.1,93.05,1,26.5,6.47,7.34,2.79,2,2,0,0,29.1,33.9,24.1,0.2,2,10.47368421,2.631578947,8.132815094,0.635247288,0.006737542,Yes,No,Normal,Safe,Stable
10-02-2024 15:00,February,278.1,93.05,1,26.5,6.47,7.34,2.79,2,2,0,1,29.1,33.9,24.1,0.2,2,10.52631579,2.368421053,8.127766461,0.668299099,0.007134927,No,No,Normal,Safe,Stable
10-02-2024 16:00,February,278.1,93.05,1,26.5,6.47,7.34,2.79,2,2,0,0,29.1,33.9,24.1,0.2,2,10.57894737,2.105263158,8.122717828,0.70135091,0.007532311,Yes,No,Normal,Safe,Stable
10-02-2024 17:00,February,278.1,93.05,1,26.5,6.47,7.34,2.79,2,2,0,0,29.1,33.9,24.1,0.2,2,10.63157895,1.842105263,8.117669194,0.734402721,0.007929696,No,No,Normal,Safe,Stable
10-02-2024 18:00,February,278.1,93.05,1,26.5,6.47,7.34,2.79,2,2,0,0,29.1,33.9,24.1,0.2,2,10.68421053,1.578947368,8.112620561,0.767454532,0.00832708,Yes,No,Normal,Safe,Stable
10-02-2024 19:00,February,278.1,93.05,1,26.5,6.47,7.34,2.79,2,2,1,1,29.1,33.9,24.1,0.2,2,10.73684211,1.315789474,8.107571928,0.800506343,0.008724465,No,No,Normal,Safe,Stable
10-02-2024 20:00,February,278.1,93.05,1,26.5,6.47,7.34,2.79,2,2,0,0,29.1,33.9,24.1,0.2,2,10.78947368,1.052631579,8.102523295,0.833558154,0.009121849,Yes,No,Normal,Safe,Stable
10-02-2024 21:00,February,278.1,93.05,1,26.5,6.47,7.34,2.79,2,2,0,0,29.1,33.9,24.1,0.2,2,10.84210526,0.789473684,8.097474661,0.866609965,0.009519234,No,No,Normal,Safe,Stable
10-02-2024 22:00,February,278.1,93.05,1,26.5,6.47,7.34,2.79,2,2,0,0,29.1,33.9,24.1,0.2,2,10.89473684,0.526315789,8.092426028,0.899661776,0.009916618,Yes,No,Normal,Safe,Stable
10-02-2024 23:00,February,278.1,93.05,1,26.5,6.47,7.34,2.79,2,2,0,0,29.1,33.9,24.1,0.2,2,10.94736842,0.263157895,8.087377395,0.932713587,0.010314003,No,No,Normal,Safe,Stable
11-02-2024 00:00,February,278.1,93.05,1,26.5,6.47,7.34,2.79,2,2,0,1,29.1,33.9,24.1,0.2,2,11,0,8.082328761,0.965765398,0.010711387,Yes,No,Normal,Safe,Stable
11-02-2024 01:00,February,278.1,93.05,1,26.5,6.47,7.34,2.79,2,2,0,0,29.1,33.9,24.1,0.2,2,11,1,7.989781546,0.332613437,0.106104613,No,No,Normal,Safe,Stable
11-02-2024 02:00,February,278.1,93.05,1,26.5,6.47,7.34,2.79,2,2,0,0,29.1,33.9,24.1,0.2,2,11,2,8.293267396,0.348797696,0.438007642,Yes,No,Normal,Safe,Stable
11-02-2024 03:00,February,278.1,93.05,1,26.5,6.47,7.34,2.79,2,2,0,0,29.1,33.9,24.1,0.2,2,11,3,7.779344985,0.263306139,0.953316953,No,No,Normal,Safe,Stable
11-02-2024 04:00,February,278.1,93.05,1,26.5,6.47,7.34,2.79,2,2,0,0,29.1,33.9,24.1,0.2,2,11,4,8.394208381,0.249760045,0.864707638,Yes,No,Normal,Safe,Stable
11-02-2024 05:00,February,278.1,93.05,1,26.5,6.47,7.34,2.79,2,2,0,0,29.1,33.9,24.1,0.2,2,11,5,8.154796056,0.375539116,0.03716287,No,No,Normal,Safe,Stable
11-02-2024 06:00,February,278.1,93.05,1,26.5,6.47,7.34,2.79,2,2,0,0,29.1,33.9,24.1,0.2,2,11.05263158,4.736842105,8.164911509,0.378282066,0.037942607,Yes,No,Normal,Safe,Stable
11-02-2024 07:00,February,278.1,93.05,1,26.5,6.47,7.34,2.79,2,2,1,0,29.1,33.9,24.1,0.2,2,11.10526316,4.473684211,8.175026963,0.381025016,0.038722344,No,No,Normal,Safe,Stable
11-02-2024 08:00,February,278.1,93.05,1,26.5,6.47,7.34,2.79,2,2,0,0,29.1,33.9,24.1,0.2,2,11.15789474,4.210526316,8.185142417,0.383767967,0.03950208,Yes,No,Normal,Safe,Stable
11-02-2024 09:00,February,278.1,93.05,1,26.5,6.47,7.34,2.79,2,2,0,0,29.1,33.9,24.1,0.2,2,11.21052632,3.947368421,8.195257871,0.386510917,0.040281817,No,No,Normal,Safe,Stable
11-02-2024 10:00,February,278.1,93.05,1,26.5,6.47,7.34,2.79,2,2,0,0,29.1,33.9,24.1,0.2,2,11.26315789,3.684210526,8.205373325,0.389253867,0.041061554,Yes,No,Normal,Safe,Stable
11-02-2024 11:00,February,278.1,93.05,1,26.5,6.47,7.34,2.79,2,2,0,0,29.1,33.9,24.1,0.2,2,11.31578947,3.421052632,8.215488778,0.391996817,0.041841291,No,No,Normal,Safe,Stable
11-02-2024 12:00,February,278.1,93.05,1,26.5,6.47,7.34,2.79,2,2,0,0,29.1,33.9,24.1,0.2,2,11.36842105,3.157894737,8.225604232,0.394739767,0.042621028,Yes,No,Normal,Safe,Stable
11-02-2024 13:00,February,278.1,93.05,1,26.5,6.47,7.34,2.79,2,2,0,1,29.1,33.9,24.1,0.2,2,11.42105263,2.894736842,8.235719686,0.397482717,0.043400765,No,No,Normal,Safe,Stable
11-02-2024 14:00,February,278.1,93.05,1,26.5,6.47,7.34,2.79,2,2,0,0,29.1,33.9,24.1,0.2,2,11.47368421,2.631578947,8.24583514,0.400225667,0.044180502,Yes,No,Normal,Safe,Stable
11-02-2024 15:00,February,278.1,93.05,1,26.5,6.47,7.34,2.79,2,2,1,0,29.1,33.9,24.1,0.2,2,11.52631579,2.368421053,8.255950594,0.402968617,0.044960238,No,No,Normal,Safe,Stable
11-02-2024 16:00,February,278.1,93.05,1,26.5,6.47,7.34,2.79,2,2,0,0,29.1,33.9,24.1,0.2,2,11.57894737,2.105263158,8.266066047,0.405711568,0.045739975,Yes,No,Normal,Safe,Stable
11-02-2024 17:00,February,278.1,93.05,1,26.5,6.47,7.34,2.79,2,2,1,0,29.1,33.9,24.1,0.2,2,11.63157895,1.842105263,8.276181501,0.408454518,0.046519712,No,No,Normal,Safe,Stable
11-02-2024 18:00,February,278.1,93.05,1,26.5,6.47,7.34,2.79,2,2,0,1,29.1,33.9,24.1,0.2,2,11.68421053,1.578947368,8.286296955,0.411197468,0.047299449,Yes,No,Normal,Safe,Stable
11-02-2024 19:00,February,278.1,93.05,1,26.5,6.47,7.34,2.79,2,2,0,0,29.1,33.9,24.1,0.2,2,11.73684211,1.315789474,8.296412409,0.413940418,0.048079186,No,No,Normal,Safe,Stable
11-02-2024 20:00,February,278.1,93.05,1,26.5,6.47,7.34,2.79,2,2,0,0,29.1,33.9,24.1,0.2,2,11.78947368,1.052631579,8.306527862,0.416683368,0.048858923,Yes,No,Normal,Safe,Stable
11-02-2024 21:00,February,278.1,93.05,1,26.5,6.47,7.34,2.79,2,2,0,1,29.1,33.9,24.1,0.2,2,11.84210526,0.789473684,8.316643316,0.419426318,0.049638659,No,No,Normal,Safe,Stable
11-02-2024 22:00,February,278.1,93.05,1,26.5,6.47,7.34,2.79,2,2,0,0,29.1,33.9,24.1,0.2,2,11.89473684,0.526315789,8.32675877,0.422169268,0.050418396,Yes,No,Normal,Safe,Stable
11-02-2024 23:00,February,278.1,93.05,1,26.5,6.47,7.34,2.79,2,2,0,0,29.1,33.9,24.1,0.2,2,11.94736842,0.263157895,8.336874224,0.424912218,0.051198133,No,No,Normal,Safe,Stable
12-02-2024 00:00,February,278.1,93.05,1,26.5,6.47,7.34,2.79,2,2,0,0,29.1,33.9,24.1,0.2,2,12,0,8.346989678,0.427655169,0.05197787,Yes,No,Normal,Safe,Stable
12-02-2024 01:00,February,278.1,93.05,1,26.5,6.47,7.34,2.79,2,2,0,1,29.1,33.9,24.1,0.2,2,12,1,7.461070882,0.995313589,0.01894132,No,No,Normal,Safe,Stable
12-02-2024 02:00,February,278.1,93.05,1,26.5,6.47,7.34,2.79,2,2,1,1,29.1,33.9,24.1,0.2,2,12,2,7.924409178,0.366126672,0.483589366,Yes,No,Normal,Safe,Stable
12-02-2024 03:00,February,278.1,93.05,1,26.5,6.47,7.34,2.79,2,2,0,0,29.1,33.9,24.1,0.2,2,12,3,8.312459841,0.199935893,0.874507459,No,No,Normal,Safe,Stable
12-02-2024 04:00,February,278.1,93.05,1,26.5,6.47,7.34,2.79,2,2,1,0,29.1,33.9,24.1,0.2,2,12,4,8.148892487,0.29953946,0.810751736,Yes,No,Normal,Safe,Stable
12-02-2024 05:00,February,278.1,93.05,1,26.5,6.47,7.34,2.79,2,2,0,0,29.1,33.9,24.1,0.2,2,12,5,8.155865941,0.375614824,0.009438674,No,No,Normal,Safe,Stable
12-02-2024 06:00,February,278.1,93.05,1,26.5,6.47,7.34,2.79,2,2,0,0,29.1,33.9,24.1,0.2,2,12.05263158,4.736842105,8.146269636,0.376803232,0.009495393,Yes,No,Normal,Safe,Stable
12-02-2024 07:00,February,278.1,93.05,1,26.5,6.47,7.34,2.79,2,2,1,0,29.1,33.9,24.1,0.2,2,12.10526316,4.473684211,8.136673331,0.37799164,0.009552112,No,No,Normal,Safe,Stable
12-02-2024 08:00,February,278.1,93.05,1,26.5,6.47,7.34,2.79,2,2,0,0,29.1,33.9,24.1,0.2,2,12.15789474,4.210526316,8.127077026,0.379180048,0.009608831,Yes,No,Normal,Safe,Stable
12-02-2024 09:00,February,278.1,93.05,1,26.5,6.47,7.34,2.79,2,2,0,0,29.1,33.9,24.1,0.2,2,12.21052632,3.947368421,8.117480722,0.380368457,0.00966555,No,No,Normal,Safe,Stable
12-02-2024 10:00,February,278.1,93.05,1,26.5,6.47,7.34,2.79,2,2,0,0,29.1,33.9,24.1,0.2,2,12.26315789,3.684210526,8.107884417,0.381556865,0.009722269,Yes,No,Normal,Safe,Stable
12-02-2024 11:00,February,278.1,93.05,1,26.5,6.47,7.34,2.79,2,2,0,0,29.1,33.9,24.1,0.2,2,12.31578947,3.421052632,8.098288112,0.382745273,0.009778988,No,No,Normal,Safe,Stable
12-02-2024 12:00,February,278.1,93.05,1,26.5,6.47,7.34,2.79,2,2,0,1,29.1,33.9,24.1,0.2,2,12.36842105,3.157894737,8.088691807,0.383933682,0.009835706,Yes,No,Normal,Safe,Stable
12-02-2024 13:00,February,278.1,93.05,1,26.5,6.47,7.34,2.79,2,2,0,0,29.1,33.9,24.1,0.2,2,12.42105263,2.894736842,8.079095502,0.38512209,0.009892425,No,No,Normal,Safe,Stable
12-02-2024 14:00,February,278.1,93.05,1,26.5,6.47,7.34,2.79,2,2,0,0,29.1,33.9,24.1,0.2,2,12.47368421,2.631578947,8.069499197,0.386310498,0.009949144,Yes,No,Normal,Safe,Stable
12-02-2024 15:00,February,278.1,93.05,1,26.5,6.47,7.34,2.79,2,2,0,0,29.1,33.9,24.1,0.2,2,12.52631579,2.368421053,8.059902892,0.387498906,0.010005863,No,No,Normal,Safe,Stable
12-02-2024 16:00,February,278.1,93.05,1,26.5,6.47,7.34,2.79,2,2,0,0,29.1,33.9,24.1,0.2,2,12.57894737,2.105263158,8.050306587,0.388687315,0.010062582,Yes,No,Normal,Safe,Stable
12-02-2024 17:00,February,278.1,93.05,1,26.5,6.47,7.34,2.79,2,2,0,0,29.1,33.9,24.1,0.2,2,12.63157895,1.842105263,8.040710283,0.389875723,0.010119301,No,No,Normal,Safe,Stable
12-02-2024 18:00,February,278.1,93.05,1,26.5,6.47,7.34,2.79,2,2,1,0,29.1,33.9,24.1,0.2,2,12.68421053,1.578947368,8.031113978,0.391064131,0.01017602,Yes,No,Normal,Safe,Stable
12-02-2024 19:00,February,278.1,93.05,1,26.5,6.47,7.34,2.79,2,2,1,0,29.1,33.9,24.1,0.2,2,12.73684211,1.315789474,8.021517673,0.392252539,0.010232738,No,No,Normal,Safe,Stable
12-02-2024 20:00,February,278.1,93.05,1,26.5,6.47,7.34,2.79,2,2,0,0,29.1,33.9,24.1,0.2,2,12.78947368,1.052631579,8.011921368,0.393440948,0.010289457,Yes,No,Normal,Safe,Stable
12-02-2024 21:00,February,278.1,93.05,1,26.5,6.47,7.34,2.79,2,2,1,0,29.1,33.9,24.1,0.2,2,12.84210526,0.789473684,8.002325063,0.394629356,0.010346176,No,No,Normal,Safe,Stable
12-02-2024 22:00,February,278.1,93.05,1,26.5,6.47,7.34,2.79,2,2,1,0,29.1,33.9,24.1,0.2,2,12.89473684,0.526315789,7.992728758,0.395817764,0.010402895,Yes,No,Normal,Safe,Stable
12-02-2024 23:00,February,278.1,93.05,1,26.5,6.47,7.34,2.79,2,2,0,0,29.1,33.9,24.1,0.2,2,12.94736842,0.263157895,7.983132453,0.397006173,0.010459614,No,No,Normal,Safe,Stable
13-02-2024 00:00,February,278.1,93.05,1,26.5,6.47,7.34,2.79,2,2,0,0,29.1,33.9,24.1,0.2,2,13,0,7.973536148,0.398194581,0.010516333,Yes,No,Normal,Safe,Stable
13-02-2024 01:00,February,278.1,93.05,1,26.5,6.47,7.34,2.79,2,2,1,1,29.1,33.9,24.1,0.2,2,13,1,7.830524569,0.349126306,0.104394851,No,No,Normal,Safe,Stable
13-02-2024 02:00,February,278.1,93.05,1,26.5,6.47,7.34,2.79,2,2,0,0,29.1,33.9,24.1,0.2,2,13,2,7.766875503,0.962498345,0.015847883,Yes,No,Normal,Safe,Stable
13-02-2024 03:00,February,278.1,93.05,1,26.5,6.47,7.34,2.79,2,2,0,0,29.1,33.9,24.1,0.2,2,13,3,8.070648147,0.236135454,0.919846333,No,No,Normal,Safe,Stable
13-02-2024 04:00,February,278.1,93.05,1,26.5,6.47,7.34,2.79,2,2,0,0,29.1,33.9,24.1,0.2,2,13,4,7.476657764,1.005185573,-0.014807606,Yes,No,Normal,Safe,Stable
13-02-2024 05:00,February,278.1,93.05,1,26.5,6.47,7.34,2.79,2,2,0,0,29.1,33.9,24.1,0.2,2,13,5,8.428532996,0.391445049,-0.031255521,No,No,Normal,Safe,Stable
13-02-2024 06:00,February,278.1,93.05,1,26.5,6.47,7.34,2.79,2,2,0,0,29.1,33.9,24.1,0.2,2,13.05263158,4.736842105,8.417732508,0.39211954,-0.027946433,Yes,No,Normal,Safe,Stable
13-02-2024 07:00,February,278.1,93.05,1,26.5,6.47,7.34,2.79,2,2,0,0,29.1,33.9,24.1,0.2,2,13.10526316,4.473684211,8.406932021,0.392794031,-0.024637346,No,No,Normal,Safe,Stable
13-02-2024 08:00,February,278.1,93.05,1,26.5,6.47,7.34,2.79,2,2,0,1,29.1,33.9,24.1,0.2,2,13.15789474,4.210526316,8.396131533,0.393468522,-0.021328258,Yes,No,Normal,Safe,Stable
13-02-2024 09:00,February,278.1,93.05,1,26.5,6.47,7.34,2.79,2,2,0,1,29.1,33.9,24.1,0.2,2,13.21052632,3.947368421,8.385331045,0.394143014,-0.018019171,No,No,Normal,Safe,Stable
13-02-2024 10:00,February,278.1,93.05,1,26.5,6.47,7.34,2.79,2,2,0,0,29.1,33.9,24.1,0.2,2,13.26315789,3.684210526,8.374530557,0.394817505,-0.014710083,Yes,No,Normal,Safe,Stable
13-02-2024 11:00,February,278.1,93.05,1,26.5,6.47,7.34,2.79,2,2,0,0,29.1,33.9,24.1,0.2,2,13.31578947,3.421052632,8.363730069,0.395491996,-0.011400996,No,No,Normal,Safe,Stable
13-02-2024 12:00,February,278.1,93.05,1,26.5,6.47,7.34,2.79,2,2,0,0,29.1,33.9,24.1,0.2,2,13.36842105,3.157894737,8.352929581,0.396166487,-0.008091908,Yes,No,Normal,Safe,Stable
13-02-2024 13:00,February,278.1,93.05,1,26.5,6.47,7.34,2.79,2,2,0,0,29.1,33.9,24.1,0.2,2,13.42105263,2.894736842,8.342129093,0.396840978,-0.004782821,No,No,Normal,Safe,Stable
13-02-2024 14:00,February,278.1,93.05,1,26.5,6.47,7.34,2.79,2,2,0,0,29.1,33.9,24.1,0.2,2,13.47368421,2.631578947,8.331328605,0.397515469,-0.001473733,Yes,No,Normal,Safe,Stable
13-02-2024 15:00,February,278.1,93.05,1,26.5,6.47,7.34,2.79,2,2,0,0,29.1,33.9,24.1,0.2,2,13.52631579,2.368421053,8.320528117,0.39818996,0.001835354,No,No,Normal,Safe,Stable
13-02-2024 16:00,February,278.1,93.05,1,26.5,6.47,7.34,2.79,2,2,0,0,29.1,33.9,24.1,0.2,2,13.57894737,2.105263158,8.309727629,0.398864452,0.005144442,Yes,No,Normal,Safe,Stable
13-02-2024 17:00,February,278.1,93.05,1,26.5,6.47,7.34,2.79,2,2,0,0,29.1,33.9,24.1,0.2,2,13.63157895,1.842105263,8.298927141,0.399538943,0.00845353,No,No,Normal,Safe,Stable
13-02-2024 18:00,February,278.1,93.05,1,26.5,6.47,7.34,2.79,2,2,0,0,29.1,33.9,24.1,0.2,2,13.68421053,1.578947368,8.288126653,0.400213434,0.011762617,Yes,No,Normal,Safe,Stable
13-02-2024 19:00,February,278.1,93.05,1,26.5,6.47,7.34,2.79,2,2,0,1,29.1,33.9,24.1,0.2,2,13.73684211,1.315789474,8.277326165,0.400887925,0.015071705,No,No,Normal,Safe,Stable
13-02-2024 20:00,February,278.1,93.05,1,26.5,6.47,7.34,2.79,2,2,0,0,29.1,33.9,24.1,0.2,2,13.78947368,1.052631579,8.266525677,0.401562416,0.018380792,Yes,No,Normal,Safe,Stable
13-02-2024 21:00,February,278.1,93.05,1,26.5,6.47,7.34,2.79,2,2,0,0,29.1,33.9,24.1,0.2,2,13.84210526,0.789473684,8.25572519,0.402236907,0.02168988,No,No,Normal,Safe,Stable
13-02-2024 22:00,February,278.1,93.05,1,26.5,6.47,7.34,2.79,2,2,1,1,29.1,33.9,24.1,0.2,2,13.89473684,0.526315789,8.244924702,0.402911398,0.024998967,Yes,No,Normal,Safe,Stable
13-02-2024 23:00,February,278.1,93.05,1,26.5,6.47,7.34,2.79,2,2,0,0,29.1,33.9,24.1,0.2,2,13.94736842,0.263157895,8.234124214,0.40358589,0.028308055,No,No,Normal,Safe,Stable
14-02-2024 00:00,February,278.1,93.05,1,26.5,6.47,7.34,2.79,2,2,0,0,29.1,33.9,24.1,0.2,2,14,0,8.223323726,0.404260381,0.031617142,Yes,No,Normal,Safe,Stable
14-02-2024 01:00,February,278.1,93.05,1,26.5,6.47,7.34,2.79,2,2,0,0,29.1,33.9,24.1,0.2,2,14,1,8.091993993,0.328256234,0.099579992,No,No,Normal,Safe,Stable
14-02-2024 02:00,February,278.1,93.05,1,26.5,6.47,7.34,2.79,2,2,0,0,29.1,33.9,24.1,0.2,2,14,2,8.204387001,0.351354718,0.428740972,Yes,No,Normal,Safe,Stable
14-02-2024 03:00,February,278.1,93.05,1,26.5,6.47,7.34,2.79,2,2,1,0,29.1,33.9,24.1,0.2,2,14,3,8.352562849,0.309149289,0.878922506,No,No,Normal,Safe,Stable
14-02-2024 04:00,February,278.1,93.05,1,26.5,6.47,7.34,2.79,2,2,0,1,29.1,33.9,24.1,0.2,2,14,4,8.18412383,0.33961641,0.85353054,Yes,No,Normal,Safe,Stable
14-02-2024 05:00,February,278.1,93.05,1,26.5,6.47,7.34,2.79,2,2,0,0,29.1,33.9,24.1,0.2,2,14,5,8.090206972,0.38177083,-0.003212784,No,No,Normal,Safe,Stable
14-02-2024 06:00,February,278.1,93.05,1,26.5,6.47,7.34,2.79,2,2,0,0,29.1,33.9,24.1,0.2,2,14.05263158,4.736842105,8.064229776,0.383078574,-0.001655252,Yes,No,Normal,Safe,Stable
14-02-2024 07:00,February,278.1,93.05,1,26.5,6.47,7.34,2.79,2,2,0,0,29.1,33.9,24.1,0.2,2,14.10526316,4.473684211,8.038252579,0.384386319,-9.77E-05,No,No,Normal,Safe,Stable
14-02-2024 08:00,February,278.1,93.05,1,26.5,6.47,7.34,2.79,2,2,0,0,29.1,33.9,24.1,0.2,2,14.15789474,4.210526316,8.012275383,0.385694063,0.001459814,Yes,No,Normal,Safe,Stable
14-02-2024 09:00,February,278.1,93.05,1,26.5,6.47,7.34,2.79,2,2,0,1,29.1,33.9,24.1,0.2,2,14.21052632,3.947368421,7.986298187,0.387001807,0.003017346,No,No,Normal,Safe,Stable
14-02-2024 10:00,February,278.1,93.05,1,26.5,6.47,7.34,2.79,2,2,0,0,29.1,33.9,24.1,0.2,2,14.26315789,3.684210526,7.96032099,0.388309551,0.004574879,Yes,No,Normal,Safe,Stable
14-02-2024 11:00,February,278.1,93.05,1,26.5,6.47,7.34,2.79,2,2,0,0,29.1,33.9,24.1,0.2,2,14.31578947,3.421052632,7.934343794,0.389617295,0.006132412,No,No,Normal,Safe,Stable
14-02-2024 12:00,February,278.1,93.05,1,26.5,6.47,7.34,2.79,2,2,0,0,29.1,33.9,24.1,0.2,2,14.36842105,3.157894737,7.908366598,0.390925039,0.007689944,Yes,No,Normal,Safe,Stable
14-02-2024 13:00,February,278.1,93.05,1,26.5,6.47,7.34,2.79,2,2,0,0,29.1,33.9,24.1,0.2,2,14.42105263,2.894736842,7.882389401,0.392232783,0.009247477,No,No,Normal,Safe,Stable
14-02-2024 14:00,February,278.1,93.05,1,26.5,6.47,7.34,2.79,2,2,0,0,29.1,33.9,24.1,0.2,2,14.47368421,2.631578947,7.856412205,0.393540528,0.01080501,Yes,No,Normal,Safe,Stable
14-02-2024 15:00,February,278.1,93.05,1,26.5,6.47,7.34,2.79,2,2,1,0,29.1,33.9,24.1,0.2,2,14.52631579,2.368421053,7.830435008,0.394848272,0.012362542,No,No,Normal,Safe,Stable
14-02-2024 16:00,February,278.1,93.05,1,26.5,6.47,7.34,2.79,2,2,0,0,29.1,33.9,24.1,0.2,2,14.57894737,2.105263158,7.804457812,0.396156016,0.013920075,Yes,No,Normal,Safe,Stable
14-02-2024 17:00,February,278.1,93.05,1,26.5,6.47,7.34,2.79,2,2,0,0,29.1,33.9,24.1,0.2,2,14.63157895,1.842105263,7.778480616,0.39746376,0.015477607,No,No,Normal,Safe,Stable
14-02-2024 18:00,February,278.1,93.05,1,26.5,6.47,7.34,2.79,2,2,0,0,29.1,33.9,24.1,0.2,2,14.68421053,1.578947368,7.752503419,0.398771504,0.01703514,Yes,No,Normal,Safe,Stable
14-02-2024 19:00,February,278.1,93.05,1,26.5,6.47,7.34,2.79,2,2,0,0,29.1,33.9,24.1,0.2,2,14.73684211,1.315789474,7.726526223,0.400079248,0.018592673,No,No,Normal,Safe,Stable
14-02-2024 20:00,February,278.1,93.05,1,26.5,6.47,7.34,2.79,2,2,0,1,29.1,33.9,24.1,0.2,2,14.78947368,1.052631579,7.700549027,0.401386993,0.020150205,Yes,No,Normal,Safe,Stable
14-02-2024 21:00,February,278.1,93.05,1,26.5,6.47,7.34,2.79,2,2,0,0,29.1,33.9,24.1,0.2,2,14.84210526,0.789473684,7.67457183,0.402694737,0.021707738,No,No,Normal,Safe,Stable
14-02-2024 22:00,February,278.1,93.05,1,26.5,6.47,7.34,2.79,2,2,0,0,29.1,33.9,24.1,0.2,2,14.89473684,0.526315789,7.648594634,0.404002481,0.023265271,Yes,No,Normal,Safe,Stable
14-02-2024 23:00,February,278.1,93.05,1,26.5,6.47,7.34,2.79,2,2,0,0,29.1,33.9,24.1,0.2,2,14.94736842,0.263157895,7.622617437,0.405310225,0.024822803,No,No,Normal,Safe,Stable
15-02-2024 00:00,February,278.1,93.05,1,26.5,6.47,7.34,2.79,2,2,0,1,29.1,33.9,24.1,0.2,2,15,0,7.596640241,0.406617969,0.026380336,Yes,No,Normal,Safe,Stable
15-02-2024 01:00,February,278.1,93.05,1,26.5,6.47,7.34,2.79,2,2,1,0,29.1,33.9,24.1,0.2,2,15,1,8.038457822,0.975303789,-0.02214641,No,No,Normal,Safe,Stable
15-02-2024 02:00,February,278.1,93.05,1,26.5,6.47,7.34,2.79,2,2,0,0,29.1,33.9,24.1,0.2,2,15,2,8.524589434,0.355733354,0.45549997,Yes,No,Normal,Safe,Stable
15-02-2024 03:00,February,278.1,93.05,1,26.5,6.47,7.34,2.79,2,2,1,0,29.1,33.9,24.1,0.2,2,15,3,8.302052321,0.283985818,0.859249448,No,No,Normal,Safe,Stable
15-02-2024 04:00,February,278.1,93.05,1,26.5,6.47,7.34,2.79,2,2,0,0,29.1,33.9,24.1,0.2,2,15,4,8.454834266,0.292849941,0.817411753,Yes,No,Normal,Safe,Stable
15-02-2024 05:00,February,278.1,93.05,1,26.5,6.47,7.34,2.79,2,2,0,0,29.1,33.9,24.1,0.2,2,15,5,7.562365456,0.942828655,-0.019092097,No,No,Normal,Safe,Stable
15-02-2024 06:00,February,278.1,93.05,1,26.5,6.47,7.34,2.79,2,2,0,0,29.1,33.9,24.1,0.2,2,15.05263158,4.736842105,7.595875364,0.915807798,-0.016779227,Yes,No,Normal,Safe,Stable
15-02-2024 07:00,February,278.1,93.05,1,26.5,6.47,7.34,2.79,2,2,0,0,29.1,33.9,24.1,0.2,2,15.10526316,4.473684211,7.629385272,0.888786941,-0.014466357,No,No,Normal,Safe,Stable
15-02-2024 08:00,February,278.1,93.05,1,26.5,6.47,7.34,2.79,2,2,0,0,29.1,33.9,24.1,0.2,2,15.15789474,4.210526316,7.66289518,0.861766083,-0.012153487,Yes,No,Normal,Safe,Stable
15-02-2024 09:00,February,278.1,93.05,1,26.5,6.47,7.34,2.79,2,2,0,0,29.1,33.9,24.1,0.2,2,15.21052632,3.947368421,7.696405088,0.834745226,-0.009840617,No,No,Normal,Safe,Stable
15-02-2024 10:00,February,278.1,93.05,1,26.5,6.47,7.34,2.79,2,2,0,0,29.1,33.9,24.1,0.2,2,15.26315789,3.684210526,7.729914996,0.807724369,-0.007527747,Yes,No,Normal,Safe,Stable
15-02-2024 11:00,February,278.1,93.05,1,26.5,6.47,7.34,2.79,2,2,1,0,29.1,33.9,24.1,0.2,2,15.31578947,3.421052632,7.763424904,0.780703512,-0.005214877,No,No,Normal,Safe,Stable
15-02-2024 12:00,February,278.1,93.05,1,26.5,6.47,7.34,2.79,2,2,0,1,29.1,33.9,24.1,0.2,2,15.36842105,3.157894737,7.796934813,0.753682654,-0.002902007,Yes,No,Normal,Safe,Stable
15-02-2024 13:00,February,278.1,93.05,1,26.5,6.47,7.34,2.79,2,2,1,0,29.1,33.9,24.1,0.2,2,15.42105263,2.894736842,7.830444721,0.726661797,-0.000589137,No,No,Normal,Safe,Stable
15-02-2024 14:00,February,278.1,93.05,1,26.5,6.47,7.34,2.79,2,2,0,0,29.1,33.9,24.1,0.2,2,15.47368421,2.631578947,7.863954629,0.69964094,0.001723733,Yes,No,Normal,Safe,Stable
15-02-2024 15:00,February,278.1,93.05,1,26.5,6.47,7.34,2.79,2,2,1,0,29.1,33.9,24.1,0.2,2,15.52631579,2.368421053,7.897464537,0.672620082,0.004036603,No,No,Normal,Safe,Stable
15-02-2024 16:00,February,278.1,93.05,1,26.5,6.47,7.34,2.79,2,2,0,1,29.1,33.9,24.1,0.2,2,15.57894737,2.105263158,7.930974445,0.645599225,0.006349473,Yes,No,Normal,Safe,Stable
15-02-2024 17:00,February,278.1,93.05,1,26.5,6.47,7.34,2.79,2,2,0,0,29.1,33.9,24.1,0.2,2,15.63157895,1.842105263,7.964484353,0.618578368,0.008662343,No,No,Normal,Safe,Stable
15-02-2024 18:00,February,278.1,93.05,1,26.5,6.47,7.34,2.79,2,2,0,0,29.1,33.9,24.1,0.2,2,15.68421053,1.578947368,7.997994261,0.591557511,0.010975213,Yes,No,Normal,Safe,Stable
15-02-2024 19:00,February,278.1,93.05,1,26.5,6.47,7.34,2.79,2,2,0,0,29.1,33.9,24.1,0.2,2,15.73684211,1.315789474,8.031504169,0.564536653,0.013288083,No,No,Normal,Safe,Stable
15-02-2024 20:00,February,278.1,93.05,1,26.5,6.47,7.34,2.79,2,2,1,0,29.1,33.9,24.1,0.2,2,15.78947368,1.052631579,8.065014077,0.537515796,0.015600953,Yes,No,Normal,Safe,Stable
15-02-2024 21:00,February,278.1,93.05,1,26.5,6.47,7.34,2.79,2,2,1,1,29.1,33.9,24.1,0.2,2,15.84210526,0.789473684,8.098523985,0.510494939,0.017913823,No,No,Normal,Safe,Stable
15-02-2024 22:00,February,278.1,93.05,1,26.5,6.47,7.34,2.79,2,2,0,0,29.1,33.9,24.1,0.2,2,15.89473684,0.526315789,8.132033893,0.483474082,0.020226693,Yes,No,Normal,Safe,Stable
15-02-2024 23:00,February,278.1,93.05,1,26.5,6.47,7.34,2.79,2,2,0,1,29.1,33.9,24.1,0.2,2,15.94736842,0.263157895,8.165543801,0.456453224,0.022539563,No,No,Normal,Safe,Stable
16-02-2024 00:00,February,278.1,93.05,1,26.5,6.47,7.34,2.79,2,2,0,0,29.1,33.9,24.1,0.2,2,16,0,8.199053709,0.429432367,0.024852433,Yes,No,Normal,Safe,Stable
16-02-2024 01:00,February,278.1,93.05,1,26.5,6.47,7.34,2.79,2,2,0,0,29.1,33.9,24.1,0.2,2,16,1,8.221313865,0.309648488,0.155147004,No,No,Normal,Safe,Stable
16-02-2024 02:00,February,278.1,93.05,1,26.5,6.47,7.34,2.79,2,2,0,1,29.1,33.9,24.1,0.2,2,16,2,7.724607248,0.992332582,-0.011884921,Yes,No,Normal,Safe,Stable
16-02-2024 03:00,February,278.1,93.05,1,26.5,6.47,7.34,2.79,2,2,0,0,29.1,33.9,24.1,0.2,2,16,3,8.141149753,0.963687453,-0.012180017,No,No,Normal,Safe,Stable
16-02-2024 04:00,February,278.1,93.05,1,26.5,6.47,7.34,2.79,2,2,0,0,29.1,33.9,24.1,0.2,2,16,4,8.149147266,0.281065342,0.967939411,Yes,No,Normal,Safe,Stable
16-02-2024 05:00,February,278.1,93.05,1,26.5,6.47,7.34,2.79,2,2,1,0,29.1,33.9,24.1,0.2,2,16,5,8.036076305,0.376460057,0.004068324,No,No,Normal,Safe,Stable
16-02-2024 06:00,February,278.1,93.05,1,26.5,6.47,7.34,2.79,2,2,0,0,29.1,33.9,24.1,0.2,2,16.05263158,4.736842105,8.04206975,0.408912104,0.003787838,Yes,No,Normal,Safe,Stable
16-02-2024 07:00,February,278.1,93.05,1,26.5,6.47,7.34,2.79,2,2,0,0,29.1,33.9,24.1,0.2,2,16.10526316,4.473684211,8.048063196,0.44136415,0.003507351,No,No,Normal,Safe,Stable
16-02-2024 08:00,February,278.1,93.05,1,26.5,6.47,7.34,2.79,2,2,0,0,29.1,33.9,24.1,0.2,2,16.15789474,4.210526316,8.054056642,0.473816197,0.003226865,Yes,No,Normal,Safe,Stable
16-02-2024 09:00,February,278.1,93.05,1,26.5,6.47,7.34,2.79,2,2,0,0,29.1,33.9,24.1,0.2,2,16.21052632,3.947368421,8.060050087,0.506268244,0.002946379,No,No,Normal,Safe,Stable
16-02-2024 10:00,February,278.1,93.05,1,26.5,6.47,7.34,2.79,2,2,0,0,29.1,33.9,24.1,0.2,2,16.26315789,3.684210526,8.066043533,0.538720291,0.002665892,Yes,No,Normal,Safe,Stable
16-02-2024 11:00,February,278.1,93.05,1,26.5,6.47,7.34,2.79,2,2,1,1,29.1,33.9,24.1,0.2,2,16.31578947,3.421052632,8.072036978,0.571172338,0.002385406,No,No,Normal,Safe,Stable
16-02-2024 12:00,February,278.1,93.05,1,26.5,6.47,7.34,2.79,2,2,0,0,29.1,33.9,24.1,0.2,2,16.36842105,3.157894737,8.078030424,0.603624385,0.00210492,Yes,No,Normal,Safe,Stable
16-02-2024 13:00,February,278.1,93.05,1,26.5,6.47,7.34,2.79,2,2,1,0,29.1,33.9,24.1,0.2,2,16.42105263,2.894736842,8.08402387,0.636076432,0.001824433,No,No,Normal,Safe,Stable
16-02-2024 14:00,February,278.1,93.05,1,26.5,6.47,7.34,2.79,2,2,0,0,29.1,33.9,24.1,0.2,2,16.47368421,2.631578947,8.090017315,0.668528479,0.001543947,Yes,No,Normal,Safe,Stable
16-02-2024 15:00,February,278.1,93.05,1,26.5,6.47,7.34,2.79,2,2,0,0,29.1,33.9,24.1,0.2,2,16.52631579,2.368421053,8.096010761,0.700980526,0.001263461,No,No,Normal,Safe,Stable
16-02-2024 16:00,February,278.1,93.05,1,26.5,6.47,7.34,2.79,2,2,1,0,29.1,33.9,24.1,0.2,2,16.57894737,2.105263158,8.102004206,0.733432573,0.000982974,Yes,No,Normal,Safe,Stable
16-02-2024 17:00,February,278.1,93.05,1,26.5,6.47,7.34,2.79,2,2,0,0,29.1,33.9,24.1,0.2,2,16.63157895,1.842105263,8.107997652,0.76588462,0.000702488,No,No,Normal,Safe,Stable
16-02-2024 18:00,February,278.1,93.05,1,26.5,6.47,7.34,2.79,2,2,1,0,29.1,33.9,24.1,0.2,2,16.68421053,1.578947368,8.113991098,0.798336667,0.000422002,Yes,No,Normal,Safe,Stable
16-02-2024 19:00,February,278.1,93.05,1,26.5,6.47,7.34,2.79,2,2,0,0,29.1,33.9,24.1,0.2,2,16.73684211,1.315789474,8.119984543,0.830788714,0.000141515,No,No,Normal,Safe,Stable
16-02-2024 20:00,February,278.1,93.05,1,26.5,6.47,7.34,2.79,2,2,1,0,29.1,33.9,24.1,0.2,2,16.78947368,1.052631579,8.125977989,0.863240761,-0.000138971,Yes,No,Normal,Safe,Stable
16-02-2024 21:00,February,278.1,93.05,1,26.5,6.47,7.34,2.79,2,2,1,1,29.1,33.9,24.1,0.2,2,16.84210526,0.789473684,8.131971434,0.895692808,-0.000419457,No,No,Normal,Safe,Stable
16-02-2024 22:00,February,278.1,93.05,1,26.5,6.47,7.34,2.79,2,2,0,0,29.1,33.9,24.1,0.2,2,16.89473684,0.526315789,8.13796488,0.928144855,-0.000699944,Yes,No,Normal,Safe,Stable
16-02-2024 23:00,February,278.1,93.05,1,26.5,6.47,7.34,2.79,2,2,1,0,29.1,33.9,24.1,0.2,2,16.94736842,0.263157895,8.143958326,0.960596902,-0.00098043,No,No,Normal,Safe,Stable
17-02-2024 00:00,February,278.1,93.05,1,26.5,6.47,7.34,2.79,2,2,1,0,29.1,33.9,24.1,0.2,2,17,0,8.149951771,0.993048949,-0.001260916,Yes,No,Normal,Safe,Stable
17-02-2024 01:00,February,278.1,93.05,1,26.5,6.47,7.34,2.79,2,2,0,1,29.1,33.9,24.1,0.2,2,17,1,8.467965894,0.333398164,0.124332917,No,No,Normal,Safe,Stable
17-02-2024 02:00,February,278.1,93.05,1,26.5,6.47,7.34,2.79,2,2,1,1,29.1,33.9,24.1,0.2,2,17,2,7.966225356,0.966446602,0.023770153,Yes,No,Normal,Safe,Stable
17-02-2024 03:00,February,278.1,93.05,1,26.5,6.47,7.34,2.79,2,2,1,0,29.1,33.9,24.1,0.2,2,17,3,7.840720849,0.249790137,0.973524091,No,No,Normal,Safe,Stable
17-02-2024 04:00,February,278.1,93.05,1,26.5,6.47,7.34,2.79,2,2,0,0,29.1,33.9,24.1,0.2,2,17,4,8.455790754,0.216430274,0.911368686,Yes,No,Normal,Safe,Stable
17-02-2024 05:00,February,278.1,93.05,1,26.5,6.47,7.34,2.79,2,2,1,1,29.1,33.9,24.1,0.2,2,17,5,8.363653611,0.375937595,0.016108652,No,No,Normal,Safe,Stable
17-02-2024 06:00,February,278.1,93.05,1,26.5,6.47,7.34,2.79,2,2,0,0,29.1,33.9,24.1,0.2,2,17.05263158,4.736842105,8.35306745,0.377830047,0.018602387,Yes,No,Normal,Safe,Stable
17-02-2024 07:00,February,278.1,93.05,1,26.5,6.47,7.34,2.79,2,2,0,1,29.1,33.9,24.1,0.2,2,17.10526316,4.473684211,8.342481289,0.379722499,0.021096122,No,No,Normal,Safe,Stable
17-02-2024 08:00,February,278.1,93.05,1,26.5,6.47,7.34,2.79,2,2,0,0,29.1,33.9,24.1,0.2,2,17.15789474,4.210526316,8.331895128,0.381614951,0.023589856,Yes,No,Normal,Safe,Stable
17-02-2024 09:00,February,278.1,93.05,1,26.5,6.47,7.34,2.79,2,2,1,0,29.1,33.9,24.1,0.2,2,17.21052632,3.947368421,8.321308967,0.383507403,0.026083591,No,No,Normal,Safe,Stable
17-02-2024 10:00,February,278.1,93.05,1,26.5,6.47,7.34,2.79,2,2,1,0,29.1,33.9,24.1,0.2,2,17.26315789,3.684210526,8.310722806,0.385399855,0.028577326,Yes,No,Normal,Safe,Stable
17-02-2024 11:00,February,278.1,93.05,1,26.5,6.47,7.34,2.79,2,2,0,0,29.1,33.9,24.1,0.2,2,17.31578947,3.421052632,8.300136645,0.387292307,0.03107106,No,No,Normal,Safe,Stable
17-02-2024 12:00,February,278.1,93.05,1,26.5,6.47,7.34,2.79,2,2,0,1,29.1,33.9,24.1,0.2,2,17.36842105,3.157894737,8.289550484,0.389184759,0.033564795,Yes,No,Normal,Safe,Stable
17-02-2024 13:00,February,278.1,93.05,1,26.5,6.47,7.34,2.79,2,2,0,0,29.1,33.9,24.1,0.2,2,17.42105263,2.894736842,8.278964323,0.391077211,0.03605853,No,No,Normal,Safe,Stable
17-02-2024 14:00,February,278.1,93.05,1,26.5,6.47,7.34,2.79,2,2,0,0,29.1,33.9,24.1,0.2,2,17.47368421,2.631578947,8.268378163,0.392969663,0.038552264,Yes,No,Normal,Safe,Stable
17-02-2024 15:00,February,278.1,93.05,1,26.5,6.47,7.34,2.79,2,2,0,0,29.1,33.9,24.1,0.2,2,17.52631579,2.368421053,8.257792002,0.394862115,0.041045999,No,No,Normal,Safe,Stable
17-02-2024 16:00,February,278.1,93.05,1,26.5,6.47,7.34,2.79,2,2,0,0,29.1,33.9,24.1,0.2,2,17.57894737,2.105263158,8.247205841,0.396754567,0.043539734,Yes,No,Normal,Safe,Stable
17-02-2024 17:00,February,278.1,93.05,1,26.5,6.47,7.34,2.79,2,2,0,0,29.1,33.9,24.1,0.2,2,17.63157895,1.842105263,8.23661968,0.398647019,0.046033468,No,No,Normal,Safe,Stable
17-02-2024 18:00,February,278.1,93.05,1,26.5,6.47,7.34,2.79,2,2,0,0,29.1,33.9,24.1,0.2,2,17.68421053,1.578947368,8.226033519,0.400539471,0.048527203,Yes,No,Normal,Safe,Stable
17-02-2024 19:00,February,278.1,93.05,1,26.5,6.47,7.34,2.79,2,2,0,1,29.1,33.9,24.1,0.2,2,17.73684211,1.315789474,8.215447358,0.402431923,0.051020938,No,No,Normal,Safe,Stable
17-02-2024 20:00,February,278.1,93.05,1,26.5,6.47,7.34,2.79,2,2,1,0,29.1,33.9,24.1,0.2,2,17.78947368,1.052631579,8.204861197,0.404324375,0.053514672,Yes,No,Normal,Safe,Stable
17-02-2024 21:00,February,278.1,93.05,1,26.5,6.47,7.34,2.79,2,2,0,0,29.1,33.9,24.1,0.2,2,17.84210526,0.789473684,8.194275036,0.406216827,0.056008407,No,No,Normal,Safe,Stable
17-02-2024 22:00,February,278.1,93.05,1,26.5,6.47,7.34,2.79,2,2,0,0,29.1,33.9,24.1,0.2,2,17.89473684,0.526315789,8.183688875,0.408109279,0.058502142,Yes,No,Normal,Safe,Stable
17-02-2024 23:00,February,278.1,93.05,1,26.5,6.47,7.34,2.79,2,2,0,0,29.1,33.9,24.1,0.2,2,17.94736842,0.263157895,8.173102714,0.410001731,0.060995876,No,No,Normal,Safe,Stable
18-02-2024 00:00,February,278.1,93.05,1,26.5,6.47,7.34,2.79,2,2,0,0,29.1,33.9,24.1,0.2,2,18,0,8.162516553,0.411894183,0.063489611,Yes,No,Normal,Safe,Stable
18-02-2024 01:00,February,278.1,93.05,1,26.5,6.47,7.34,2.79,2,2,0,0,29.1,33.9,24.1,0.2,2,18,1,8.326780301,0.322242721,0.115821064,No,No,Normal,Safe,Stable
18-02-2024 02:00,February,278.1,93.05,1,26.5,6.47,7.34,2.79,2,2,1,0,29.1,33.9,24.1,0.2,2,18,2,8.050004023,0.954176538,0.010358113,Yes,No,Normal,Safe,Stable
18-02-2024 03:00,February,278.1,93.05,1,26.5,6.47,7.34,2.79,2,2,0,0,29.1,33.9,24.1,0.2,2,18,3,7.99085387,0.191266846,0.899391678,No,No,Normal,Safe,Stable
18-02-2024 04:00,February,278.1,93.05,1,26.5,6.47,7.34,2.79,2,2,0,0,29.1,33.9,24.1,0.2,2,18,4,8.698572582,0.309907916,0.967420039,Yes,No,Normal,Safe,Stable
18-02-2024 05:00,February,278.1,93.05,1,26.5,6.47,7.34,2.79,2,2,0,0,29.1,33.9,24.1,0.2,2,18,5,8.089952886,0.369490209,0.017393391,No,No,Normal,Safe,Stable
18-02-2024 06:00,February,278.1,93.05,1,26.5,6.47,7.34,2.79,2,2,0,0,29.1,33.9,24.1,0.2,2,18.05263158,4.736842105,8.069756817,0.402560487,0.015182309,Yes,No,Normal,Safe,Stable
18-02-2024 07:00,February,278.1,93.05,1,26.5,6.47,7.34,2.79,2,2,0,0,29.1,33.9,24.1,0.2,2,18.10526316,4.473684211,8.049560749,0.435630764,0.012971227,No,No,Normal,Safe,Stable
18-02-2024 08:00,February,278.1,93.05,1,26.5,6.47,7.34,2.79,2,2,1,0,29.1,33.9,24.1,0.2,2,18.15789474,4.210526316,8.02936468,0.468701042,0.010760145,Yes,No,Normal,Safe,Stable
18-02-2024 09:00,February,278.1,93.05,1,26.5,6.47,7.34,2.79,2,2,0,0,29.1,33.9,24.1,0.2,2,18.21052632,3.947368421,8.009168612,0.501771319,0.008549063,No,No,Normal,Safe,Stable
18-02-2024 10:00,February,278.1,93.05,1,26.5,6.47,7.34,2.79,2,2,0,1,29.1,33.9,24.1,0.2,2,18.26315789,3.684210526,7.988972543,0.534841596,0.006337981,Yes,No,Normal,Safe,Stable
18-02-2024 11:00,February,278.1,93.05,1,26.5,6.47,7.34,2.79,2,2,0,0,29.1,33.9,24.1,0.2,2,18.31578947,3.421052632,7.968776474,0.567911874,0.004126899,No,No,Normal,Safe,Stable
18-02-2024 12:00,February,278.1,93.05,1,26.5,6.47,7.34,2.79,2,2,0,0,29.1,33.9,24.1,0.2,2,18.36842105,3.157894737,7.948580406,0.600982151,0.001915817,Yes,No,Normal,Safe,Stable
18-02-2024 13:00,February,278.1,93.05,1,26.5,6.47,7.34,2.79,2,2,0,0,29.1,33.9,24.1,0.2,2,18.42105263,2.894736842,7.928384337,0.634052429,-0.000295265,No,No,Normal,Safe,Stable
18-02-2024 14:00,February,278.1,93.05,1,26.5,6.47,7.34,2.79,2,2,1,0,29.1,33.9,24.1,0.2,2,18.47368421,2.631578947,7.908188269,0.667122706,-0.002506347,Yes,No,Normal,Safe,Stable
18-02-2024 15:00,February,278.1,93.05,1,26.5,6.47,7.34,2.79,2,2,0,0,29.1,33.9,24.1,0.2,2,18.52631579,2.368421053,7.8879922,0.700192984,-0.004717429,No,No,Normal,Safe,Stable
18-02-2024 16:00,February,278.1,93.05,1,26.5,6.47,7.34,2.79,2,2,0,0,29.1,33.9,24.1,0.2,2,18.57894737,2.105263158,7.867796131,0.733263261,-0.006928511,Yes,No,Normal,Safe,Stable
18-02-2024 17:00,February,278.1,93.05,1,26.5,6.47,7.34,2.79,2,2,0,0,29.1,33.9,24.1,0.2,2,18.63157895,1.842105263,7.847600063,0.766333539,-0.009139593,No,No,Normal,Safe,Stable
18-02-2024 18:00,February,278.1,93.05,1,26.5,6.47,7.34,2.79,2,2,0,1,29.1,33.9,24.1,0.2,2,18.68421053,1.578947368,7.827403994,0.799403816,-0.011350675,Yes,No,Normal,Safe,Stable
18-02-2024 19:00,February,278.1,93.05,1,26.5,6.47,7.34,2.79,2,2,0,0,29.1,33.9,24.1,0.2,2,18.73684211,1.315789474,7.807207925,0.832474094,-0.013561757,No,No,Normal,Safe,Stable
18-02-2024 20:00,February,278.1,93.05,1,26.5,6.47,7.34,2.79,2,2,1,0,29.1,33.9,24.1,0.2,2,18.78947368,1.052631579,7.787011857,0.865544371,-0.015772839,Yes,No,Normal,Safe,Stable
18-02-2024 21:00,February,278.1,93.05,1,26.5,6.47,7.34,2.79,2,2,0,0,29.1,33.9,24.1,0.2,2,18.84210526,0.789473684,7.766815788,0.898614649,-0.017983921,No,No,Normal,Safe,Stable
18-02-2024 22:00,February,278.1,93.05,1,26.5,6.47,7.34,2.79,2,2,0,0,29.1,33.9,24.1,0.2,2,18.89473684,0.526315789,7.74661972,0.931684926,-0.020195003,Yes,No,Normal,Safe,Stable
18-02-2024 23:00,February,278.1,93.05,1,26.5,6.47,7.34,2.79,2,2,0,0,29.1,33.9,24.1,0.2,2,18.94736842,0.263157895,7.726423651,0.964755204,-0.022406085,No,No,Normal,Safe,Stable
19-02-2024 00:00,February,278.1,93.05,1,26.5,6.47,7.34,2.79,2,2,0,0,29.1,33.9,24.1,0.2,2,19,0,7.706227582,0.997825481,-0.024617167,Yes,No,Normal,Safe,Stable
19-02-2024 01:00,February,278.1,93.05,1,26.5,6.47,7.34,2.79,2,2,1,0,29.1,33.9,24.1,0.2,2,19,1,8.238923939,0.369569194,0.409149814,No,No,Normal,Safe,Stable
19-02-2024 02:00,February,278.1,93.05,1,26.5,6.47,7.34,2.79,2,2,0,0,29.1,33.9,24.1,0.2,2,19,2,8.249572418,0.330356706,0.485221762,Yes,No,Normal,Safe,Stable
19-02-2024 03:00,February,278.1,93.05,1,26.5,6.47,7.34,2.79,2,2,0,0,29.1,33.9,24.1,0.2,2,19,3,8.146046756,0.275484025,0.969940512,No,No,Normal,Safe,Stable
19-02-2024 04:00,February,278.1,93.05,1,26.5,6.47,7.34,2.79,2,2,0,0,29.1,33.9,24.1,0.2,2,19,4,8.423008902,0.237115453,0.974721275,Yes,No,Normal,Safe,Stable
19-02-2024 05:00,February,278.1,93.05,1,26.5,6.47,7.34,2.79,2,2,0,0,29.1,33.9,24.1,0.2,2,19,5,8.474332337,0.372821242,0.014503954,No,No,Normal,Safe,Stable
19-02-2024 06:00,February,278.1,93.05,1,26.5,6.47,7.34,2.79,2,2,0,0,29.1,33.9,24.1,0.2,2,19.05263158,4.736842105,8.458642592,0.3749729,0.017147323,Yes,No,Normal,Safe,Stable
19-02-2024 07:00,February,278.1,93.05,1,26.5,6.47,7.34,2.79,2,2,0,0,29.1,33.9,24.1,0.2,2,19.10526316,4.473684211,8.442952847,0.377124559,0.019790692,No,No,Normal,Safe,Stable
19-02-2024 08:00,February,278.1,93.05,1,26.5,6.47,7.34,2.79,2,2,0,0,29.1,33.9,24.1,0.2,2,19.15789474,4.210526316,8.427263102,0.379276217,0.022434062,Yes,No,Normal,Safe,Stable
19-02-2024 09:00,February,278.1,93.05,1,26.5,6.47,7.34,2.79,2,2,0,0,29.1,33.9,24.1,0.2,2,19.21052632,3.947368421,8.411573356,0.381427876,0.025077431,No,No,Normal,Safe,Stable
19-02-2024 10:00,February,278.1,93.05,1,26.5,6.47,7.34,2.79,2,2,1,0,29.1,33.9,24.1,0.2,2,19.26315789,3.684210526,8.395883611,0.383579534,0.0277208,Yes,No,Normal,Safe,Stable
19-02-2024 11:00,February,278.1,93.05,1,26.5,6.47,7.34,2.79,2,2,0,0,29.1,33.9,24.1,0.2,2,19.31578947,3.421052632,8.380193866,0.385731193,0.03036417,No,No,Normal,Safe,Stable
19-02-2024 12:00,February,278.1,93.05,1,26.5,6.47,7.34,2.79,2,2,0,0,29.1,33.9,24.1,0.2,2,19.36842105,3.157894737,8.364504121,0.387882851,0.033007539,Yes,No,Normal,Safe,Stable
19-02-2024 13:00,February,278.1,93.05,1,26.5,6.47,7.34,2.79,2,2,0,0,29.1,33.9,24.1,0.2,2,19.42105263,2.894736842,8.348814376,0.390034509,0.035650908,No,No,Normal,Safe,Stable
19-02-2024 14:00,February,278.1,93.05,1,26.5,6.47,7.34,2.79,2,2,0,0,29.1,33.9,24.1,0.2,2,19.47368421,2.631578947,8.333124631,0.392186168,0.038294278,Yes,No,Normal,Safe,Stable
19-02-2024 15:00,February,278.1,93.05,1,26.5,6.47,7.34,2.79,2,2,0,0,29.1,33.9,24.1,0.2,2,19.52631579,2.368421053,8.317434886,0.394337826,0.040937647,No,No,Normal,Safe,Stable
19-02-2024 16:00,February,278.1,93.05,1,26.5,6.47,7.34,2.79,2,2,1,1,29.1,33.9,24.1,0.2,2,19.57894737,2.105263158,8.301745141,0.396489485,0.043581016,Yes,No,Normal,Safe,Stable
19-02-2024 17:00,February,278.1,93.05,1,26.5,6.47,7.34,2.79,2,2,0,0,29.1,33.9,24.1,0.2,2,19.63157895,1.842105263,8.286055396,0.398641143,0.046224385,No,No,Normal,Safe,Stable
19-02-2024 18:00,February,278.1,93.05,1,26.5,6.47,7.34,2.79,2,2,0,0,29.1,33.9,24.1,0.2,2,19.68421053,1.578947368,8.270365651,0.400792802,0.048867755,Yes,No,Normal,Safe,Stable
19-02-2024 19:00,February,278.1,93.05,1,26.5,6.47,7.34,2.79,2,2,0,0,29.1,33.9,24.1,0.2,2,19.73684211,1.315789474,8.254675906,0.40294446,0.051511124,No,No,Normal,Safe,Stable
19-02-2024 20:00,February,278.1,93.05,1,26.5,6.47,7.34,2.79,2,2,0,1,29.1,33.9,24.1,0.2,2,19.78947368,1.052631579,8.238986161,0.405096119,0.054154493,Yes,No,Normal,Safe,Stable
19-02-2024 21:00,February,278.1,93.05,1,26.5,6.47,7.34,2.79,2,2,0,0,29.1,33.9,24.1,0.2,2,19.84210526,0.789473684,8.223296416,0.407247777,0.056797863,No,No,Normal,Safe,Stable
19-02-2024 22:00,February,278.1,93.05,1,26.5,6.47,7.34,2.79,2,2,0,0,29.1,33.9,24.1,0.2,2,19.89473684,0.526315789,8.207606671,0.409399436,0.059441232,Yes,No,Normal,Safe,Stable
19-02-2024 23:00,February,278.1,93.05,1,26.5,6.47,7.34,2.79,2,2,1,0,29.1,33.9,24.1,0.2,2,19.94736842,0.263157895,8.191916926,0.411551094,0.062084601,No,No,Normal,Safe,Stable
20-02-2024 00:00,February,278.1,93.05,1,26.5,6.47,7.34,2.79,2,2,0,0,29.1,33.9,24.1,0.2,2,20,0,8.17622718,0.413702753,0.064727971,Yes,No,Normal,Safe,Stable
20-02-2024 01:00,February,278.1,93.05,1,26.5,6.47,7.34,2.79,2,2,0,0,29.1,33.9,24.1,0.2,2,20,1,8.601672552,0.295654322,0.426099727,No,No,Normal,Safe,Stable
20-02-2024 02:00,February,278.1,93.05,1,26.5,6.47,7.34,2.79,2,2,1,0,29.1,33.9,24.1,0.2,2,20,2,7.451510502,0.936973469,-0.015227712,Yes,No,Normal,Safe,Stable
20-02-2024 03:00,February,278.1,93.05,1,26.5,6.47,7.34,2.79,2,2,0,0,29.1,33.9,24.1,0.2,2,20,3,8.244180199,0.20289921,0.882627291,No,No,Normal,Safe,Stable
20-02-2024 04:00,February,278.1,93.05,1,26.5,6.47,7.34,2.79,2,2,0,0,29.1,33.9,24.1,0.2,2,20,4,8.306085527,0.320209063,0.998809084,Yes,No,Normal,Safe,Stable
20-02-2024 05:00,February,278.1,93.05,1,26.5,6.47,7.34,2.79,2,2,1,1,29.1,33.9,24.1,0.2,2,20,5,8.406424575,0.386817873,-0.022054303,No,No,Normal,Safe,Stable
20-02-2024 06:00,February,278.1,93.05,1,26.5,6.47,7.34,2.79,2,2,0,0,29.1,33.9,24.1,0.2,2,20.05263158,4.736842105,8.388916705,0.388998152,-0.018045667,Yes,No,Normal,Safe,Stable
20-02-2024 07:00,February,278.1,93.05,1,26.5,6.47,7.34,2.79,2,2,1,0,29.1,33.9,24.1,0.2,2,20.10526316,4.473684211,8.371408835,0.391178431,-0.014037031,No,No,Normal,Safe,Stable
20-02-2024 08:00,February,278.1,93.05,1,26.5,6.47,7.34,2.79,2,2,0,0,29.1,33.9,24.1,0.2,2,20.15789474,4.210526316,8.353900965,0.393358709,-0.010028394,Yes,No,Normal,Safe,Stable
20-02-2024 09:00,February,278.1,93.05,1,26.5,6.47,7.34,2.79,2,2,0,0,29.1,33.9,24.1,0.2,2,20.21052632,3.947368421,8.336393095,0.395538988,-0.006019758,No,No,Normal,Safe,Stable
20-02-2024 10:00,February,278.1,93.05,1,26.5,6.47,7.34,2.79,2,2,0,0,29.1,33.9,24.1,0.2,2,20.26315789,3.684210526,8.318885225,0.397719267,-0.002011122,Yes,No,Normal,Safe,Stable
20-02-2024 11:00,February,278.1,93.05,1,26.5,6.47,7.34,2.79,2,2,1,0,29.1,33.9,24.1,0.2,2,20.31578947,3.421052632,8.301377354,0.399899546,0.001997515,No,No,Normal,Safe,Stable
20-02-2024 12:00,February,278.1,93.05,1,26.5,6.47,7.34,2.79,2,2,0,0,29.1,33.9,24.1,0.2,2,20.36842105,3.157894737,8.283869484,0.402079824,0.006006151,Yes,No,Normal,Safe,Stable
20-02-2024 13:00,February,278.1,93.05,1,26.5,6.47,7.34,2.79,2,2,0,0,29.1,33.9,24.1,0.2,2,20.42105263,2.894736842,8.266361614,0.404260103,0.010014788,No,No,Normal,Safe,Stable
20-02-2024 14:00,February,278.1,93.05,1,26.5,6.47,7.34,2.79,2,2,0,0,29.1,33.9,24.1,0.2,2,20.47368421,2.631578947,8.248853744,0.406440382,0.014023424,Yes,No,Normal,Safe,Stable
20-02-2024 15:00,February,278.1,93.05,1,26.5,6.47,7.34,2.79,2,2,0,0,29.1,33.9,24.1,0.2,2,20.52631579,2.368421053,8.231345874,0.408620661,0.01803206,No,No,Normal,Safe,Stable
20-02-2024 16:00,February,278.1,93.05,1,26.5,6.47,7.34,2.79,2,2,0,0,29.1,33.9,24.1,0.2,2,20.57894737,2.105263158,8.213838004,0.410800939,0.022040697,Yes,No,Normal,Safe,Stable
20-02-2024 17:00,February,278.1,93.05,1,26.5,6.47,7.34,2.79,2,2,0,0,29.1,33.9,24.1,0.2,2,20.63157895,1.842105263,8.196330134,0.412981218,0.026049333,No,No,Normal,Safe,Stable
20-02-2024 18:00,February,278.1,93.05,1,26.5,6.47,7.34,2.79,2,2,0,0,29.1,33.9,24.1,0.2,2,20.68421053,1.578947368,8.178822263,0.415161497,0.030057969,Yes,No,Normal,Safe,Stable
20-02-2024 19:00,February,278.1,93.05,1,26.5,6.47,7.34,2.79,2,2,0,1,29.1,33.9,24.1,0.2,2,20.73684211,1.315789474,8.161314393,0.417341776,0.034066606,No,No,Normal,Safe,Stable
20-02-2024 20:00,February,278.1,93.05,1,26.5,6.47,7.34,2.79,2,2,0,0,29.1,33.9,24.1,0.2,2,20.78947368,1.052631579,8.143806523,0.419522054,0.038075242,Yes,No,Normal,Safe,Stable
20-02-2024 21:00,February,278.1,93.05,1,26.5,6.47,7.34,2.79,2,2,0,0,29.1,33.9,24.1,0.2,2,20.84210526,0.789473684,8.126298653,0.421702333,0.042083879,No,No,Normal,Safe,Stable
20-02-2024 22:00,February,278.1,93.05,1,26.5,6.47,7.34,2.79,2,2,1,0,29.1,33.9,24.1,0.2,2,20.89473684,0.526315789,8.108790783,0.423882612,0.046092515,Yes,No,Normal,Safe,Stable
20-02-2024 23:00,February,278.1,93.05,1,26.5,6.47,7.34,2.79,2,2,0,0,29.1,33.9,24.1,0.2,2,20.94736842,0.263157895,8.091282913,0.426062891,0.050101151,No,No,Normal,Safe,Stable
21-02-2024 00:00,February,278.1,93.05,1,26.5,6.47,7.34,2.79,2,2,1,0,29.1,33.9,24.1,0.2,2,21,0,8.073775043,0.42824317,0.054109788,Yes,No,Normal,Safe,Stable
21-02-2024 01:00,February,278.1,93.05,1,26.5,6.47,7.34,2.79,2,2,0,0,29.1,33.9,24.1,0.2,2,21,1,8.004854541,0.328867086,0.109459709,No,No,Normal,Safe,Stable
21-02-2024 02:00,February,278.1,93.05,1,26.5,6.47,7.34,2.79,2,2,1,0,29.1,33.9,24.1,0.2,2,21,2,8.035668196,0.943538856,-0.002509438,Yes,No,Normal,Safe,Stable
21-02-2024 03:00,February,278.1,93.05,1,26.5,6.47,7.34,2.79,2,2,1,0,29.1,33.9,24.1,0.2,2,21,3,7.813970839,0.979956677,-0.028092245,No,No,Normal,Safe,Stable
21-02-2024 04:00,February,278.1,93.05,1,26.5,6.47,7.34,2.79,2,2,0,0,29.1,33.9,24.1,0.2,2,21,4,8.237262673,0.274103684,0.816712063,Yes,No,Normal,Safe,Stable
21-02-2024 05:00,February,278.1,93.05,1,26.5,6.47,7.34,2.79,2,2,0,0,29.1,33.9,24.1,0.2,2,21,5,8.023752607,0.387778515,0.027805301,No,No,Normal,Safe,Stable
21-02-2024 06:00,February,278.1,93.05,1,26.5,6.47,7.34,2.79,2,2,0,0,29.1,33.9,24.1,0.2,2,21.05263158,4.736842105,8.017998888,0.418906893,0.026457729,Yes,No,Normal,Safe,Stable
21-02-2024 07:00,February,278.1,93.05,1,26.5,6.47,7.34,2.79,2,2,0,0,29.1,33.9,24.1,0.2,2,21.10526316,4.473684211,8.012245169,0.45003527,0.025110157,No,No,Normal,Safe,Stable
21-02-2024 08:00,February,278.1,93.05,1,26.5,6.47,7.34,2.79,2,2,1,0,29.1,33.9,24.1,0.2,2,21.15789474,4.210526316,8.006491451,0.481163647,0.023762585,Yes,No,Normal,Safe,Stable
21-02-2024 09:00,February,278.1,93.05,1,26.5,6.47,7.34,2.79,2,2,1,0,29.1,33.9,24.1,0.2,2,21.21052632,3.947368421,8.000737732,0.512292024,0.022415013,No,No,Normal,Safe,Stable
21-02-2024 10:00,February,278.1,93.05,1,26.5,6.47,7.34,2.79,2,2,0,0,29.1,33.9,24.1,0.2,2,21.26315789,3.684210526,7.994984013,0.543420401,0.02106744,Yes,No,Normal,Safe,Stable
21-02-2024 11:00,February,278.1,93.05,1,26.5,6.47,7.34,2.79,2,2,0,0,29.1,33.9,24.1,0.2,2,21.31578947,3.421052632,7.989230294,0.574548779,0.019719868,No,No,Normal,Safe,Stable
21-02-2024 12:00,February,278.1,93.05,1,26.5,6.47,7.34,2.79,2,2,1,0,29.1,33.9,24.1,0.2,2,21.36842105,3.157894737,7.983476575,0.605677156,0.018372296,Yes,No,Normal,Safe,Stable
21-02-2024 13:00,February,278.1,93.05,1,26.5,6.47,7.34,2.79,2,2,1,1,29.1,33.9,24.1,0.2,2,21.42105263,2.894736842,7.977722857,0.636805533,0.017024724,No,No,Normal,Safe,Stable
21-02-2024 14:00,February,278.1,93.05,1,26.5,6.47,7.34,2.79,2,2,1,0,29.1,33.9,24.1,0.2,2,21.47368421,2.631578947,7.971969138,0.66793391,0.015677152,Yes,No,Normal,Safe,Stable
21-02-2024 15:00,February,278.1,93.05,1,26.5,6.47,7.34,2.79,2,2,0,0,29.1,33.9,24.1,0.2,2,21.52631579,2.368421053,7.966215419,0.699062287,0.01432958,No,No,Normal,Safe,Stable
21-02-2024 16:00,February,278.1,93.05,1,26.5,6.47,7.34,2.79,2,2,0,1,29.1,33.9,24.1,0.2,2,21.57894737,2.105263158,7.9604617,0.730190665,0.012982008,Yes,No,Normal,Safe,Stable
21-02-2024 17:00,February,278.1,93.05,1,26.5,6.47,7.34,2.79,2,2,0,0,29.1,33.9,24.1,0.2,2,21.63157895,1.842105263,7.954707981,0.761319042,0.011634436,No,No,Normal,Safe,Stable
21-02-2024 18:00,February,278.1,93.05,1,26.5,6.47,7.34,2.79,2,2,0,0,29.1,33.9,24.1,0.2,2,21.68421053,1.578947368,7.948954263,0.792447419,0.010286863,Yes,No,Normal,Safe,Stable
21-02-2024 19:00,February,278.1,93.05,1,26.5,6.47,7.34,2.79,2,2,1,0,29.1,33.9,24.1,0.2,2,21.73684211,1.315789474,7.943200544,0.823575796,0.008939291,No,No,Normal,Safe,Stable
21-02-2024 20:00,February,278.1,93.05,1,26.5,6.47,7.34,2.79,2,2,0,0,29.1,33.9,24.1,0.2,2,21.78947368,1.052631579,7.937446825,0.854704173,0.007591719,Yes,No,Normal,Safe,Stable
21-02-2024 21:00,February,278.1,93.05,1,26.5,6.47,7.34,2.79,2,2,0,0,29.1,33.9,24.1,0.2,2,21.84210526,0.789473684,7.931693106,0.885832551,0.006244147,No,No,Normal,Safe,Stable
21-02-2024 22:00,February,278.1,93.05,1,26.5,6.47,7.34,2.79,2,2,0,0,29.1,33.9,24.1,0.2,2,21.89473684,0.526315789,7.925939387,0.916960928,0.004896575,Yes,No,Normal,Safe,Stable
21-02-2024 23:00,February,278.1,93.05,1,26.5,6.47,7.34,2.79,2,2,0,1,29.1,33.9,24.1,0.2,2,21.94736842,0.263157895,7.920185669,0.948089305,0.003549003,No,No,Normal,Safe,Stable
22-02-2024 00:00,February,278.1,93.05,1,26.5,6.47,7.34,2.79,2,2,0,0,29.1,33.9,24.1,0.2,2,22,0,7.91443195,0.979217682,0.002201431,Yes,No,Normal,Safe,Stable
22-02-2024 01:00,February,278.1,93.05,1,26.5,6.47,7.34,2.79,2,2,0,0,29.1,33.9,24.1,0.2,2,22,1,8.036078109,0.332434223,0.112788273,No,No,Normal,Safe,Stable
22-02-2024 02:00,February,278.1,93.05,1,26.5,6.47,7.34,2.79,2,2,1,0,29.1,33.9,24.1,0.2,2,22,2,8.292406396,0.304909688,0.415299741,Yes,No,Normal,Safe,Stable
22-02-2024 03:00,February,278.1,93.05,1,26.5,6.47,7.34,2.79,2,2,1,0,29.1,33.9,24.1,0.2,2,22,3,7.991534049,0.260197412,0.940115123,No,No,Normal,Safe,Stable
22-02-2024 04:00,February,278.1,93.05,1,26.5,6.47,7.34,2.79,2,2,0,0,29.1,33.9,24.1,0.2,2,22,4,8.171176154,0.249071086,0.847776551,Yes,No,Normal,Safe,Stable
22-02-2024 05:00,February,278.1,93.05,1,26.5,6.47,7.34,2.79,2,2,0,0,29.1,33.9,24.1,0.2,2,22,5,8.200715835,0.399037856,0.013970736,No,No,Normal,Safe,Stable
22-02-2024 06:00,February,278.1,93.05,1,26.5,6.47,7.34,2.79,2,2,0,0,29.1,33.9,24.1,0.2,2,22.05263158,4.736842105,8.197491336,0.400507933,0.012548687,Yes,No,Normal,Safe,Stable
22-02-2024 07:00,February,278.1,93.05,1,26.5,6.47,7.34,2.79,2,2,0,0,29.1,33.9,24.1,0.2,2,22.10526316,4.473684211,8.194266837,0.401978011,0.011126639,No,No,Normal,Safe,Stable
22-02-2024 08:00,February,278.1,93.05,1,26.5,6.47,7.34,2.79,2,2,0,0,29.1,33.9,24.1,0.2,2,22.15789474,4.210526316,8.191042339,0.403448088,0.00970459,Yes,No,Normal,Safe,Stable
22-02-2024 09:00,February,278.1,93.05,1,26.5,6.47,7.34,2.79,2,2,0,0,29.1,33.9,24.1,0.2,2,22.21052632,3.947368421,8.18781784,0.404918165,0.008282541,No,No,Normal,Safe,Stable
22-02-2024 10:00,February,278.1,93.05,1,26.5,6.47,7.34,2.79,2,2,0,0,29.1,33.9,24.1,0.2,2,22.26315789,3.684210526,8.184593341,0.406388243,0.006860492,Yes,No,Normal,Safe,Stable
22-02-2024 11:00,February,278.1,93.05,1,26.5,6.47,7.34,2.79,2,2,0,0,29.1,33.9,24.1,0.2,2,22.31578947,3.421052632,8.181368842,0.40785832,0.005438443,No,No,Normal,Safe,Stable
22-02-2024 12:00,February,278.1,93.05,1,26.5,6.47,7.34,2.79,2,2,1,0,29.1,33.9,24.1,0.2,2,22.36842105,3.157894737,8.178144344,0.409328398,0.004016394,Yes,No,Normal,Safe,Stable
22-02-2024 13:00,February,278.1,93.05,1,26.5,6.47,7.34,2.79,2,2,0,0,29.1,33.9,24.1,0.2,2,22.42105263,2.894736842,8.174919845,0.410798475,0.002594345,No,No,Normal,Safe,Stable
22-02-2024 14:00,February,278.1,93.05,1,26.5,6.47,7.34,2.79,2,2,0,0,29.1,33.9,24.1,0.2,2,22.47368421,2.631578947,8.171695346,0.412268552,0.001172297,Yes,No,Normal,Safe,Stable
22-02-2024 15:00,February,278.1,93.05,1,26.5,6.47,7.34,2.79,2,2,0,0,29.1,33.9,24.1,0.2,2,22.52631579,2.368421053,8.168470848,0.41373863,-0.000249752,No,No,Normal,Safe,Stable
22-02-2024 16:00,February,278.1,93.05,1,26.5,6.47,7.34,2.79,2,2,0,0,29.1,33.9,24.1,0.2,2,22.57894737,2.105263158,8.165246349,0.415208707,-0.001671801,Yes,No,Normal,Safe,Stable
22-02-2024 17:00,February,278.1,93.05,1,26.5,6.47,7.34,2.79,2,2,0,0,29.1,33.9,24.1,0.2,2,22.63157895,1.842105263,8.16202185,0.416678785,-0.00309385,No,No,Normal,Safe,Stable
22-02-2024 18:00,February,278.1,93.05,1,26.5,6.47,7.34,2.79,2,2,0,0,29.1,33.9,24.1,0.2,2,22.68421053,1.578947368,8.158797352,0.418148862,-0.004515899,Yes,No,Normal,Safe,Stable
22-02-2024 19:00,February,278.1,93.05,1,26.5,6.47,7.34,2.79,2,2,0,1,29.1,33.9,24.1,0.2,2,22.73684211,1.315789474,8.155572853,0.419618939,-0.005937948,No,No,Normal,Safe,Stable
22-02-2024 20:00,February,278.1,93.05,1,26.5,6.47,7.34,2.79,2,2,0,0,29.1,33.9,24.1,0.2,2,22.78947368,1.052631579,8.152348354,0.421089017,-0.007359996,Yes,No,Normal,Safe,Stable
22-02-2024 21:00,February,278.1,93.05,1,26.5,6.47,7.34,2.79,2,2,0,0,29.1,33.9,24.1,0.2,2,22.84210526,0.789473684,8.149123856,0.422559094,-0.008782045,No,No,Normal,Safe,Stable
22-02-2024 22:00,February,278.1,93.05,1,26.5,6.47,7.34,2.79,2,2,1,1,29.1,33.9,24.1,0.2,2,22.89473684,0.526315789,8.145899357,0.424029172,-0.010204094,Yes,No,Normal,Safe,Stable
22-02-2024 23:00,February,278.1,93.05,1,26.5,6.47,7.34,2.79,2,2,0,0,29.1,33.9,24.1,0.2,2,22.94736842,0.263157895,8.142674858,0.425499249,-0.011626143,No,No,Normal,Safe,Stable
23-02-2024 00:00,February,278.1,93.05,1,26.5,6.47,7.34,2.79,2,2,1,0,29.1,33.9,24.1,0.2,2,23,0,8.139450359,0.426969326,-0.013048192,Yes,No,Normal,Safe,Stable
23-02-2024 01:00,February,278.1,93.05,1,26.5,6.47,7.34,2.79,2,2,0,0,29.1,33.9,24.1,0.2,2,23,1,8.301852445,0.333491502,0.129007731,No,No,Normal,Safe,Stable
23-02-2024 02:00,February,278.1,93.05,1,26.5,6.47,7.34,2.79,2,2,1,1,29.1,33.9,24.1,0.2,2,23,2,7.956832816,0.978379179,-0.024895422,Yes,No,Normal,Safe,Stable
23-02-2024 03:00,February,278.1,93.05,1,26.5,6.47,7.34,2.79,2,2,0,0,29.1,33.9,24.1,0.2,2,23,3,7.988937958,0.233022276,0.832826495,No,No,Normal,Safe,Stable
23-02-2024 04:00,February,278.1,93.05,1,26.5,6.47,7.34,2.79,2,2,1,0,29.1,33.9,24.1,0.2,2,23,4,7.999789314,0.93631899,0.017138025,Yes,No,Normal,Safe,Stable
23-02-2024 05:00,February,278.1,93.05,1,26.5,6.47,7.34,2.79,2,2,1,0,29.1,33.9,24.1,0.2,2,23,5,7.673919157,0.373737098,0.004273914,No,No,Normal,Safe,Stable
23-02-2024 06:00,February,278.1,93.05,1,26.5,6.47,7.34,2.79,2,2,0,0,29.1,33.9,24.1,0.2,2,23.05263158,4.736842105,7.689886266,0.376379949,0.005728872,Yes,No,Normal,Safe,Stable
23-02-2024 07:00,February,278.1,93.05,1,26.5,6.47,7.34,2.79,2,2,0,0,29.1,33.9,24.1,0.2,2,23.10526316,4.473684211,7.705853375,0.379022801,0.007183831,No,No,Normal,Safe,Stable
23-02-2024 08:00,February,278.1,93.05,1,26.5,6.47,7.34,2.79,2,2,0,0,29.1,33.9,24.1,0.2,2,23.15789474,4.210526316,7.721820484,0.381665652,0.008638789,Yes,No,Normal,Safe,Stable
23-02-2024 09:00,February,278.1,93.05,1,26.5,6.47,7.34,2.79,2,2,0,0,29.1,33.9,24.1,0.2,2,23.21052632,3.947368421,7.737787592,0.384308504,0.010093748,No,No,Normal,Safe,Stable
23-02-2024 10:00,February,278.1,93.05,1,26.5,6.47,7.34,2.79,2,2,1,0,29.1,33.9,24.1,0.2,2,23.26315789,3.684210526,7.753754701,0.386951355,0.011548707,Yes,No,Normal,Safe,Stable
23-02-2024 11:00,February,278.1,93.05,1,26.5,6.47,7.34,2.79,2,2,0,0,29.1,33.9,24.1,0.2,2,23.31578947,3.421052632,7.76972181,0.389594206,0.013003665,No,No,Normal,Safe,Stable
23-02-2024 12:00,February,278.1,93.05,1,26.5,6.47,7.34,2.79,2,2,0,0,29.1,33.9,24.1,0.2,2,23.36842105,3.157894737,7.785688919,0.392237058,0.014458624,Yes,No,Normal,Safe,Stable
23-02-2024 13:00,February,278.1,93.05,1,26.5,6.47,7.34,2.79,2,2,0,0,29.1,33.9,24.1,0.2,2,23.42105263,2.894736842,7.801656028,0.394879909,0.015913583,No,No,Normal,Safe,Stable
23-02-2024 14:00,February,278.1,93.05,1,26.5,6.47,7.34,2.79,2,2,0,0,29.1,33.9,24.1,0.2,2,23.47368421,2.631578947,7.817623136,0.397522761,0.017368541,Yes,No,Normal,Safe,Stable
23-02-2024 15:00,February,278.1,93.05,1,26.5,6.47,7.34,2.79,2,2,0,0,29.1,33.9,24.1,0.2,2,23.52631579,2.368421053,7.833590245,0.400165612,0.0188235,No,No,Normal,Safe,Stable
23-02-2024 16:00,February,278.1,93.05,1,26.5,6.47,7.34,2.79,2,2,0,0,29.1,33.9,24.1,0.2,2,23.57894737,2.105263158,7.849557354,0.402808464,0.020278458,Yes,No,Normal,Safe,Stable
23-02-2024 17:00,February,278.1,93.05,1,26.5,6.47,7.34,2.79,2,2,0,0,29.1,33.9,24.1,0.2,2,23.63157895,1.842105263,7.865524463,0.405451315,0.021733417,No,No,Normal,Safe,Stable
23-02-2024 18:00,February,278.1,93.05,1,26.5,6.47,7.34,2.79,2,2,0,0,29.1,33.9,24.1,0.2,2,23.68421053,1.578947368,7.881491571,0.408094167,0.023188376,Yes,No,Normal,Safe,Stable
23-02-2024 19:00,February,278.1,93.05,1,26.5,6.47,7.34,2.79,2,2,0,0,29.1,33.9,24.1,0.2,2,23.73684211,1.315789474,7.89745868,0.410737018,0.024643334,No,No,Normal,Safe,Stable
23-02-2024 20:00,February,278.1,93.05,1,26.5,6.47,7.34,2.79,2,2,1,0,29.1,33.9,24.1,0.2,2,23.78947368,1.052631579,7.913425789,0.413379869,0.026098293,Yes,No,Normal,Safe,Stable
23-02-2024 21:00,February,278.1,93.05,1,26.5,6.47,7.34,2.79,2,2,1,0,29.1,33.9,24.1,0.2,2,23.84210526,0.789473684,7.929392898,0.416022721,0.027553251,No,No,Normal,Safe,Stable
23-02-2024 22:00,February,278.1,93.05,1,26.5,6.47,7.34,2.79,2,2,1,0,29.1,33.9,24.1,0.2,2,23.89473684,0.526315789,7.945360007,0.418665572,0.02900821,Yes,No,Normal,Safe,Stable
23-02-2024 23:00,February,278.1,93.05,1,26.5,6.47,7.34,2.79,2,2,0,0,29.1,33.9,24.1,0.2,2,23.94736842,0.263157895,7.961327115,0.421308424,0.030463169,No,No,Normal,Safe,Stable
24-02-2024 00:00,February,278.1,93.05,1,26.5,6.47,7.34,2.79,2,2,1,0,29.1,33.9,24.1,0.2,2,24,0,7.977294224,0.423951275,0.031918127,Yes,No,Normal,Safe,Stable
24-02-2024 01:00,February,278.1,93.05,1,26.5,6.47,7.34,2.79,2,2,0,0,29.1,33.9,24.1,0.2,2,24,1,8.468152729,0.295953036,0.122213356,No,No,Normal,Safe,Stable
24-02-2024 02:00,February,278.1,93.05,1,26.5,6.47,7.34,2.79,2,2,0,0,29.1,33.9,24.1,0.2,2,24,2,7.814239639,0.903983504,-0.038502565,Yes,No,Normal,Safe,Stable
24-02-2024 03:00,February,278.1,93.05,1,26.5,6.47,7.34,2.79,2,2,0,0,29.1,33.9,24.1,0.2,2,24,3,7.748401602,0.951404827,0.013641758,No,No,Normal,Safe,Stable
24-02-2024 04:00,February,278.1,93.05,1,26.5,6.47,7.34,2.79,2,2,0,1,29.1,33.9,24.1,0.2,2,24,4,8.15287571,0.277397676,0.851398655,Yes,No,Normal,Safe,Stable
24-02-2024 05:00,February,278.1,93.05,1,26.5,6.47,7.34,2.79,2,2,0,0,29.1,33.9,24.1,0.2,2,24,5,8.324498841,0.398257718,-0.003713683,No,No,Normal,Safe,Stable
24-02-2024 06:00,February,278.1,93.05,1,26.5,6.47,7.34,2.79,2,2,1,0,29.1,33.9,24.1,0.2,2,24.05263158,4.736842105,8.308599635,0.399286706,-0.002263946,Yes,No,Normal,Safe,Stable
24-02-2024 07:00,February,278.1,93.05,1,26.5,6.47,7.34,2.79,2,2,1,0,29.1,33.9,24.1,0.2,2,24.10526316,4.473684211,8.292700428,0.400315693,-0.000814209,No,No,Normal,Safe,Stable
24-02-2024 08:00,February,278.1,93.05,1,26.5,6.47,7.34,2.79,2,2,0,0,29.1,33.9,24.1,0.2,2,24.15789474,4.210526316,8.276801221,0.401344681,0.000635527,Yes,No,Normal,Safe,Stable
24-02-2024 09:00,February,278.1,93.05,1,26.5,6.47,7.34,2.79,2,2,0,0,29.1,33.9,24.1,0.2,2,24.21052632,3.947368421,8.260902014,0.402373669,0.002085264,No,No,Normal,Safe,Stable
24-02-2024 10:00,February,278.1,93.05,1,26.5,6.47,7.34,2.79,2,2,1,0,29.1,33.9,24.1,0.2,2,24.26315789,3.684210526,8.245002808,0.403402656,0.003535001,Yes,No,Normal,Safe,Stable
24-02-2024 11:00,February,278.1,93.05,1,26.5,6.47,7.34,2.79,2,2,1,0,29.1,33.9,24.1,0.2,2,24.31578947,3.421052632,8.229103601,0.404431644,0.004984738,No,No,Normal,Safe,Stable
24-02-2024 12:00,February,278.1,93.05,1,26.5,6.47,7.34,2.79,2,2,0,0,29.1,33.9,24.1,0.2,2,24.36842105,3.157894737,8.213204394,0.405460631,0.006434475,Yes,No,Normal,Safe,Stable
24-02-2024 13:00,February,278.1,93.05,1,26.5,6.47,7.34,2.79,2,2,0,0,29.1,33.9,24.1,0.2,2,24.42105263,2.894736842,8.197305187,0.406489619,0.007884211,No,No,Normal,Safe,Stable
24-02-2024 14:00,February,278.1,93.05,1,26.5,6.47,7.34,2.79,2,2,0,0,29.1,33.9,24.1,0.2,2,24.47368421,2.631578947,8.18140598,0.407518607,0.009333948,Yes,No,Normal,Safe,Stable
24-02-2024 15:00,February,278.1,93.05,1,26.5,6.47,7.34,2.79,2,2,0,0,29.1,33.9,24.1,0.2,2,24.52631579,2.368421053,8.165506774,0.408547594,0.010783685,No,No,Normal,Safe,Stable
24-02-2024 16:00,February,278.1,93.05,1,26.5,6.47,7.34,2.79,2,2,0,0,29.1,33.9,24.1,0.2,2,24.57894737,2.105263158,8.149607567,0.409576582,0.012233422,Yes,No,Normal,Safe,Stable
24-02-2024 17:00,February,278.1,93.05,1,26.5,6.47,7.34,2.79,2,2,1,0,29.1,33.9,24.1,0.2,2,24.63157895,1.842105263,8.13370836,0.410605569,0.013683159,No,No,Normal,Safe,Stable
24-02-2024 18:00,February,278.1,93.05,1,26.5,6.47,7.34,2.79,2,2,0,0,29.1,33.9,24.1,0.2,2,24.68421053,1.578947368,8.117809153,0.411634557,0.015132895,Yes,No,Normal,Safe,Stable
24-02-2024 19:00,February,278.1,93.05,1,26.5,6.47,7.34,2.79,2,2,1,0,29.1,33.9,24.1,0.2,2,24.73684211,1.315789474,8.101909947,0.412663545,0.016582632,No,No,Normal,Safe,Stable
24-02-2024 20:00,February,278.1,93.05,1,26.5,6.47,7.34,2.79,2,2,0,0,29.1,33.9,24.1,0.2,2,24.78947368,1.052631579,8.08601074,0.413692532,0.018032369,Yes,No,Normal,Safe,Stable
24-02-2024 21:00,February,278.1,93.05,1,26.5,6.47,7.34,2.79,2,2,0,0,29.1,33.9,24.1,0.2,2,24.84210526,0.789473684,8.070111533,0.41472152,0.019482106,No,No,Normal,Safe,Stable
24-02-2024 22:00,February,278.1,93.05,1,26.5,6.47,7.34,2.79,2,2,1,0,29.1,33.9,24.1,0.2,2,24.89473684,0.526315789,8.054212326,0.415750508,0.020931843,Yes,No,Normal,Safe,Stable
24-02-2024 23:00,February,278.1,93.05,1,26.5,6.47,7.34,2.79,2,2,0,0,29.1,33.9,24.1,0.2,2,24.94736842,0.263157895,8.038313119,0.416779495,0.022381579,No,No,Normal,Safe,Stable
25-02-2024 00:00,February,278.1,93.05,1,26.5,6.47,7.34,2.79,2,2,0,0,29.1,33.9,24.1,0.2,2,25,0,8.022413913,0.417808483,0.023831316,Yes,No,Normal,Safe,Stable
25-02-2024 01:00,February,278.1,93.05,1,26.5,6.47,7.34,2.79,2,2,1,1,29.1,33.9,24.1,0.2,2,25,1,7.902457452,0.984206841,0.010856005,No,No,Normal,Safe,Stable
25-02-2024 02:00,February,278.1,93.05,1,26.5,6.47,7.34,2.79,2,2,0,0,29.1,33.9,24.1,0.2,2,25,2,8.590702918,0.327647266,0.449119109,Yes,No,Normal,Safe,Stable
25-02-2024 03:00,February,278.1,93.05,1,26.5,6.47,7.34,2.79,2,2,1,0,29.1,33.9,24.1,0.2,2,25,3,8.147035002,0.194987283,0.815494972,No,No,Normal,Safe,Stable
25-02-2024 04:00,February,278.1,93.05,1,26.5,6.47,7.34,2.79,2,2,1,0,29.1,33.9,24.1,0.2,2,25,4,8.253888933,0.273824987,0.854610504,Yes,No,Normal,Safe,Stable
25-02-2024 05:00,February,278.1,93.05,1,26.5,6.47,7.34,2.79,2,2,0,0,29.1,33.9,24.1,0.2,2,25,5,8.206483592,0.386007095,-0.006188311,No,No,Normal,Safe,Stable
25-02-2024 06:00,February,278.1,93.05,1,26.5,6.47,7.34,2.79,2,2,0,0,29.1,33.9,24.1,0.2,2,25.05263158,4.736842105,8.202559552,0.4161328,-0.005068478,Yes,No,Normal,Safe,Stable
25-02-2024 07:00,February,278.1,93.05,1,26.5,6.47,7.34,2.79,2,2,0,1,29.1,33.9,24.1,0.2,2,25.10526316,4.473684211,8.198635513,0.446258506,-0.003948646,No,No,Normal,Safe,Stable
25-02-2024 08:00,February,278.1,93.05,1,26.5,6.47,7.34,2.79,2,2,0,0,29.1,33.9,24.1,0.2,2,25.15789474,4.210526316,8.194711474,0.476384211,-0.002828814,Yes,No,Normal,Safe,Stable
25-02-2024 09:00,February,278.1,93.05,1,26.5,6.47,7.34,2.79,2,2,0,0,29.1,33.9,24.1,0.2,2,25.21052632,3.947368421,8.190787435,0.506509917,-0.001708982,No,No,Normal,Safe,Stable
25-02-2024 10:00,February,278.1,93.05,1,26.5,6.47,7.34,2.79,2,2,0,0,29.1,33.9,24.1,0.2,2,25.26315789,3.684210526,8.186863395,0.536635622,-0.00058915,Yes,No,Normal,Safe,Stable
25-02-2024 11:00,February,278.1,93.05,1,26.5,6.47,7.34,2.79,2,2,0,0,29.1,33.9,24.1,0.2,2,25.31578947,3.421052632,8.182939356,0.566761328,0.000530682,No,No,Normal,Safe,Stable
25-02-2024 12:00,February,278.1,93.05,1,26.5,6.47,7.34,2.79,2,2,0,0,29.1,33.9,24.1,0.2,2,25.36842105,3.157894737,8.179015317,0.596887033,0.001650515,Yes,No,Normal,Safe,Stable
25-02-2024 13:00,February,278.1,93.05,1,26.5,6.47,7.34,2.79,2,2,1,0,29.1,33.9,24.1,0.2,2,25.42105263,2.894736842,8.175091278,0.627012739,0.002770347,No,No,Normal,Safe,Stable
25-02-2024 14:00,February,278.1,93.05,1,26.5,6.47,7.34,2.79,2,2,0,0,29.1,33.9,24.1,0.2,2,25.47368421,2.631578947,8.171167239,0.657138444,0.003890179,Yes,No,Normal,Safe,Stable
25-02-2024 15:00,February,278.1,93.05,1,26.5,6.47,7.34,2.79,2,2,0,0,29.1,33.9,24.1,0.2,2,25.52631579,2.368421053,8.167243199,0.68726415,0.005010011,No,No,Normal,Safe,Stable
25-02-2024 16:00,February,278.1,93.05,1,26.5,6.47,7.34,2.79,2,2,0,0,29.1,33.9,24.1,0.2,2,25.57894737,2.105263158,8.16331916,0.717389855,0.006129843,Yes,No,Normal,Safe,Stable
25-02-2024 17:00,February,278.1,93.05,1,26.5,6.47,7.34,2.79,2,2,0,0,29.1,33.9,24.1,0.2,2,25.63157895,1.842105263,8.159395121,0.747515561,0.007249675,No,No,Normal,Safe,Stable
25-02-2024 18:00,February,278.1,93.05,1,26.5,6.47,7.34,2.79,2,2,0,0,29.1,33.9,24.1,0.2,2,25.68421053,1.578947368,8.155471082,0.777641266,0.008369508,Yes,No,Normal,Safe,Stable
25-02-2024 19:00,February,278.1,93.05,1,26.5,6.47,7.34,2.79,2,2,0,0,29.1,33.9,24.1,0.2,2,25.73684211,1.315789474,8.151547042,0.807766972,0.00948934,No,No,Normal,Safe,Stable
25-02-2024 20:00,February,278.1,93.05,1,26.5,6.47,7.34,2.79,2,2,1,0,29.1,33.9,24.1,0.2,2,25.78947368,1.052631579,8.147623003,0.837892677,0.010609172,Yes,No,Normal,Safe,Stable
25-02-2024 21:00,February,278.1,93.05,1,26.5,6.47,7.34,2.79,2,2,0,0,29.1,33.9,24.1,0.2,2,25.84210526,0.789473684,8.143698964,0.868018383,0.011729004,No,No,Normal,Safe,Stable
25-02-2024 22:00,February,278.1,93.05,1,26.5,6.47,7.34,2.79,2,2,0,0,29.1,33.9,24.1,0.2,2,25.89473684,0.526315789,8.139774925,0.898144088,0.012848836,Yes,No,Normal,Safe,Stable
25-02-2024 23:00,February,278.1,93.05,1,26.5,6.47,7.34,2.79,2,2,0,0,29.1,33.9,24.1,0.2,2,25.94736842,0.263157895,8.135850885,0.928269794,0.013968669,No,No,Normal,Safe,Stable
26-02-2024 00:00,February,278.1,93.05,1,26.5,6.47,7.34,2.79,2,2,0,1,29.1,33.9,24.1,0.2,2,26,0,8.131926846,0.958395499,0.015088501,Yes,No,Normal,Safe,Stable
26-02-2024 01:00,February,278.1,93.05,1,26.5,6.47,7.34,2.79,2,2,0,0,29.1,33.9,24.1,0.2,2,26,1,7.877375687,1.01819822,-0.005345641,No,No,Normal,Safe,Stable
26-02-2024 02:00,February,278.1,93.05,1,26.5,6.47,7.34,2.79,2,2,1,1,29.1,33.9,24.1,0.2,2,26,2,8.30610902,0.297248484,0.503276804,Yes,No,Normal,Safe,Stable
26-02-2024 03:00,February,278.1,93.05,1,26.5,6.47,7.34,2.79,2,2,0,0,29.1,33.9,24.1,0.2,2,26,3,8.127703982,0.265967544,0.844653843,No,No,Normal,Safe,Stable
26-02-2024 04:00,February,278.1,93.05,1,26.5,6.47,7.34,2.79,2,2,0,0,29.1,33.9,24.1,0.2,2,26,4,7.827479448,0.929343525,0.01315319,Yes,No,Normal,Safe,Stable
26-02-2024 05:00,February,278.1,93.05,1,26.5,6.47,7.34,2.79,2,2,0,0,29.1,33.9,24.1,0.2,2,26,5,8.439824868,0.389181758,0.041330703,No,No,Normal,Safe,Stable
26-02-2024 06:00,February,278.1,93.05,1,26.5,6.47,7.34,2.79,2,2,0,0,29.1,33.9,24.1,0.2,2,26.05263158,4.736842105,8.405197852,0.419167436,0.035939844,Yes,No,Normal,Safe,Stable
26-02-2024 07:00,February,278.1,93.05,1,26.5,6.47,7.34,2.79,2,2,0,0,29.1,33.9,24.1,0.2,2,26.10526316,4.473684211,8.370570835,0.449153114,0.030548986,No,No,Normal,Safe,Stable
26-02-2024 08:00,February,278.1,93.05,1,26.5,6.47,7.34,2.79,2,2,0,0,29.1,33.9,24.1,0.2,2,26.15789474,4.210526316,8.335943819,0.479138792,0.025158128,Yes,No,Normal,Safe,Stable
26-02-2024 09:00,February,278.1,93.05,1,26.5,6.47,7.34,2.79,2,2,0,0,29.1,33.9,24.1,0.2,2,26.21052632,3.947368421,8.301316803,0.50912447,0.01976727,No,No,Normal,Safe,Stable
26-02-2024 10:00,February,278.1,93.05,1,26.5,6.47,7.34,2.79,2,2,0,0,29.1,33.9,24.1,0.2,2,26.26315789,3.684210526,8.266689786,0.539110148,0.014376412,Yes,No,Normal,Safe,Stable
26-02-2024 11:00,February,278.1,93.05,1,26.5,6.47,7.34,2.79,2,2,0,0,29.1,33.9,24.1,0.2,2,26.31578947,3.421052632,8.23206277,0.569095826,0.008985554,No,No,Normal,Safe,Stable
26-02-2024 12:00,February,278.1,93.05,1,26.5,6.47,7.34,2.79,2,2,1,0,29.1,33.9,24.1,0.2,2,26.36842105,3.157894737,8.197435754,0.599081504,0.003594696,Yes,No,Normal,Safe,Stable
26-02-2024 13:00,February,278.1,93.05,1,26.5,6.47,7.34,2.79,2,2,0,0,29.1,33.9,24.1,0.2,2,26.42105263,2.894736842,8.162808737,0.629067182,-0.001796162,No,No,Normal,Safe,Stable
26-02-2024 14:00,February,278.1,93.05,1,26.5,6.47,7.34,2.79,2,2,1,0,29.1,33.9,24.1,0.2,2,26.47368421,2.631578947,8.128181721,0.65905286,-0.00718702,Yes,No,Normal,Safe,Stable
26-02-2024 15:00,February,278.1,93.05,1,26.5,6.47,7.34,2.79,2,2,1,0,29.1,33.9,24.1,0.2,2,26.52631579,2.368421053,8.093554705,0.689038538,-0.012577878,No,No,Normal,Safe,Stable
26-02-2024 16:00,February,278.1,93.05,1,26.5,6.47,7.34,2.79,2,2,0,0,29.1,33.9,24.1,0.2,2,26.57894737,2.105263158,8.058927688,0.719024216,-0.017968736,Yes,No,Normal,Safe,Stable
26-02-2024 17:00,February,278.1,93.05,1,26.5,6.47,7.34,2.79,2,2,0,0,29.1,33.9,24.1,0.2,2,26.63157895,1.842105263,8.024300672,0.749009894,-0.023359594,No,No,Normal,Safe,Stable
26-02-2024 18:00,February,278.1,93.05,1,26.5,6.47,7.34,2.79,2,2,0,0,29.1,33.9,24.1,0.2,2,26.68421053,1.578947368,7.989673656,0.778995572,-0.028750452,Yes,No,Normal,Safe,Stable
26-02-2024 19:00,February,278.1,93.05,1,26.5,6.47,7.34,2.79,2,2,1,0,29.1,33.9,24.1,0.2,2,26.73684211,1.315789474,7.955046639,0.80898125,-0.03414131,No,No,Normal,Safe,Stable
26-02-2024 20:00,February,278.1,93.05,1,26.5,6.47,7.34,2.79,2,2,0,0,29.1,33.9,24.1,0.2,2,26.78947368,1.052631579,7.920419623,0.838966928,-0.039532168,Yes,No,Normal,Safe,Stable
26-02-2024 21:00,February,278.1,93.05,1,26.5,6.47,7.34,2.79,2,2,0,0,29.1,33.9,24.1,0.2,2,26.84210526,0.789473684,7.885792607,0.868952606,-0.044923026,No,No,Normal,Safe,Stable
26-02-2024 22:00,February,278.1,93.05,1,26.5,6.47,7.34,2.79,2,2,0,0,29.1,33.9,24.1,0.2,2,26.89473684,0.526315789,7.85116559,0.898938284,-0.050313884,Yes,No,Normal,Safe,Stable
26-02-2024 23:00,February,278.1,93.05,1,26.5,6.47,7.34,2.79,2,2,1,0,29.1,33.9,24.1,0.2,2,26.94736842,0.263157895,7.816538574,0.928923962,-0.055704742,No,No,Normal,Safe,Stable
27-02-2024 00:00,February,278.1,93.05,1,26.5,6.47,7.34,2.79,2,2,0,0,29.1,33.9,24.1,0.2,2,27,0,7.781911557,0.95890964,-0.0610956,Yes,No,Normal,Safe,Stable
27-02-2024 01:00,February,278.1,93.05,1,26.5,6.47,7.34,2.79,2,2,0,0,29.1,33.9,24.1,0.2,2,27,1,8.03897297,0.987741329,0.005285711,No,No,Normal,Safe,Stable
27-02-2024 02:00,February,278.1,93.05,1,26.5,6.47,7.34,2.79,2,2,0,1,29.1,33.9,24.1,0.2,2,27,2,8.467272428,0.348289233,0.444605351,Yes,No,Normal,Safe,Stable
27-02-2024 03:00,February,278.1,93.05,1,26.5,6.47,7.34,2.79,2,2,0,0,29.1,33.9,24.1,0.2,2,27,3,8.343249403,0.256919453,0.955865781,No,No,Normal,Safe,Stable
27-02-2024 04:00,February,278.1,93.05,1,26.5,6.47,7.34,2.79,2,2,0,0,29.1,33.9,24.1,0.2,2,27,4,8.235175641,0.248604302,1.016684379,Yes,No,Normal,Safe,Stable
27-02-2024 05:00,February,278.1,93.05,1,26.5,6.47,7.34,2.79,2,2,0,0,29.1,33.9,24.1,0.2,2,27,5,8.189338199,0.395641744,0.021922652,No,No,Normal,Safe,Stable
27-02-2024 06:00,February,278.1,93.05,1,26.5,6.47,7.34,2.79,2,2,1,0,29.1,33.9,24.1,0.2,2,27.05263158,4.736842105,8.179537844,0.397551424,0.02178064,Yes,No,Normal,Safe,Stable
27-02-2024 07:00,February,278.1,93.05,1,26.5,6.47,7.34,2.79,2,2,0,0,29.1,33.9,24.1,0.2,2,27.10526316,4.473684211,8.169737489,0.399461104,0.021638627,No,No,Normal,Safe,Stable
27-02-2024 08:00,February,278.1,93.05,1,26.5,6.47,7.34,2.79,2,2,0,0,29.1,33.9,24.1,0.2,2,27.15789474,4.210526316,8.159937134,0.401370784,0.021496615,Yes,No,Normal,Safe,Stable
27-02-2024 09:00,February,278.1,93.05,1,26.5,6.47,7.34,2.79,2,2,0,0,29.1,33.9,24.1,0.2,2,27.21052632,3.947368421,8.150136778,0.403280465,0.021354602,No,No,Normal,Safe,Stable
27-02-2024 10:00,February,278.1,93.05,1,26.5,6.47,7.34,2.79,2,2,0,0,29.1,33.9,24.1,0.2,2,27.26315789,3.684210526,8.140336423,0.405190145,0.02121259,Yes,No,Normal,Safe,Stable
27-02-2024 11:00,February,278.1,93.05,1,26.5,6.47,7.34,2.79,2,2,1,0,29.1,33.9,24.1,0.2,2,27.31578947,3.421052632,8.130536068,0.407099825,0.021070577,No,No,Normal,Safe,Stable
27-02-2024 12:00,February,278.1,93.05,1,26.5,6.47,7.34,2.79,2,2,0,0,29.1,33.9,24.1,0.2,2,27.36842105,3.157894737,8.120735713,0.409009505,0.020928565,Yes,No,Normal,Safe,Stable
27-02-2024 13:00,February,278.1,93.05,1,26.5,6.47,7.34,2.79,2,2,0,0,29.1,33.9,24.1,0.2,2,27.42105263,2.894736842,8.110935358,0.410919185,0.020786552,No,No,Normal,Safe,Stable
27-02-2024 14:00,February,278.1,93.05,1,26.5,6.47,7.34,2.79,2,2,0,0,29.1,33.9,24.1,0.2,2,27.47368421,2.631578947,8.101135003,0.412828865,0.02064454,Yes,No,Normal,Safe,Stable
27-02-2024 15:00,February,278.1,93.05,1,26.5,6.47,7.34,2.79,2,2,0,0,29.1,33.9,24.1,0.2,2,27.52631579,2.368421053,8.091334648,0.414738545,0.020502528,No,No,Normal,Safe,Stable
27-02-2024 16:00,February,278.1,93.05,1,26.5,6.47,7.34,2.79,2,2,0,0,29.1,33.9,24.1,0.2,2,27.57894737,2.105263158,8.081534293,0.416648225,0.020360515,Yes,No,Normal,Safe,Stable
27-02-2024 17:00,February,278.1,93.05,1,26.5,6.47,7.34,2.79,2,2,0,0,29.1,33.9,24.1,0.2,2,27.63157895,1.842105263,8.071733938,0.418557905,0.020218503,No,No,Normal,Safe,Stable
27-02-2024 18:00,February,278.1,93.05,1,26.5,6.47,7.34,2.79,2,2,0,0,29.1,33.9,24.1,0.2,2,27.68421053,1.578947368,8.061933583,0.420467585,0.02007649,Yes,No,Normal,Safe,Stable
27-02-2024 19:00,February,278.1,93.05,1,26.5,6.47,7.34,2.79,2,2,0,0,29.1,33.9,24.1,0.2,2,27.73684211,1.315789474,8.052133228,0.422377265,0.019934478,No,No,Normal,Safe,Stable
27-02-2024 20:00,February,278.1,93.05,1,26.5,6.47,7.34,2.79,2,2,0,0,29.1,33.9,24.1,0.2,2,27.78947368,1.052631579,8.042332873,0.424286945,0.019792465,Yes,No,Normal,Safe,Stable
27-02-2024 21:00,February,278.1,93.05,1,26.5,6.47,7.34,2.79,2,2,0,0,29.1,33.9,24.1,0.2,2,27.84210526,0.789473684,8.032532518,0.426196625,0.019650453,No,No,Normal,Safe,Stable
27-02-2024 22:00,February,278.1,93.05,1,26.5,6.47,7.34,2.79,2,2,0,0,29.1,33.9,24.1,0.2,2,27.89473684,0.526315789,8.022732162,0.428106305,0.01950844,Yes,No,Normal,Safe,Stable
27-02-2024 23:00,February,278.1,93.05,1,26.5,6.47,7.34,2.79,2,2,1,0,29.1,33.9,24.1,0.2,2,27.94736842,0.263157895,8.012931807,0.430015986,0.019366428,No,No,Normal,Safe,Stable
28-02-2024 00:00,February,278.1,93.05,1,26.5,6.47,7.34,2.79,2,2,0,1,29.1,33.9,24.1,0.2,2,28,0,8.003131452,0.431925666,0.019224415,Yes,No,Normal,Safe,Stable
28-02-2024 01:00,February,278.1,93.05,1,26.5,6.47,7.34,2.79,2,2,1,0,29.1,33.9,24.1,0.2,2,28,1,8.175373415,0.357838472,0.108300743,No,No,Normal,Safe,Stable
28-02-2024 02:00,February,278.1,93.05,1,26.5,6.47,7.34,2.79,2,2,0,0,29.1,33.9,24.1,0.2,2,28,2,8.103157081,0.329186601,0.469211803,Yes,No,Normal,Safe,Stable
28-02-2024 03:00,February,278.1,93.05,1,26.5,6.47,7.34,2.79,2,2,0,1,29.1,33.9,24.1,0.2,2,28,3,8.078479776,0.562241205,0.024296208,No,No,Normal,Safe,Stable
28-02-2024 04:00,February,278.1,93.05,1,26.5,6.47,7.34,2.79,2,2,0,0,29.1,33.9,24.1,0.2,2,28,4,8.246124421,0.312305017,0.858238521,Yes,No,Normal,Safe,Stable
28-02-2024 05:00,February,278.1,93.05,1,26.5,6.47,7.34,2.79,2,2,1,0,29.1,33.9,24.1,0.2,2,28,5,8.58862409,0.399530596,0.019270651,No,No,Normal,Safe,Stable
28-02-2024 06:00,February,278.5421053,93.22105263,1,26.59736842,6.544736842,7.373157895,2.79,2.052631579,2.052631579,0,0,29.1,33.9,24.1,0.227894737,2.052631579,26.57894737,4.736842105,8.556438594,0.399538652,0.018772425,Yes,No,Normal,Safe,Stable
28-02-2024 07:00,February,278.9842105,93.39210526,1,26.69473684,6.619473684,7.406315789,2.79,2.105263158,2.105263158,0,0,29.1,33.9,24.1,0.255789474,2.105263158,25.15789474,4.473684211,8.524253099,0.399546707,0.018274198,No,No,Normal,Safe,Stable
28-02-2024 08:00,February,279.4263158,93.56315789,1,26.79210526,6.694210526,7.439473684,2.79,2.157894737,2.157894737,0,1,29.1,33.9,24.1,0.283684211,2.157894737,23.73684211,4.210526316,8.492067603,0.399554763,0.017775972,Yes,No,Normal,Safe,Stable
28-02-2024 09:00,February,279.8684211,93.73421053,1,26.88947368,6.768947368,7.472631579,2.79,2.210526316,2.210526316,0,0,29.1,33.9,24.1,0.311578947,2.210526316,22.31578947,3.947368421,8.459882107,0.399562818,0.017277745,No,No,Normal,Safe,Stable
28-02-2024 10:00,February,280.3105263,93.90526316,1,26.98684211,6.843684211,7.505789474,2.79,2.263157895,2.263157895,0,0,29.1,33.9,24.1,0.339473684,2.263157895,20.89473684,3.684210526,8.427696611,0.399570874,0.016779519,Yes,No,Normal,Safe,Stable
28-02-2024 11:00,February,280.7526316,94.07631579,1,27.08421053,6.918421053,7.538947368,2.79,2.315789474,2.315789474,0,0,29.1,33.9,24.1,0.367368421,2.315789474,19.47368421,3.421052632,8.395511116,0.39957893,0.016281293,No,No,Normal,Safe,Stable
28-02-2024 12:00,February,281.1947368,94.24736842,1,27.18157895,6.993157895,7.572105263,2.79,2.368421053,2.368421053,0,0,29.1,33.9,24.1,0.395263158,2.368421053,18.05263158,3.157894737,8.36332562,0.399586985,0.015783066,Yes,No,Normal,Safe,Stable
28-02-2024 13:00,February,281.6368421,94.41842105,1,27.27894737,7.067894737,7.605263158,2.79,2.421052632,2.421052632,0,0,29.1,33.9,24.1,0.423157895,2.421052632,16.63157895,2.894736842,8.331140124,0.399595041,0.01528484,No,No,Normal,Safe,Stable
28-02-2024 14:00,February,282.0789474,94.58947368,1,27.37631579,7.142631579,7.638421053,2.79,2.473684211,2.473684211,1,0,29.1,33.9,24.1,0.451052632,2.473684211,15.21052632,2.631578947,8.298954628,0.399603096,0.014786614,Yes,No,Normal,Safe,Stable
28-02-2024 15:00,February,282.5210526,94.76052632,1,27.47368421,7.217368421,7.671578947,2.79,2.526315789,2.526315789,0,0,29.1,33.9,24.1,0.478947368,2.526315789,13.78947368,2.368421053,8.266769133,0.399611152,0.014288387,No,No,Normal,Safe,Stable
28-02-2024 16:00,February,282.9631579,94.93157895,1,27.57105263,7.292105263,7.704736842,2.79,2.578947368,2.578947368,1,1,29.1,33.9,24.1,0.506842105,2.578947368,12.36842105,2.105263158,8.234583637,0.399619208,0.013790161,Yes,No,Normal,Safe,Stable
28-02-2024 17:00,February,283.4052632,95.10263158,1,27.66842105,7.366842105,7.737894737,2.79,2.631578947,2.631578947,1,0,29.1,33.9,24.1,0.534736842,2.631578947,10.94736842,1.842105263,8.202398141,0.399627263,0.013291934,No,No,Normal,Safe,Stable
28-02-2024 18:00,February,283.8473684,95.27368421,1,27.76578947,7.441578947,7.771052632,2.79,2.684210526,2.684210526,1,0,29.1,33.9,24.1,0.562631579,2.684210526,9.526315789,1.578947368,8.170212645,0.399635319,0.012793708,Yes,No,Normal,Safe,Stable
28-02-2024 19:00,February,284.2894737,95.44473684,1,27.86315789,7.516315789,7.804210526,2.79,2.736842105,2.736842105,1,0,29.1,33.9,24.1,0.590526316,2.736842105,8.105263158,1.315789474,8.13802715,0.399643374,0.012295482,No,No,Normal,Safe,Stable
28-02-2024 20:00,February,284.7315789,95.61578947,1,27.96052632,7.591052632,7.837368421,2.79,2.789473684,2.789473684,1,0,29.1,33.9,24.1,0.618421053,2.789473684,6.684210526,1.052631579,8.105841654,0.39965143,0.011797255,Yes,No,Normal,Safe,Stable
28-02-2024 21:00,February,285.1736842,95.78684211,1,28.05789474,7.665789474,7.870526316,2.79,2.842105263,2.842105263,0,0,29.1,33.9,24.1,0.646315789,2.842105263,5.263157895,0.789473684,8.073656158,0.399659485,0.011299029,No,No,High,Safe,At Risk
28-02-2024 22:00,February,285.6157895,95.95789474,1,28.15526316,7.740526316,7.903684211,2.79,2.894736842,2.894736842,1,0,29.1,33.9,24.1,0.674210526,2.894736842,3.842105263,0.526315789,8.041470662,0.399667541,0.010800803,Yes,No,High,Safe,At Risk
28-02-2024 23:00,February,286.0578947,96.12894737,1,28.25263158,7.815263158,7.936842105,2.79,2.947368421,2.947368421,1,0,29.1,33.9,24.1,0.702105263,2.947368421,2.421052632,0.263157895,8.009285167,0.399675597,0.010302576,No,No,High,Safe,At Risk
29-02-2024 00:00,March,286.5,96.3,1,28.35,7.89,7.97,2.79,3,3,0,0,29.1,33.9,24.1,0.73,3,1,0,7.977099671,0.399683652,0.00980435,Yes,No,High,Safe,At Risk
29-02-2024 01:00,March,286.5,96.3,1,28.35,7.89,7.97,2.79,3,3,0,0,29.1,33.9,24.1,0.73,3,1,1,8.304470286,0.283241922,0.118877535,No,No,High,Safe,At Risk
29-02-2024 02:00,March,286.5,96.3,1,28.35,7.89,7.97,2.79,3,3,1,1,29.1,33.9,24.1,0.73,3,1,2,7.807674206,0.974836371,0.026903583,Yes,No,High,Safe,At Risk
29-02-2024 03:00,March,286.5,96.3,1,28.35,7.89,7.97,2.79,3,3,1,0,29.1,33.9,24.1,0.73,3,1,3,8.173548242,0.159122997,0.850533839,No,No,High,Safe,At Risk
29-02-2024 04:00,March,286.5,96.3,1,28.35,7.89,7.97,2.79,3,3,0,0,29.1,33.9,24.1,0.73,3,1,4,8.329387472,0.348329894,0.953188002,Yes,No,High,Safe,At Risk
29-02-2024 05:00,March,286.5,96.3,1,28.35,7.89,7.97,2.79,3,3,0,0,29.1,33.9,24.1,0.73,3,1,5,7.986533993,0.453276064,0.012883538,No,No,High,Safe,At Risk
29-02-2024 06:00,March,286.5,96.3,1,28.35,7.89,7.97,2.79,3,3,1,0,29.1,33.9,24.1,0.73,3,1.052631579,4.736842105,7.98275522,0.450309466,0.010937917,Yes,No,High,Safe,At Risk
29-02-2024 07:00,March,286.5,96.3,1,28.35,7.89,7.97,2.79,3,3,0,0,29.1,33.9,24.1,0.73,3,1.105263158,4.473684211,7.978976447,0.447342868,0.008992296,No,No,High,Safe,At Risk
29-02-2024 08:00,March,286.5,96.3,1,28.35,7.89,7.97,2.79,3,3,0,0,29.1,33.9,24.1,0.73,3,1.157894737,4.210526316,7.975197674,0.444376269,0.007046675,Yes,No,High,Safe,At Risk
29-02-2024 09:00,March,286.5,96.3,1,28.35,7.89,7.97,2.79,3,3,0,1,29.1,33.9,24.1,0.73,3,1.210526316,3.947368421,7.971418901,0.441409671,0.005101054,No,No,High,Safe,At Risk
29-02-2024 10:00,March,286.5,96.3,1,28.35,7.89,7.97,2.79,3,3,1,0,29.1,33.9,24.1,0.73,3,1.263157895,3.684210526,7.967640129,0.438443073,0.003155432,Yes,No,High,Safe,At Risk
29-02-2024 11:00,March,286.5,96.3,1,28.35,7.89,7.97,2.79,3,3,0,0,29.1,33.9,24.1,0.73,3,1.315789474,3.421052632,7.963861356,0.435476475,0.001209811,No,No,High,Safe,At Risk
29-02-2024 12:00,March,286.5,96.3,1,28.35,7.89,7.97,2.79,3,3,0,0,29.1,33.9,24.1,0.73,3,1.368421053,3.157894737,7.960082583,0.432509877,-0.00073581,Yes,No,High,Safe,At Risk
29-02-2024 13:00,March,286.5,96.3,1,28.35,7.89,7.97,2.79,3,3,0,0,29.1,33.9,24.1,0.73,3,1.421052632,2.894736842,7.95630381,0.429543278,-0.002681431,No,No,High,Safe,At Risk
29-02-2024 14:00,March,286.5,96.3,1,28.35,7.89,7.97,2.79,3,3,0,0,29.1,33.9,24.1,0.73,3,1.473684211,2.631578947,7.952525037,0.42657668,-0.004627052,Yes,No,High,Safe,At Risk
29-02-2024 15:00,March,286.5,96.3,1,28.35,7.89,7.97,2.79,3,3,0,1,29.1,33.9,24.1,0.73,3,1.526315789,2.368421053,7.948746265,0.423610082,-0.006572673,No,No,High,Safe,At Risk
29-02-2024 16:00,March,286.5,96.3,1,28.35,7.89,7.97,2.79,3,3,0,0,29.1,33.9,24.1,0.73,3,1.578947368,2.105263158,7.944967492,0.420643484,-0.008518295,Yes,No,High,Safe,At Risk
29-02-2024 17:00,March,286.5,96.3,1,28.35,7.89,7.97,2.79,3,3,0,0,29.1,33.9,24.1,0.73,3,1.631578947,1.842105263,7.941188719,0.417676885,-0.010463916,No,No,High,Safe,At Risk
29-02-2024 18:00,March,286.5,96.3,1,28.35,7.89,7.97,2.79,3,3,0,0,29.1,33.9,24.1,0.73,3,1.684210526,1.578947368,7.937409946,0.414710287,-0.012409537,Yes,No,High,Safe,At Risk
29-02-2024 19:00,March,286.5,96.3,1,28.35,7.89,7.97,2.79,3,3,0,0,29.1,33.9,24.1,0.73,3,1.736842105,1.315789474,7.933631173,0.411743689,-0.014355158,No,No,High,Safe,At Risk
29-02-2024 20:00,March,286.5,96.3,1,28.35,7.89,7.97,2.79,3,3,0,1,29.1,33.9,24.1,0.73,3,1.789473684,1.052631579,7.9298524,0.408777091,-0.016300779,Yes,No,High,Safe,At Risk
29-02-2024 21:00,March,286.5,96.3,1,28.35,7.89,7.97,2.79,3,3,0,0,29.1,33.9,24.1,0.73,3,1.842105263,0.789473684,7.926073628,0.405810492,-0.018246401,No,No,High,Safe,At Risk
29-02-2024 22:00,March,286.5,96.3,1,28.35,7.89,7.97,2.79,3,3,0,0,29.1,33.9,24.1,0.73,3,1.894736842,0.526315789,7.922294855,0.402843894,-0.020192022,Yes,No,High,Safe,At Risk
29-02-2024 23:00,March,286.5,96.3,1,28.35,7.89,7.97,2.79,3,3,0,0,29.1,33.9,24.1,0.73,3,1.947368421,0.263157895,7.918516082,0.399877296,-0.022137643,No,No,High,Safe,At Risk
01-03-2024 00:00,March,286.5,96.3,1,28.35,7.89,7.97,2.79,3,3,0,1,29.1,33.9,24.1,0.73,3,2,0,7.914737309,0.396910698,-0.024083264,Yes,No,High,Safe,At Risk
01-03-2024 01:00,March,286.5,96.3,1,28.35,7.89,7.97,2.79,3,3,0,0,29.1,33.9,24.1,0.73,3,2,1,8.253488526,0.33554087,0.171531296,No,No,High,Safe,At Risk
01-03-2024 02:00,March,286.5,96.3,1,28.35,7.89,7.97,2.79,3,3,0,0,29.1,33.9,24.1,0.73,3,2,2,7.811380042,0.943493437,0.011980896,Yes,No,High,Safe,At Risk
01-03-2024 03:00,March,286.5,96.3,1,28.35,7.89,7.97,2.79,3,3,0,0,29.1,33.9,24.1,0.73,3,2,3,8.118149402,0.455375663,0.032920631,No,No,High,Safe,At Risk
01-03-2024 04:00,March,286.5,96.3,1,28.35,7.89,7.97,2.79,3,3,0,0,29.1,33.9,24.1,0.73,3,2,4,8.4724713,0.316676205,0.952639449,Yes,No,High,Safe,At Risk
01-03-2024 05:00,March,286.5,96.3,1,28.35,7.89,7.97,2.79,3,3,1,0,29.1,33.9,24.1,0.73,3,2,5,8.051548619,0.375213667,-0.014990495,No,No,High,Safe,At Risk
01-03-2024 06:00,March,286.5,96.3,1,28.35,7.89,7.97,2.79,3,3,0,0,29.1,33.9,24.1,0.73,3,2.052631579,4.736842105,8.046392829,0.376260685,-0.015685011,Yes,No,High,Safe,At Risk
01-03-2024 07:00,March,286.5,96.3,1,28.35,7.89,7.97,2.79,3,3,0,0,29.1,33.9,24.1,0.73,3,2.105263158,4.473684211,8.041237038,0.377307703,-0.016379527,No,No,High,Safe,At Risk
01-03-2024 08:00,March,286.5,96.3,1,28.35,7.89,7.97,2.79,3,3,0,0,29.1,33.9,24.1,0.73,3,2.157894737,4.210526316,8.036081248,0.378354721,-0.017074043,Yes,No,High,Safe,At Risk
01-03-2024 09:00,March,286.5,96.3,1,28.35,7.89,7.97,2.79,3,3,0,0,29.1,33.9,24.1,0.73,3,2.210526316,3.947368421,8.030925458,0.379401738,-0.017768559,No,No,High,Safe,At Risk
01-03-2024 10:00,March,286.5,96.3,1,28.35,7.89,7.97,2.79,3,3,0,1,29.1,33.9,24.1,0.73,3,2.263157895,3.684210526,8.025769667,0.380448756,-0.018463075,Yes,No,High,Safe,At Risk
01-03-2024 11:00,March,286.5,96.3,1,28.35,7.89,7.97,2.79,3,3,0,0,29.1,33.9,24.1,0.73,3,2.315789474,3.421052632,8.020613877,0.381495774,-0.019157591,No,No,High,Safe,At Risk
01-03-2024 12:00,March,286.5,96.3,1,28.35,7.89,7.97,2.79,3,3,0,0,29.1,33.9,24.1,0.73,3,2.368421053,3.157894737,8.015458087,0.382542792,-0.019852107,Yes,No,High,Safe,At Risk
01-03-2024 13:00,March,286.5,96.3,1,28.35,7.89,7.97,2.79,3,3,0,0,29.1,33.9,24.1,0.73,3,2.421052632,2.894736842,8.010302296,0.38358981,-0.020546623,No,No,High,Safe,At Risk
01-03-2024 14:00,March,286.5,96.3,1,28.35,7.89,7.97,2.79,3,3,1,0,29.1,33.9,24.1,0.73,3,2.473684211,2.631578947,8.005146506,0.384636828,-0.021241139,Yes,No,High,Safe,At Risk
01-03-2024 15:00,March,286.5,96.3,1,28.35,7.89,7.97,2.79,3,3,0,0,29.1,33.9,24.1,0.73,3,2.526315789,2.368421053,7.999990716,0.385683846,-0.021935655,No,No,High,Safe,At Risk
01-03-2024 16:00,March,286.5,96.3,1,28.35,7.89,7.97,2.79,3,3,0,0,29.1,33.9,24.1,0.73,3,2.578947368,2.105263158,7.994834926,0.386730863,-0.022630171,Yes,No,High,Safe,At Risk
01-03-2024 17:00,March,286.5,96.3,1,28.35,7.89,7.97,2.79,3,3,1,1,29.1,33.9,24.1,0.73,3,2.631578947,1.842105263,7.989679135,0.387777881,-0.023324687,No,No,High,Safe,At Risk
01-03-2024 18:00,March,286.5,96.3,1,28.35,7.89,7.97,2.79,3,3,0,0,29.1,33.9,24.1,0.73,3,2.684210526,1.578947368,7.984523345,0.388824899,-0.024019203,Yes,No,High,Safe,At Risk
01-03-2024 19:00,March,286.5,96.3,1,28.35,7.89,7.97,2.79,3,3,0,0,29.1,33.9,24.1,0.73,3,2.736842105,1.315789474,7.979367555,0.389871917,-0.024713719,No,No,High,Safe,At Risk
01-03-2024 20:00,March,286.5,96.3,1,28.35,7.89,7.97,2.79,3,3,1,0,29.1,33.9,24.1,0.73,3,2.789473684,1.052631579,7.974211764,0.390918935,-0.025408235,Yes,No,High,Safe,At Risk
01-03-2024 21:00,March,286.5,96.3,1,28.35,7.89,7.97,2.79,3,3,0,0,29.1,33.9,24.1,0.73,3,2.842105263,0.789473684,7.969055974,0.391965953,-0.026102751,No,No,High,Safe,At Risk
01-03-2024 22:00,March,286.5,96.3,1,28.35,7.89,7.97,2.79,3,3,0,0,29.1,33.9,24.1,0.73,3,2.894736842,0.526315789,7.963900184,0.393012971,-0.026797267,Yes,No,High,Safe,At Risk
01-03-2024 23:00,March,286.5,96.3,1,28.35,7.89,7.97,2.79,3,3,1,0,29.1,33.9,24.1,0.73,3,2.947368421,0.263157895,7.958744394,0.394059989,-0.027491783,No,No,High,Safe,At Risk
02-03-2024 00:00,March,286.5,96.3,1,28.35,7.89,7.97,2.79,3,3,0,0,29.1,33.9,24.1,0.73,3,3,0,7.953588603,0.395107006,-0.028186299,Yes,No,High,Safe,At Risk
02-03-2024 01:00,March,286.5,96.3,1,28.35,7.89,7.97,2.79,3,3,0,0,29.1,33.9,24.1,0.73,3,3,1,8.308703246,0.98830362,0.009598168,No,No,High,Safe,At Risk
02-03-2024 02:00,March,286.5,96.3,1,28.35,7.89,7.97,2.79,3,3,0,0,29.1,33.9,24.1,0.73,3,3,2,7.710798492,1.023094509,-0.006624575,Yes,No,High,Safe,At Risk
02-03-2024 03:00,March,286.5,96.3,1,28.35,7.89,7.97,2.79,3,3,1,0,29.1,33.9,24.1,0.73,3,3,3,8.113087534,0.230803346,0.97440165,No,No,High,Safe,At Risk
02-03-2024 04:00,March,286.5,96.3,1,28.35,7.89,7.97,2.79,3,3,0,0,29.1,33.9,24.1,0.73,3,3,4,8.21917182,0.306246607,0.96740992,Yes,No,High,Safe,At Risk
02-03-2024 05:00,March,286.5,96.3,1,28.35,7.89,7.97,2.79,3,3,0,0,29.1,33.9,24.1,0.73,3,3,5,8.446580347,0.341148044,0.005749328,No,No,High,Safe,At Risk
02-03-2024 06:00,March,286.5,96.3,1,28.35,7.89,7.97,2.79,3,3,0,1,29.1,33.9,24.1,0.73,3,3.052631579,4.736842105,8.410968839,0.374922289,0.005133973,Yes,No,High,Safe,At Risk
02-03-2024 07:00,March,286.5,96.3,1,28.35,7.89,7.97,2.79,3,3,0,0,29.1,33.9,24.1,0.73,3,3.105263158,4.473684211,8.375357331,0.408696533,0.004518619,No,No,High,Safe,At Risk
02-03-2024 08:00,March,286.5,96.3,1,28.35,7.89,7.97,2.79,3,3,0,0,29.1,33.9,24.1,0.73,3,3.157894737,4.210526316,8.339745823,0.442470778,0.003903264,Yes,No,High,Safe,At Risk
02-03-2024 09:00,March,286.5,96.3,1,28.35,7.89,7.97,2.79,3,3,0,0,29.1,33.9,24.1,0.73,3,3.210526316,3.947368421,8.304134315,0.476245023,0.00328791,No,No,High,Safe,At Risk
02-03-2024 10:00,March,286.5,96.3,1,28.35,7.89,7.97,2.79,3,3,0,1,29.1,33.9,24.1,0.73,3,3.263157895,3.684210526,8.268522807,0.510019267,0.002672555,Yes,No,High,Safe,At Risk
02-03-2024 11:00,March,286.5,96.3,1,28.35,7.89,7.97,2.79,3,3,0,0,29.1,33.9,24.1,0.73,3,3.315789474,3.421052632,8.232911299,0.543793512,0.0020572,No,No,High,Safe,At Risk
02-03-2024 12:00,March,286.5,96.3,1,28.35,7.89,7.97,2.79,3,3,1,0,29.1,33.9,24.1,0.73,3,3.368421053,3.157894737,8.197299791,0.577567756,0.001441846,Yes,No,High,Safe,At Risk
02-03-2024 13:00,March,286.5,96.3,1,28.35,7.89,7.97,2.79,3,3,0,0,29.1,33.9,24.1,0.73,3,3.421052632,2.894736842,8.161688283,0.611342001,0.000826491,No,No,High,Safe,At Risk
02-03-2024 14:00,March,286.5,96.3,1,28.35,7.89,7.97,2.79,3,3,0,0,29.1,33.9,24.1,0.73,3,3.473684211,2.631578947,8.126076775,0.645116246,0.000211137,Yes,No,High,Safe,At Risk
02-03-2024 15:00,March,286.5,96.3,1,28.35,7.89,7.97,2.79,3,3,0,0,29.1,33.9,24.1,0.73,3,3.526315789,2.368421053,8.090465266,0.67889049,-0.000404218,No,No,High,Safe,At Risk
02-03-2024 16:00,March,286.5,96.3,1,28.35,7.89,7.97,2.79,3,3,1,0,29.1,33.9,24.1,0.73,3,3.578947368,2.105263158,8.054853758,0.712664735,-0.001019572,Yes,No,High,Safe,At Risk
02-03-2024 17:00,March,286.5,96.3,1,28.35,7.89,7.97,2.79,3,3,0,0,29.1,33.9,24.1,0.73,3,3.631578947,1.842105263,8.01924225,0.74643898,-0.001634927,No,No,High,Safe,At Risk
02-03-2024 18:00,March,286.5,96.3,1,28.35,7.89,7.97,2.79,3,3,0,0,29.1,33.9,24.1,0.73,3,3.684210526,1.578947368,7.983630742,0.780213224,-0.002250282,Yes,No,High,Safe,At Risk
02-03-2024 19:00,March,286.5,96.3,1,28.35,7.89,7.97,2.79,3,3,1,1,29.1,33.9,24.1,0.73,3,3.736842105,1.315789474,7.948019234,0.813987469,-0.002865636,No,No,High,Safe,At Risk
02-03-2024 20:00,March,286.5,96.3,1,28.35,7.89,7.97,2.79,3,3,0,0,29.1,33.9,24.1,0.73,3,3.789473684,1.052631579,7.912407726,0.847761714,-0.003480991,Yes,No,High,Safe,At Risk
02-03-2024 21:00,March,286.5,96.3,1,28.35,7.89,7.97,2.79,3,3,0,0,29.1,33.9,24.1,0.73,3,3.842105263,0.789473684,7.876796218,0.881535958,-0.004096345,No,No,High,Safe,At Risk
02-03-2024 22:00,March,286.5,96.3,1,28.35,7.89,7.97,2.79,3,3,0,0,29.1,33.9,24.1,0.73,3,3.894736842,0.526315789,7.84118471,0.915310203,-0.0047117,Yes,No,High,Safe,At Risk
02-03-2024 23:00,March,286.5,96.3,1,28.35,7.89,7.97,2.79,3,3,0,0,29.1,33.9,24.1,0.73,3,3.947368421,0.263157895,7.805573202,0.949084447,-0.005327055,No,No,High,Safe,At Risk
03-03-2024 00:00,March,286.5,96.3,1,28.35,7.89,7.97,2.79,3,3,0,0,29.1,33.9,24.1,0.73,3,4,0,7.769961694,0.982858692,-0.005942409,Yes,No,High,Safe,At Risk
03-03-2024 01:00,March,286.5,96.3,1,28.35,7.89,7.97,2.79,3,3,0,0,29.1,33.9,24.1,0.73,3,4,1,8.35221126,0.335118731,0.123475597,No,No,High,Safe,At Risk
03-03-2024 02:00,March,286.5,96.3,1,28.35,7.89,7.97,2.79,3,3,0,0,29.1,33.9,24.1,0.73,3,4,2,7.708476318,0.973788815,-0.015675891,Yes,No,High,Safe,At Risk
03-03-2024 03:00,March,286.5,96.3,1,28.35,7.89,7.97,2.79,3,3,1,0,29.1,33.9,24.1,0.73,3,4,3,8.058207018,0.526002064,-0.00411302,No,No,High,Safe,At Risk
03-03-2024 04:00,March,286.5,96.3,1,28.35,7.89,7.97,2.79,3,3,0,0,29.1,33.9,24.1,0.73,3,4,4,8.409593796,0.282603342,0.845235797,Yes,No,High,Safe,At Risk
03-03-2024 05:00,March,286.5,96.3,1,28.35,7.89,7.97,2.79,3,3,0,0,29.1,33.9,24.1,0.73,3,4,5,7.723921265,0.992713792,-0.042481119,No,No,High,Safe,At Risk
03-03-2024 06:00,March,286.5,96.3,1,28.35,7.89,7.97,2.79,3,3,0,0,29.1,33.9,24.1,0.73,3,4.052631579,4.736842105,7.760831037,0.962598179,-0.040475721,Yes,No,High,Safe,At Risk
03-03-2024 07:00,March,286.5,96.3,1,28.35,7.89,7.97,2.79,3,3,1,0,29.1,33.9,24.1,0.73,3,4.105263158,4.473684211,7.79774081,0.932482566,-0.038470323,No,No,High,Safe,At Risk
03-03-2024 08:00,March,286.5,96.3,1,28.35,7.89,7.97,2.79,3,3,0,0,29.1,33.9,24.1,0.73,3,4.157894737,4.210526316,7.834650582,0.902366953,-0.036464924,Yes,No,High,Safe,At Risk
03-03-2024 09:00,March,286.5,96.3,1,28.35,7.89,7.97,2.79,3,3,0,0,29.1,33.9,24.1,0.73,3,4.210526316,3.947368421,7.871560355,0.872251339,-0.034459526,No,No,High,Safe,At Risk
03-03-2024 10:00,March,286.5,96.3,1,28.35,7.89,7.97,2.79,3,3,1,0,29.1,33.9,24.1,0.73,3,4.263157895,3.684210526,7.908470127,0.842135726,-0.032454128,Yes,No,High,Safe,At Risk
03-03-2024 11:00,March,286.5,96.3,1,28.35,7.89,7.97,2.79,3,3,0,0,29.1,33.9,24.1,0.73,3,4.315789474,3.421052632,7.9453799,0.812020113,-0.03044873,No,No,High,Safe,At Risk
03-03-2024 12:00,March,286.5,96.3,1,28.35,7.89,7.97,2.79,3,3,0,0,29.1,33.9,24.1,0.73,3,4.368421053,3.157894737,7.982289672,0.7819045,-0.028443331,Yes,No,High,Safe,At Risk
03-03-2024 13:00,March,286.5,96.3,1,28.35,7.89,7.97,2.79,3,3,0,0,29.1,33.9,24.1,0.73,3,4.421052632,2.894736842,8.019199445,0.751788887,-0.026437933,No,No,High,Safe,At Risk
03-03-2024 14:00,March,286.5,96.3,1,28.35,7.89,7.97,2.79,3,3,0,0,29.1,33.9,24.1,0.73,3,4.473684211,2.631578947,8.056109217,0.721673274,-0.024432535,Yes,No,High,Safe,At Risk
03-03-2024 15:00,March,286.5,96.3,1,28.35,7.89,7.97,2.79,3,3,0,0,29.1,33.9,24.1,0.73,3,4.526315789,2.368421053,8.09301899,0.691557661,-0.022427137,No,No,High,Safe,At Risk
03-03-2024 16:00,March,286.5,96.3,1,28.35,7.89,7.97,2.79,3,3,0,0,29.1,33.9,24.1,0.73,3,4.578947368,2.105263158,8.129928762,0.661442048,-0.020421739,Yes,No,High,Safe,At Risk
03-03-2024 17:00,March,286.5,96.3,1,28.35,7.89,7.97,2.79,3,3,0,0,29.1,33.9,24.1,0.73,3,4.631578947,1.842105263,8.166838534,0.631326435,-0.01841634,No,No,High,Safe,At Risk
03-03-2024 18:00,March,286.5,96.3,1,28.35,7.89,7.97,2.79,3,3,0,0,29.1,33.9,24.1,0.73,3,4.684210526,1.578947368,8.203748307,0.601210822,-0.016410942,Yes,No,High,Safe,At Risk
03-03-2024 19:00,March,286.5,96.3,1,28.35,7.89,7.97,2.79,3,3,1,0,29.1,33.9,24.1,0.73,3,4.736842105,1.315789474,8.240658079,0.571095209,-0.014405544,No,No,High,Safe,At Risk
03-03-2024 20:00,March,286.5,96.3,1,28.35,7.89,7.97,2.79,3,3,0,0,29.1,33.9,24.1,0.73,3,4.789473684,1.052631579,8.277567852,0.540979596,-0.012400146,Yes,No,High,Safe,At Risk
03-03-2024 21:00,March,286.5,96.3,1,28.35,7.89,7.97,2.79,3,3,0,1,29.1,33.9,24.1,0.73,3,4.842105263,0.789473684,8.314477624,0.510863983,-0.010394747,No,No,High,Safe,At Risk
03-03-2024 22:00,March,286.5,96.3,1,28.35,7.89,7.97,2.79,3,3,0,0,29.1,33.9,24.1,0.73,3,4.894736842,0.526315789,8.351387397,0.48074837,-0.008389349,Yes,No,High,Safe,At Risk
03-03-2024 23:00,March,286.5,96.3,1,28.35,7.89,7.97,2.79,3,3,0,0,29.1,33.9,24.1,0.73,3,4.947368421,0.263157895,8.388297169,0.450632757,-0.006383951,No,No,High,Safe,At Risk
04-03-2024 00:00,March,286.5,96.3,1,28.35,7.89,7.97,2.79,3,3,0,0,29.1,33.9,24.1,0.73,3,5,0,8.425206942,0.420517144,-0.004378553,Yes,No,High,Safe,At Risk
04-03-2024 01:00,March,286.5,96.3,1,28.35,7.89,7.97,2.79,3,3,0,0,29.1,33.9,24.1,0.73,3,5,1,8.42307804,0.398646678,0.08384652,No,No,High,Safe,At Risk
04-03-2024 02:00,March,286.5,96.3,1,28.35,7.89,7.97,2.79,3,3,1,0,29.1,33.9,24.1,0.73,3,5,2,7.892449395,0.991353082,-0.009170916,Yes,No,High,Safe,At Risk
04-03-2024 03:00,March,286.5,96.3,1,28.35,7.89,7.97,2.79,3,3,0,0,29.1,33.9,24.1,0.73,3,5,3,8.324424136,0.267782662,0.952691354,No,No,High,Safe,At Risk
04-03-2024 04:00,March,286.5,96.3,1,28.35,7.89,7.97,2.79,3,3,0,0,29.1,33.9,24.1,0.73,3,5,4,8.539038414,0.301990537,0.85749732,Yes,No,High,Safe,At Risk
04-03-2024 05:00,March,286.5,96.3,1,28.35,7.89,7.97,2.79,3,3,0,0,29.1,33.9,24.1,0.73,3,5,5,7.89354788,0.396181013,0.008289668,No,No,High,Safe,At Risk
04-03-2024 06:00,March,286.5,96.3,1,28.35,7.89,7.97,2.79,3,3,0,0,29.1,33.9,24.1,0.73,3,5.052631579,4.736842105,7.90219872,0.396262929,0.008702969,Yes,No,High,Safe,At Risk
04-03-2024 07:00,March,286.5,96.3,1,28.35,7.89,7.97,2.79,3,3,0,0,29.1,33.9,24.1,0.73,3,5.105263158,4.473684211,7.91084956,0.396344844,0.009116271,No,No,High,Safe,At Risk
04-03-2024 08:00,March,286.5,96.3,1,28.35,7.89,7.97,2.79,3,3,1,0,29.1,33.9,24.1,0.73,3,5.157894737,4.210526316,7.919500399,0.39642676,0.009529572,Yes,No,High,Safe,At Risk
04-03-2024 09:00,March,286.5,96.3,1,28.35,7.89,7.97,2.79,3,3,0,0,29.1,33.9,24.1,0.73,3,5.210526316,3.947368421,7.928151239,0.396508676,0.009942874,No,No,High,Safe,At Risk
04-03-2024 10:00,March,286.5,96.3,1,28.35,7.89,7.97,2.79,3,3,0,0,29.1,33.9,24.1,0.73,3,5.263157895,3.684210526,7.936802079,0.396590591,0.010356175,Yes,No,High,Safe,At Risk
04-03-2024 11:00,March,286.5,96.3,1,28.35,7.89,7.97,2.79,3,3,0,0,29.1,33.9,24.1,0.73,3,5.315789474,3.421052632,7.945452918,0.396672507,0.010769477,No,No,High,Safe,At Risk
04-03-2024 12:00,March,286.5,96.3,1,28.35,7.89,7.97,2.79,3,3,0,0,29.1,33.9,24.1,0.73,3,5.368421053,3.157894737,7.954103758,0.396754423,0.011182778,Yes,No,High,Safe,At Risk
04-03-2024 13:00,March,286.5,96.3,1,28.35,7.89,7.97,2.79,3,3,0,0,29.1,33.9,24.1,0.73,3,5.421052632,2.894736842,7.962754598,0.396836338,0.01159608,No,No,High,Safe,At Risk
04-03-2024 14:00,March,286.5,96.3,1,28.35,7.89,7.97,2.79,3,3,1,0,29.1,33.9,24.1,0.73,3,5.473684211,2.631578947,7.971405437,0.396918254,0.012009381,Yes,No,High,Safe,At Risk
04-03-2024 15:00,March,286.5,96.3,1,28.35,7.89,7.97,2.79,3,3,0,0,29.1,33.9,24.1,0.73,3,5.526315789,2.368421053,7.980056277,0.39700017,0.012422683,No,No,High,Safe,At Risk
04-03-2024 16:00,March,286.5,96.3,1,28.35,7.89,7.97,2.79,3,3,0,0,29.1,33.9,24.1,0.73,3,5.578947368,2.105263158,7.988707117,0.397082085,0.012835984,Yes,No,High,Safe,At Risk
04-03-2024 17:00,March,286.5,96.3,1,28.35,7.89,7.97,2.79,3,3,0,0,29.1,33.9,24.1,0.73,3,5.631578947,1.842105263,7.997357956,0.397164001,0.013249286,No,No,High,Safe,At Risk
04-03-2024 18:00,March,286.5,96.3,1,28.35,7.89,7.97,2.79,3,3,0,0,29.1,33.9,24.1,0.73,3,5.684210526,1.578947368,8.006008796,0.397245917,0.013662587,Yes,No,High,Safe,At Risk
04-03-2024 19:00,March,286.5,96.3,1,28.35,7.89,7.97,2.79,3,3,1,0,29.1,33.9,24.1,0.73,3,5.736842105,1.315789474,8.014659635,0.397327832,0.014075889,No,No,High,Safe,At Risk
04-03-2024 20:00,March,286.5,96.3,1,28.35,7.89,7.97,2.79,3,3,1,0,29.1,33.9,24.1,0.73,3,5.789473684,1.052631579,8.023310475,0.397409748,0.01448919,Yes,No,High,Safe,At Risk
04-03-2024 21:00,March,286.5,96.3,1,28.35,7.89,7.97,2.79,3,3,0,0,29.1,33.9,24.1,0.73,3,5.842105263,0.789473684,8.031961315,0.397491664,0.014902492,No,No,High,Safe,At Risk
04-03-2024 22:00,March,286.5,96.3,1,28.35,7.89,7.97,2.79,3,3,0,0,29.1,33.9,24.1,0.73,3,5.894736842,0.526315789,8.040612154,0.397573579,0.015315793,Yes,No,High,Safe,At Risk
04-03-2024 23:00,March,286.5,96.3,1,28.35,7.89,7.97,2.79,3,3,0,0,29.1,33.9,24.1,0.73,3,5.947368421,0.263157895,8.049262994,0.397655495,0.015729095,No,No,High,Safe,At Risk
05-03-2024 00:00,March,286.5,96.3,1,28.35,7.89,7.97,2.79,3,3,0,0,29.1,33.9,24.1,0.73,3,6,0,8.057913834,0.397737411,0.016142396,Yes,No,High,Safe,At Risk
05-03-2024 01:00,March,286.5,96.3,1,28.35,7.89,7.97,2.79,3,3,0,0,29.1,33.9,24.1,0.73,3,6,1,8.302986074,0.990284744,0.033299359,No,No,High,Safe,At Risk
05-03-2024 02:00,March,286.5,96.3,1,28.35,7.89,7.97,2.79,3,3,1,0,29.1,33.9,24.1,0.73,3,6,2,8.018775132,0.968535404,0.025152289,Yes,No,High,Safe,At Risk
05-03-2024 03:00,March,286.5,96.3,1,28.35,7.89,7.97,2.79,3,3,0,0,29.1,33.9,24.1,0.73,3,6,3,8.441426191,0.180697411,0.89338459,No,No,High,Safe,At Risk
05-03-2024 04:00,March,286.5,96.3,1,28.35,7.89,7.97,2.79,3,3,0,0,29.1,33.9,24.1,0.73,3,6,4,8.029645633,0.991859585,-0.004572504,Yes,No,High,Safe,At Risk
05-03-2024 05:00,March,286.5,96.3,1,28.35,7.89,7.97,2.79,3,3,1,0,29.1,33.9,24.1,0.73,3,6,5,8.152334495,0.37657622,0.019238005,No,No,High,Safe,At Risk
05-03-2024 06:00,March,286.5,96.3,1,28.35,7.89,7.97,2.79,3,3,0,0,29.1,33.9,24.1,0.73,3,6.052631579,4.736842105,8.153828952,0.379558289,0.017961401,Yes,No,High,Safe,At Risk
05-03-2024 07:00,March,286.5,96.3,1,28.35,7.89,7.97,2.79,3,3,0,0,29.1,33.9,24.1,0.73,3,6.105263158,4.473684211,8.155323408,0.382540357,0.016684796,No,No,High,Safe,At Risk
05-03-2024 08:00,March,286.5,96.3,1,28.35,7.89,7.97,2.79,3,3,0,0,29.1,33.9,24.1,0.73,3,6.157894737,4.210526316,8.156817864,0.385522426,0.015408192,Yes,No,High,Safe,At Risk
05-03-2024 09:00,March,286.5,96.3,1,28.35,7.89,7.97,2.79,3,3,1,1,29.1,33.9,24.1,0.73,3,6.210526316,3.947368421,8.15831232,0.388504494,0.014131588,No,No,High,Safe,At Risk
05-03-2024 10:00,March,286.5,96.3,1,28.35,7.89,7.97,2.79,3,3,0,0,29.1,33.9,24.1,0.73,3,6.263157895,3.684210526,8.159806777,0.391486563,0.012854984,Yes,No,High,Safe,At Risk
05-03-2024 11:00,March,286.5,96.3,1,28.35,7.89,7.97,2.79,3,3,0,0,29.1,33.9,24.1,0.73,3,6.315789474,3.421052632,8.161301233,0.394468631,0.01157838,No,No,High,Safe,At Risk
05-03-2024 12:00,March,286.5,96.3,1,28.35,7.89,7.97,2.79,3,3,0,1,29.1,33.9,24.1,0.73,3,6.368421053,3.157894737,8.162795689,0.397450699,0.010301775,Yes,No,High,Safe,At Risk
05-03-2024 13:00,March,286.5,96.3,1,28.35,7.89,7.97,2.79,3,3,0,0,29.1,33.9,24.1,0.73,3,6.421052632,2.894736842,8.164290145,0.400432768,0.009025171,No,No,High,Safe,At Risk
05-03-2024 14:00,March,286.5,96.3,1,28.35,7.89,7.97,2.79,3,3,0,0,29.1,33.9,24.1,0.73,3,6.473684211,2.631578947,8.165784602,0.403414836,0.007748567,Yes,No,High,Safe,At Risk
05-03-2024 15:00,March,286.5,96.3,1,28.35,7.89,7.97,2.79,3,3,1,0,29.1,33.9,24.1,0.73,3,6.526315789,2.368421053,8.167279058,0.406396905,0.006471963,No,No,High,Safe,At Risk
05-03-2024 16:00,March,286.5,96.3,1,28.35,7.89,7.97,2.79,3,3,0,0,29.1,33.9,24.1,0.73,3,6.578947368,2.105263158,8.168773514,0.409378973,0.005195358,Yes,No,High,Safe,At Risk
05-03-2024 17:00,March,286.5,96.3,1,28.35,7.89,7.97,2.79,3,3,0,0,29.1,33.9,24.1,0.73,3,6.631578947,1.842105263,8.17026797,0.412361042,0.003918754,No,No,High,Safe,At Risk
05-03-2024 18:00,March,286.5,96.3,1,28.35,7.89,7.97,2.79,3,3,0,0,29.1,33.9,24.1,0.73,3,6.684210526,1.578947368,8.171762427,0.41534311,0.00264215,Yes,No,High,Safe,At Risk
05-03-2024 19:00,March,286.5,96.3,1,28.35,7.89,7.97,2.79,3,3,0,0,29.1,33.9,24.1,0.73,3,6.736842105,1.315789474,8.173256883,0.418325178,0.001365546,No,No,High,Safe,At Risk
05-03-2024 20:00,March,286.5,96.3,1,28.35,7.89,7.97,2.79,3,3,0,0,29.1,33.9,24.1,0.73,3,6.789473684,1.052631579,8.174751339,0.421307247,8.89E-05,Yes,No,High,Safe,At Risk
05-03-2024 21:00,March,286.5,96.3,1,28.35,7.89,7.97,2.79,3,3,0,0,29.1,33.9,24.1,0.73,3,6.842105263,0.789473684,8.176245795,0.424289315,-0.001187663,No,No,High,Safe,At Risk
05-03-2024 22:00,March,286.5,96.3,1,28.35,7.89,7.97,2.79,3,3,0,0,29.1,33.9,24.1,0.73,3,6.894736842,0.526315789,8.177740252,0.427271384,-0.002464267,Yes,No,High,Safe,At Risk
05-03-2024 23:00,March,286.5,96.3,1,28.35,7.89,7.97,2.79,3,3,0,0,29.1,33.9,24.1,0.73,3,6.947368421,0.263157895,8.179234708,0.430253452,-0.003740871,No,No,High,Safe,At Risk
06-03-2024 00:00,March,286.5,96.3,1,28.35,7.89,7.97,2.79,3,3,0,0,29.1,33.9,24.1,0.73,3,7,0,8.180729164,0.433235521,-0.005017475,Yes,No,High,Safe,At Risk
06-03-2024 01:00,March,286.5,96.3,1,28.35,7.89,7.97,2.79,3,3,0,0,29.1,33.9,24.1,0.73,3,7,1,7.79423049,0.978667405,-0.004719724,No,No,High,Safe,At Risk
06-03-2024 02:00,March,286.5,96.3,1,28.35,7.89,7.97,2.79,3,3,1,0,29.1,33.9,24.1,0.73,3,7,2,8.277425537,0.331444788,0.409272165,Yes,No,High,Safe,At Risk
06-03-2024 03:00,March,286.5,96.3,1,28.35,7.89,7.97,2.79,3,3,0,0,29.1,33.9,24.1,0.73,3,7,3,8.150902361,0.280658381,0.841714849,No,No,High,Safe,At Risk
06-03-2024 04:00,March,286.5,96.3,1,28.35,7.89,7.97,2.79,3,3,0,0,29.1,33.9,24.1,0.73,3,7,4,8.108484966,0.216906487,0.954505439,Yes,No,High,Safe,At Risk
06-03-2024 05:00,March,286.5,96.3,1,28.35,7.89,7.97,2.79,3,3,0,0,29.1,33.9,24.1,0.73,3,7,5,8.254354688,0.964417682,-0.037393514,No,No,High,Safe,At Risk
06-03-2024 06:00,March,286.5,96.3,1,28.35,7.89,7.97,2.79,3,3,0,0,29.1,33.9,24.1,0.73,3,7.052631579,4.736842105,8.219823133,0.965197116,-0.034878218,Yes,No,High,Safe,At Risk
06-03-2024 07:00,March,286.5,96.3,1,28.35,7.89,7.97,2.79,3,3,0,0,29.1,33.9,24.1,0.73,3,7.105263158,4.473684211,8.185291578,0.96597655,-0.032362921,No,No,High,Safe,At Risk
06-03-2024 08:00,March,286.5,96.3,1,28.35,7.89,7.97,2.79,3,3,1,0,29.1,33.9,24.1,0.73,3,7.157894737,4.210526316,8.150760022,0.966755985,-0.029847625,Yes,No,High,Safe,At Risk
06-03-2024 09:00,March,286.5,96.3,1,28.35,7.89,7.97,2.79,3,3,0,0,29.1,33.9,24.1,0.73,3,7.210526316,3.947368421,8.116228467,0.967535419,-0.027332329,No,No,High,Safe,At Risk
06-03-2024 10:00,March,286.5,96.3,1,28.35,7.89,7.97,2.79,3,3,0,0,29.1,33.9,24.1,0.73,3,7.263157895,3.684210526,8.081696912,0.968314853,-0.024817032,Yes,No,High,Safe,At Risk
06-03-2024 11:00,March,286.5,96.3,1,28.35,7.89,7.97,2.79,3,3,0,0,29.1,33.9,24.1,0.73,3,7.315789474,3.421052632,8.047165356,0.969094287,-0.022301736,No,No,High,Safe,At Risk
06-03-2024 12:00,March,286.5,96.3,1,28.35,7.89,7.97,2.79,3,3,0,0,29.1,33.9,24.1,0.73,3,7.368421053,3.157894737,8.012633801,0.969873721,-0.019786439,Yes,No,High,Safe,At Risk
06-03-2024 13:00,March,286.5,96.3,1,28.35,7.89,7.97,2.79,3,3,1,0,29.1,33.9,24.1,0.73,3,7.421052632,2.894736842,7.978102246,0.970653155,-0.017271143,No,No,High,Safe,At Risk
06-03-2024 14:00,March,286.5,96.3,1,28.35,7.89,7.97,2.79,3,3,1,0,29.1,33.9,24.1,0.73,3,7.473684211,2.631578947,7.943570691,0.971432589,-0.014755847,Yes,No,High,Safe,At Risk
06-03-2024 15:00,March,286.5,96.3,1,28.35,7.89,7.97,2.79,3,3,0,0,29.1,33.9,24.1,0.73,3,7.526315789,2.368421053,7.909039135,0.972212023,-0.01224055,No,No,High,Safe,At Risk
06-03-2024 16:00,March,286.5,96.3,1,28.35,7.89,7.97,2.79,3,3,1,0,29.1,33.9,24.1,0.73,3,7.578947368,2.105263158,7.87450758,0.972991457,-0.009725254,Yes,No,High,Safe,At Risk
06-03-2024 17:00,March,286.5,96.3,1,28.35,7.89,7.97,2.79,3,3,1,0,29.1,33.9,24.1,0.73,3,7.631578947,1.842105263,7.839976025,0.973770891,-0.007209957,No,No,High,Safe,At Risk
06-03-2024 18:00,March,286.5,96.3,1,28.35,7.89,7.97,2.79,3,3,0,0,29.1,33.9,24.1,0.73,3,7.684210526,1.578947368,7.805444469,0.974550325,-0.004694661,Yes,No,High,Safe,At Risk
06-03-2024 19:00,March,286.5,96.3,1,28.35,7.89,7.97,2.79,3,3,0,0,29.1,33.9,24.1,0.73,3,7.736842105,1.315789474,7.770912914,0.975329759,-0.002179365,No,No,High,Safe,At Risk
06-03-2024 20:00,March,286.5,96.3,1,28.35,7.89,7.97,2.79,3,3,0,0,29.1,33.9,24.1,0.73,3,7.789473684,1.052631579,7.736381359,0.976109193,0.000335932,Yes,No,High,Safe,At Risk
06-03-2024 21:00,March,286.5,96.3,1,28.35,7.89,7.97,2.79,3,3,0,0,29.1,33.9,24.1,0.73,3,7.842105263,0.789473684,7.701849803,0.976888627,0.002851228,No,No,High,Safe,At Risk
06-03-2024 22:00,March,286.5,96.3,1,28.35,7.89,7.97,2.79,3,3,0,0,29.1,33.9,24.1,0.73,3,7.894736842,0.526315789,7.667318248,0.977668061,0.005366525,Yes,No,High,Safe,At Risk
06-03-2024 23:00,March,286.5,96.3,1,28.35,7.89,7.97,2.79,3,3,1,0,29.1,33.9,24.1,0.73,3,7.947368421,0.263157895,7.632786693,0.978447495,0.007881821,No,No,High,Safe,At Risk
07-03-2024 00:00,March,286.5,96.3,1,28.35,7.89,7.97,2.79,3,3,0,0,29.1,33.9,24.1,0.73,3,8,0,7.598255137,0.979226929,0.010397117,Yes,No,High,Safe,At Risk
07-03-2024 01:00,March,286.5,96.3,1,28.35,7.89,7.97,2.79,3,3,0,0,29.1,33.9,24.1,0.73,3,8,1,8.088796095,0.308367003,0.124453138,No,No,High,Safe,At Risk
07-03-2024 02:00,March,286.5,96.3,1,28.35,7.89,7.97,2.79,3,3,0,0,29.1,33.9,24.1,0.73,3,8,2,8.056521857,0.982433267,0.00684387,Yes,No,High,Safe,At Risk
07-03-2024 03:00,March,286.5,96.3,1,28.35,7.89,7.97,2.79,3,3,0,0,29.1,33.9,24.1,0.73,3,8,3,8.170429407,0.307050698,0.883390213,No,No,High,Safe,At Risk
07-03-2024 04:00,March,286.5,96.3,1,28.35,7.89,7.97,2.79,3,3,0,0,29.1,33.9,24.1,0.73,3,8,4,8.275076533,0.96864036,-0.028965736,Yes,No,High,Safe,At Risk
07-03-2024 05:00,March,286.5,96.3,1,28.35,7.89,7.97,2.79,3,3,1,0,29.1,33.9,24.1,0.73,3,8,5,8.213479193,0.391379841,0.009160562,No,No,High,Safe,At Risk
07-03-2024 06:00,March,286.5,96.3,1,28.35,7.89,7.97,2.79,3,3,0,0,29.1,33.9,24.1,0.73,3,8.052631579,4.736842105,8.210366981,0.389749981,0.007562462,Yes,No,High,Safe,At Risk
07-03-2024 07:00,March,286.5,96.3,1,28.35,7.89,7.97,2.79,3,3,0,0,29.1,33.9,24.1,0.73,3,8.105263158,4.473684211,8.207254768,0.38812012,0.005964362,No,No,High,Safe,At Risk
07-03-2024 08:00,March,286.5,96.3,1,28.35,7.89,7.97,2.79,3,3,0,0,29.1,33.9,24.1,0.73,3,8.157894737,4.210526316,8.204142556,0.38649026,0.004366262,Yes,No,High,Safe,At Risk
07-03-2024 09:00,March,286.5,96.3,1,28.35,7.89,7.97,2.79,3,3,1,0,29.1,33.9,24.1,0.73,3,8.210526316,3.947368421,8.201030344,0.384860399,0.002768163,No,No,High,Safe,At Risk
07-03-2024 10:00,March,286.5,96.3,1,28.35,7.89,7.97,2.79,3,3,0,0,29.1,33.9,24.1,0.73,3,8.263157895,3.684210526,8.197918132,0.383230538,0.001170063,Yes,No,High,Safe,At Risk
07-03-2024 11:00,March,286.5,96.3,1,28.35,7.89,7.97,2.79,3,3,0,0,29.1,33.9,24.1,0.73,3,8.315789474,3.421052632,8.19480592,0.381600678,-0.000428037,No,No,High,Safe,At Risk
07-03-2024 12:00,March,286.5,96.3,1,28.35,7.89,7.97,2.79,3,3,0,0,29.1,33.9,24.1,0.73,3,8.368421053,3.157894737,8.191693708,0.379970817,-0.002026137,Yes,No,High,Safe,At Risk
07-03-2024 13:00,March,286.5,96.3,1,28.35,7.89,7.97,2.79,3,3,0,0,29.1,33.9,24.1,0.73,3,8.421052632,2.894736842,8.188581496,0.378340957,-0.003624237,No,No,High,Safe,At Risk
07-03-2024 14:00,March,286.5,96.3,1,28.35,7.89,7.97,2.79,3,3,0,0,29.1,33.9,24.1,0.73,3,8.473684211,2.631578947,8.185469283,0.376711096,-0.005222337,Yes,No,High,Safe,At Risk
07-03-2024 15:00,March,286.5,96.3,1,28.35,7.89,7.97,2.79,3,3,0,0,29.1,33.9,24.1,0.73,3,8.526315789,2.368421053,8.182357071,0.375081236,-0.006820437,No,No,High,Safe,At Risk
07-03-2024 16:00,March,286.5,96.3,1,28.35,7.89,7.97,2.79,3,3,1,0,29.1,33.9,24.1,0.73,3,8.578947368,2.105263158,8.179244859,0.373451375,-0.008418537,Yes,No,High,Safe,At Risk
07-03-2024 17:00,March,286.5,96.3,1,28.35,7.89,7.97,2.79,3,3,0,0,29.1,33.9,24.1,0.73,3,8.631578947,1.842105263,8.176132647,0.371821515,-0.010016636,No,No,High,Safe,At Risk
07-03-2024 18:00,March,286.5,96.3,1,28.35,7.89,7.97,2.79,3,3,0,0,29.1,33.9,24.1,0.73,3,8.684210526,1.578947368,8.173020435,0.370191654,-0.011614736,Yes,No,High,Safe,At Risk
07-03-2024 19:00,March,286.5,96.3,1,28.35,7.89,7.97,2.79,3,3,0,0,29.1,33.9,24.1,0.73,3,8.736842105,1.315789474,8.169908223,0.368561794,-0.013212836,No,No,High,Safe,At Risk
07-03-2024 20:00,March,286.5,96.3,1,28.35,7.89,7.97,2.79,3,3,0,0,29.1,33.9,24.1,0.73,3,8.789473684,1.052631579,8.166796011,0.366931933,-0.014810936,Yes,No,High,Safe,At Risk
07-03-2024 21:00,March,286.5,96.3,1,28.35,7.89,7.97,2.79,3,3,0,0,29.1,33.9,24.1,0.73,3,8.842105263,0.789473684,8.163683798,0.365302073,-0.016409036,No,No,High,Safe,At Risk
07-03-2024 22:00,March,286.5,96.3,1,28.35,7.89,7.97,2.79,3,3,0,0,29.1,33.9,24.1,0.73,3,8.894736842,0.526315789,8.160571586,0.363672212,-0.018007136,Yes,No,High,Safe,At Risk
07-03-2024 23:00,March,286.5,96.3,1,28.35,7.89,7.97,2.79,3,3,1,0,29.1,33.9,24.1,0.73,3,8.947368421,0.263157895,8.157459374,0.362042352,-0.019605236,No,No,High,Safe,At Risk
08-03-2024 00:00,March,286.5,96.3,1,28.35,7.89,7.97,2.79,3,3,0,0,29.1,33.9,24.1,0.73,3,9,0,8.154347162,0.360412491,-0.021203336,Yes,No,High,Safe,At Risk
08-03-2024 01:00,March,286.5,96.3,1,28.35,7.89,7.97,2.79,3,3,0,1,29.1,33.9,24.1,0.73,3,9,1,7.785324735,0.990663924,0.033560287,No,No,High,Safe,At Risk
08-03-2024 02:00,March,286.5,96.3,1,28.35,7.89,7.97,2.79,3,3,0,0,29.1,33.9,24.1,0.73,3,9,2,7.962178499,0.369244755,0.420919386,Yes,No,High,Safe,At Risk
08-03-2024 03:00,March,286.5,96.3,1,28.35,7.89,7.97,2.79,3,3,0,1,29.1,33.9,24.1,0.73,3,9,3,8.31709968,0.370094449,0.807409946,No,No,High,Safe,At Risk
08-03-2024 04:00,March,286.5,96.3,1,28.35,7.89,7.97,2.79,3,3,0,0,29.1,33.9,24.1,0.73,3,9,4,8.530263344,0.255040247,0.867075071,Yes,No,High,Safe,At Risk
08-03-2024 05:00,March,286.5,96.3,1,28.35,7.89,7.97,2.79,3,3,0,0,29.1,33.9,24.1,0.73,3,9,5,8.134877448,0.384610274,-0.004523314,No,No,High,Safe,At Risk
08-03-2024 06:00,March,286.5,96.3,1,28.35,7.89,7.97,2.79,3,3,0,0,29.1,33.9,24.1,0.73,3,9.052631579,4.736842105,8.102851048,0.416083531,-0.004017376,Yes,No,High,Safe,At Risk
08-03-2024 07:00,March,286.5,96.3,1,28.35,7.89,7.97,2.79,3,3,0,0,29.1,33.9,24.1,0.73,3,9.105263158,4.473684211,8.070824649,0.447556789,-0.003511438,No,No,High,Safe,At Risk
08-03-2024 08:00,March,286.5,96.3,1,28.35,7.89,7.97,2.79,3,3,0,0,29.1,33.9,24.1,0.73,3,9.157894737,4.210526316,8.038798249,0.479030046,-0.0030055,Yes,No,High,Safe,At Risk
08-03-2024 09:00,March,286.5,96.3,1,28.35,7.89,7.97,2.79,3,3,0,0,29.1,33.9,24.1,0.73,3,9.210526316,3.947368421,8.00677185,0.510503304,-0.002499562,No,No,High,Safe,At Risk
08-03-2024 10:00,March,286.5,96.3,1,28.35,7.89,7.97,2.79,3,3,0,1,29.1,33.9,24.1,0.73,3,9.263157895,3.684210526,7.974745451,0.541976561,-0.001993624,Yes,No,High,Safe,At Risk
08-03-2024 11:00,March,286.5,96.3,1,28.35,7.89,7.97,2.79,3,3,0,0,29.1,33.9,24.1,0.73,3,9.315789474,3.421052632,7.942719051,0.573449819,-0.001487685,No,No,High,Safe,At Risk
08-03-2024 12:00,March,286.5,96.3,1,28.35,7.89,7.97,2.79,3,3,0,0,29.1,33.9,24.1,0.73,3,9.368421053,3.157894737,7.910692652,0.604923076,-0.000981747,Yes,No,High,Safe,At Risk
08-03-2024 13:00,March,286.5,96.3,1,28.35,7.89,7.97,2.79,3,3,0,0,29.1,33.9,24.1,0.73,3,9.421052632,2.894736842,7.878666252,0.636396334,-0.000475809,No,No,High,Safe,At Risk
08-03-2024 14:00,March,286.5,96.3,1,28.35,7.89,7.97,2.79,3,3,0,1,29.1,33.9,24.1,0.73,3,9.473684211,2.631578947,7.846639853,0.667869592,3.01E-05,Yes,No,High,Safe,At Risk
08-03-2024 15:00,March,286.5,96.3,1,28.35,7.89,7.97,2.79,3,3,0,0,29.1,33.9,24.1,0.73,3,9.526315789,2.368421053,7.814613453,0.699342849,0.000536067,No,No,High,Safe,At Risk
08-03-2024 16:00,March,286.5,96.3,1,28.35,7.89,7.97,2.79,3,3,0,0,29.1,33.9,24.1,0.73,3,9.578947368,2.105263158,7.782587054,0.730816107,0.001042005,Yes,No,High,Safe,At Risk
08-03-2024 17:00,March,286.5,96.3,1,28.35,7.89,7.97,2.79,3,3,0,0,29.1,33.9,24.1,0.73,3,9.631578947,1.842105263,7.750560654,0.762289364,0.001547943,No,No,High,Safe,At Risk
08-03-2024 18:00,March,286.5,96.3,1,28.35,7.89,7.97,2.79,3,3,0,0,29.1,33.9,24.1,0.73,3,9.684210526,1.578947368,7.718534255,0.793762622,0.002053882,Yes,No,High,Safe,At Risk
08-03-2024 19:00,March,286.5,96.3,1,28.35,7.89,7.97,2.79,3,3,0,1,29.1,33.9,24.1,0.73,3,9.736842105,1.315789474,7.686507855,0.825235879,0.00255982,No,No,High,Safe,At Risk
08-03-2024 20:00,March,286.5,96.3,1,28.35,7.89,7.97,2.79,3,3,0,0,29.1,33.9,24.1,0.73,3,9.789473684,1.052631579,7.654481456,0.856709137,0.003065758,Yes,No,High,Safe,At Risk
08-03-2024 21:00,March,286.5,96.3,1,28.35,7.89,7.97,2.79,3,3,0,0,29.1,33.9,24.1,0.73,3,9.842105263,0.789473684,7.622455056,0.888182394,0.003571696,No,No,High,Safe,At Risk
08-03-2024 22:00,March,286.5,96.3,1,28.35,7.89,7.97,2.79,3,3,0,0,29.1,33.9,24.1,0.73,3,9.894736842,0.526315789,7.590428657,0.919655652,0.004077634,Yes,No,High,Safe,At Risk
08-03-2024 23:00,March,286.5,96.3,1,28.35,7.89,7.97,2.79,3,3,0,0,29.1,33.9,24.1,0.73,3,9.947368421,0.263157895,7.558402258,0.95112891,0.004583572,No,No,High,Safe,At Risk
09-03-2024 00:00,March,286.5,96.3,1,28.35,7.89,7.97,2.79,3,3,1,0,29.1,33.9,24.1,0.73,3,10,0,7.526375858,0.982602167,0.005089511,Yes,No,High,Safe,At Risk
09-03-2024 01:00,March,286.5,96.3,1,28.35,7.89,7.97,2.79,3,3,0,0,29.1,33.9,24.1,0.73,3,10,1,8.110732581,0.378121192,0.11570997,No,No,High,Safe,At Risk
09-03-2024 02:00,March,286.5,96.3,1,28.35,7.89,7.97,2.79,3,3,0,0,29.1,33.9,24.1,0.73,3,10,2,8.074159346,0.301657844,0.42739023,Yes,No,High,Safe,At Risk
09-03-2024 03:00,March,286.5,96.3,1,28.35,7.89,7.97,2.79,3,3,0,0,29.1,33.9,24.1,0.73,3,10,3,8.472860243,0.551545623,0.02942894,No,No,High,Safe,At Risk
09-03-2024 04:00,March,286.5,96.3,1,28.35,7.89,7.97,2.79,3,3,0,0,29.1,33.9,24.1,0.73,3,10,4,8.435351888,0.329469281,0.858318453,Yes,No,High,Safe,At Risk
09-03-2024 05:00,March,286.5,96.3,1,28.35,7.89,7.97,2.79,3,3,0,0,29.1,33.9,24.1,0.73,3,10,5,8.540799665,0.357425441,0.001889549,No,No,High,Safe,At Risk
09-03-2024 06:00,March,286.5,96.3,1,28.35,7.89,7.97,2.79,3,3,1,0,29.1,33.9,24.1,0.73,3,10.05263158,4.736842105,8.502292904,0.388010358,0.001305695,Yes,No,High,Safe,At Risk
09-03-2024 07:00,March,286.5,96.3,1,28.35,7.89,7.97,2.79,3,3,0,0,29.1,33.9,24.1,0.73,3,10.10526316,4.473684211,8.463786143,0.418595274,0.000721841,No,No,High,Safe,At Risk
09-03-2024 08:00,March,286.5,96.3,1,28.35,7.89,7.97,2.79,3,3,0,0,29.1,33.9,24.1,0.73,3,10.15789474,4.210526316,8.425279383,0.44918019,0.000137987,Yes,No,High,Safe,At Risk
09-03-2024 09:00,March,286.5,96.3,1,28.35,7.89,7.97,2.79,3,3,1,0,29.1,33.9,24.1,0.73,3,10.21052632,3.947368421,8.386772622,0.479765106,-0.000445867,No,No,High,Safe,At Risk
09-03-2024 10:00,March,286.5,96.3,1,28.35,7.89,7.97,2.79,3,3,0,0,29.1,33.9,24.1,0.73,3,10.26315789,3.684210526,8.348265861,0.510350023,-0.001029721,Yes,No,High,Safe,At Risk
09-03-2024 11:00,March,286.5,96.3,1,28.35,7.89,7.97,2.79,3,3,0,0,29.1,33.9,24.1,0.73,3,10.31578947,3.421052632,8.3097591,0.540934939,-0.001613575,No,No,High,Safe,At Risk
09-03-2024 12:00,March,286.5,96.3,1,28.35,7.89,7.97,2.79,3,3,0,1,29.1,33.9,24.1,0.73,3,10.36842105,3.157894737,8.27125234,0.571519855,-0.002197429,Yes,No,High,Safe,At Risk
09-03-2024 13:00,March,286.5,96.3,1,28.35,7.89,7.97,2.79,3,3,0,0,29.1,33.9,24.1,0.73,3,10.42105263,2.894736842,8.232745579,0.602104771,-0.002781283,No,No,High,Safe,At Risk
09-03-2024 14:00,March,286.5,96.3,1,28.35,7.89,7.97,2.79,3,3,0,0,29.1,33.9,24.1,0.73,3,10.47368421,2.631578947,8.194238818,0.632689688,-0.003365137,Yes,No,High,Safe,At Risk
09-03-2024 15:00,March,286.5,96.3,1,28.35,7.89,7.97,2.79,3,3,0,0,29.1,33.9,24.1,0.73,3,10.52631579,2.368421053,8.155732057,0.663274604,-0.003948991,No,No,High,Safe,At Risk
09-03-2024 16:00,March,286.5,96.3,1,28.35,7.89,7.97,2.79,3,3,0,0,29.1,33.9,24.1,0.73,3,10.57894737,2.105263158,8.117225297,0.69385952,-0.004532845,Yes,No,High,Safe,At Risk
09-03-2024 17:00,March,286.5,96.3,1,28.35,7.89,7.97,2.79,3,3,0,0,29.1,33.9,24.1,0.73,3,10.63157895,1.842105263,8.078718536,0.724444436,-0.005116699,No,No,High,Safe,At Risk
09-03-2024 18:00,March,286.5,96.3,1,28.35,7.89,7.97,2.79,3,3,0,0,29.1,33.9,24.1,0.73,3,10.68421053,1.578947368,8.040211775,0.755029353,-0.005700553,Yes,No,High,Safe,At Risk
09-03-2024 19:00,March,286.5,96.3,1,28.35,7.89,7.97,2.79,3,3,1,0,29.1,33.9,24.1,0.73,3,10.73684211,1.315789474,8.001705014,0.785614269,-0.006284407,No,No,High,Safe,At Risk
09-03-2024 20:00,March,286.5,96.3,1,28.35,7.89,7.97,2.79,3,3,0,0,29.1,33.9,24.1,0.73,3,10.78947368,1.052631579,7.963198254,0.816199185,-0.006868261,Yes,No,High,Safe,At Risk
09-03-2024 21:00,March,286.5,96.3,1,28.35,7.89,7.97,2.79,3,3,0,0,29.1,33.9,24.1,0.73,3,10.84210526,0.789473684,7.924691493,0.846784102,-0.007452115,No,No,High,Safe,At Risk
09-03-2024 22:00,March,286.5,96.3,1,28.35,7.89,7.97,2.79,3,3,0,0,29.1,33.9,24.1,0.73,3,10.89473684,0.526315789,7.886184732,0.877369018,-0.008035969,Yes,No,High,Safe,At Risk
09-03-2024 23:00,March,286.5,96.3,1,28.35,7.89,7.97,2.79,3,3,0,0,29.1,33.9,24.1,0.73,3,10.94736842,0.263157895,7.847677971,0.907953934,-0.008619823,No,No,High,Safe,At Risk
10-03-2024 00:00,March,286.5,96.3,1,28.35,7.89,7.97,2.79,3,3,0,0,29.1,33.9,24.1,0.73,3,11,0,7.809171211,0.93853885,-0.009203677,Yes,No,High,Safe,At Risk
10-03-2024 01:00,March,286.5,96.3,1,28.35,7.89,7.97,2.79,3,3,0,0,29.1,33.9,24.1,0.73,3,11,1,8.262744055,0.336803499,0.123567987,No,No,High,Safe,At Risk
10-03-2024 02:00,March,286.5,96.3,1,28.35,7.89,7.97,2.79,3,3,0,0,29.1,33.9,24.1,0.73,3,11,2,8.004803353,0.350958712,0.434063993,Yes,No,High,Safe,At Risk
10-03-2024 03:00,March,286.5,96.3,1,28.35,7.89,7.97,2.79,3,3,1,0,29.1,33.9,24.1,0.73,3,11,3,8.29174964,0.311014897,0.891041983,No,No,High,Safe,At Risk
10-03-2024 04:00,March,286.5,96.3,1,28.35,7.89,7.97,2.79,3,3,0,0,29.1,33.9,24.1,0.73,3,11,4,8.094117514,0.302676022,0.823419697,Yes,No,High,Safe,At Risk
10-03-2024 05:00,March,286.5,96.3,1,28.35,7.89,7.97,2.79,3,3,0,0,29.1,33.9,24.1,0.73,3,11,5,8.173633682,0.355268055,0.027615512,No,No,High,Safe,At Risk
10-03-2024 06:00,March,286.5,96.3,1,28.35,7.89,7.97,2.79,3,3,1,0,29.1,33.9,24.1,0.73,3,11.05263158,4.736842105,8.166147716,0.35749284,0.027604745,Yes,No,High,Safe,At Risk
10-03-2024 07:00,March,286.5,96.3,1,28.35,7.89,7.97,2.79,3,3,0,0,29.1,33.9,24.1,0.73,3,11.10526316,4.473684211,8.158661751,0.359717625,0.027593978,No,No,High,Safe,At Risk
10-03-2024 08:00,March,286.5,96.3,1,28.35,7.89,7.97,2.79,3,3,0,1,29.1,33.9,24.1,0.73,3,11.15789474,4.210526316,8.151175785,0.36194241,0.02758321,Yes,No,High,Safe,At Risk
10-03-2024 09:00,March,286.5,96.3,1,28.35,7.89,7.97,2.79,3,3,0,0,29.1,33.9,24.1,0.73,3,11.21052632,3.947368421,8.14368982,0.364167195,0.027572443,No,No,High,Safe,At Risk
10-03-2024 10:00,March,286.5,96.3,1,28.35,7.89,7.97,2.79,3,3,0,0,29.1,33.9,24.1,0.73,3,11.26315789,3.684210526,8.136203854,0.36639198,0.027561675,Yes,No,High,Safe,At Risk
10-03-2024 11:00,March,286.5,96.3,1,28.35,7.89,7.97,2.79,3,3,0,0,29.1,33.9,24.1,0.73,3,11.31578947,3.421052632,8.128717889,0.368616766,0.027550908,No,No,High,Safe,At Risk
10-03-2024 12:00,March,286.5,96.3,1,28.35,7.89,7.97,2.79,3,3,0,0,29.1,33.9,24.1,0.73,3,11.36842105,3.157894737,8.121231923,0.370841551,0.027540141,Yes,No,High,Safe,At Risk
10-03-2024 13:00,March,286.5,96.3,1,28.35,7.89,7.97,2.79,3,3,0,0,29.1,33.9,24.1,0.73,3,11.42105263,2.894736842,8.113745958,0.373066336,0.027529373,No,No,High,Safe,At Risk
10-03-2024 14:00,March,286.5,96.3,1,28.35,7.89,7.97,2.79,3,3,0,0,29.1,33.9,24.1,0.73,3,11.47368421,2.631578947,8.106259992,0.375291121,0.027518606,Yes,No,High,Safe,At Risk
10-03-2024 15:00,March,286.5,96.3,1,28.35,7.89,7.97,2.79,3,3,0,0,29.1,33.9,24.1,0.73,3,11.52631579,2.368421053,8.098774027,0.377515906,0.027507839,No,No,High,Safe,At Risk
10-03-2024 16:00,March,286.5,96.3,1,28.35,7.89,7.97,2.79,3,3,0,0,29.1,33.9,24.1,0.73,3,11.57894737,2.105263158,8.091288061,0.379740691,0.027497071,Yes,No,High,Safe,At Risk
10-03-2024 17:00,March,286.5,96.3,1,28.35,7.89,7.97,2.79,3,3,0,0,29.1,33.9,24.1,0.73,3,11.63157895,1.842105263,8.083802096,0.381965476,0.027486304,No,No,High,Safe,At Risk
10-03-2024 18:00,March,286.5,96.3,1,28.35,7.89,7.97,2.79,3,3,0,0,29.1,33.9,24.1,0.73,3,11.68421053,1.578947368,8.07631613,0.384190262,0.027475537,Yes,No,High,Safe,At Risk
10-03-2024 19:00,March,286.5,96.3,1,28.35,7.89,7.97,2.79,3,3,0,0,29.1,33.9,24.1,0.73,3,11.73684211,1.315789474,8.068830165,0.386415047,0.027464769,No,No,High,Safe,At Risk
10-03-2024 20:00,March,286.5,96.3,1,28.35,7.89,7.97,2.79,3,3,0,0,29.1,33.9,24.1,0.73,3,11.78947368,1.052631579,8.061344199,0.388639832,0.027454002,Yes,No,High,Safe,At Risk
10-03-2024 21:00,March,286.5,96.3,1,28.35,7.89,7.97,2.79,3,3,1,0,29.1,33.9,24.1,0.73,3,11.84210526,0.789473684,8.053858234,0.390864617,0.027443234,No,No,High,Safe,At Risk
10-03-2024 22:00,March,286.5,96.3,1,28.35,7.89,7.97,2.79,3,3,0,0,29.1,33.9,24.1,0.73,3,11.89473684,0.526315789,8.046372268,0.393089402,0.027432467,Yes,No,High,Safe,At Risk
10-03-2024 23:00,March,286.5,96.3,1,28.35,7.89,7.97,2.79,3,3,0,0,29.1,33.9,24.1,0.73,3,11.94736842,0.263157895,8.038886303,0.395314187,0.0274217,No,No,High,Safe,At Risk
11-03-2024 00:00,March,286.5,96.3,1,28.35,7.89,7.97,2.79,3,3,0,0,29.1,33.9,24.1,0.73,3,12,0,8.031400337,0.397538972,0.027410932,Yes,No,High,Safe,At Risk
11-03-2024 01:00,March,286.5,96.3,1,28.35,7.89,7.97,2.79,3,3,0,0,29.1,33.9,24.1,0.73,3,12,1,7.969533124,0.935684646,-0.007750488,No,No,High,Safe,At Risk
11-03-2024 02:00,March,286.5,96.3,1,28.35,7.89,7.97,2.79,3,3,0,0,29.1,33.9,24.1,0.73,3,12,2,7.700505973,1.018258086,-0.001619839,Yes,No,High,Safe,At Risk
11-03-2024 03:00,March,286.5,96.3,1,28.35,7.89,7.97,2.79,3,3,0,0,29.1,33.9,24.1,0.73,3,12,3,8.036184766,0.179477464,0.886425455,No,No,High,Safe,At Risk
11-03-2024 04:00,March,286.5,96.3,1,28.35,7.89,7.97,2.79,3,3,0,0,29.1,33.9,24.1,0.73,3,12,4,7.899961183,0.263511684,0.956612046,Yes,No,High,Safe,At Risk
11-03-2024 05:00,March,286.5,96.3,1,28.35,7.89,7.97,2.79,3,3,0,0,29.1,33.9,24.1,0.73,3,12,5,8.049770847,0.413004024,0.034811945,No,No,High,Safe,At Risk
11-03-2024 06:00,March,286.5,96.3,1,28.35,7.89,7.97,2.79,3,3,0,0,29.1,33.9,24.1,0.73,3,12.05263158,4.736842105,8.068842043,0.412972705,0.034032722,Yes,No,High,Safe,At Risk
11-03-2024 07:00,March,286.5,96.3,1,28.35,7.89,7.97,2.79,3,3,0,0,29.1,33.9,24.1,0.73,3,12.10526316,4.473684211,8.08791324,0.412941387,0.0332535,No,No,High,Safe,At Risk
11-03-2024 08:00,March,286.5,96.3,1,28.35,7.89,7.97,2.79,3,3,0,0,29.1,33.9,24.1,0.73,3,12.15789474,4.210526316,8.106984436,0.412910068,0.032474277,Yes,No,High,Safe,At Risk
11-03-2024 09:00,March,286.5,96.3,1,28.35,7.89,7.97,2.79,3,3,1,0,29.1,33.9,24.1,0.73,3,12.21052632,3.947368421,8.126055632,0.412878749,0.031695055,No,No,High,Safe,At Risk
11-03-2024 10:00,March,286.5,96.3,1,28.35,7.89,7.97,2.79,3,3,0,1,29.1,33.9,24.1,0.73,3,12.26315789,3.684210526,8.145126829,0.41284743,0.030915832,Yes,No,High,Safe,At Risk
11-03-2024 11:00,March,286.5,96.3,1,28.35,7.89,7.97,2.79,3,3,1,0,29.1,33.9,24.1,0.73,3,12.31578947,3.421052632,8.164198025,0.412816112,0.03013661,No,No,High,Safe,At Risk
11-03-2024 12:00,March,286.5,96.3,1,28.35,7.89,7.97,2.79,3,3,0,0,29.1,33.9,24.1,0.73,3,12.36842105,3.157894737,8.183269222,0.412784793,0.029357387,Yes,No,High,Safe,At Risk
11-03-2024 13:00,March,286.5,96.3,1,28.35,7.89,7.97,2.79,3,3,0,0,29.1,33.9,24.1,0.73,3,12.42105263,2.894736842,8.202340418,0.412753474,0.028578164,No,No,High,Safe,At Risk
11-03-2024 14:00,March,286.5,96.3,1,28.35,7.89,7.97,2.79,3,3,0,0,29.1,33.9,24.1,0.73,3,12.47368421,2.631578947,8.221411614,0.412722155,0.027798942,Yes,No,High,Safe,At Risk
11-03-2024 15:00,March,286.5,96.3,1,28.35,7.89,7.97,2.79,3,3,1,0,29.1,33.9,24.1,0.73,3,12.52631579,2.368421053,8.240482811,0.412690837,0.027019719,No,No,High,Safe,At Risk
11-03-2024 16:00,March,286.5,96.3,1,28.35,7.89,7.97,2.79,3,3,0,1,29.1,33.9,24.1,0.73,3,12.57894737,2.105263158,8.259554007,0.412659518,0.026240497,Yes,No,High,Safe,At Risk
11-03-2024 17:00,March,286.5,96.3,1,28.35,7.89,7.97,2.79,3,3,0,0,29.1,33.9,24.1,0.73,3,12.63157895,1.842105263,8.278625204,0.412628199,0.025461274,No,No,High,Safe,At Risk
11-03-2024 18:00,March,286.5,96.3,1,28.35,7.89,7.97,2.79,3,3,1,0,29.1,33.9,24.1,0.73,3,12.68421053,1.578947368,8.2976964,0.41259688,0.024682052,Yes,No,High,Safe,At Risk
11-03-2024 19:00,March,286.5,96.3,1,28.35,7.89,7.97,2.79,3,3,0,0,29.1,33.9,24.1,0.73,3,12.73684211,1.315789474,8.316767597,0.412565562,0.023902829,No,No,High,Safe,At Risk
11-03-2024 20:00,March,286.5,96.3,1,28.35,7.89,7.97,2.79,3,3,0,0,29.1,33.9,24.1,0.73,3,12.78947368,1.052631579,8.335838793,0.412534243,0.023123607,Yes,No,High,Safe,At Risk
11-03-2024 21:00,March,286.5,96.3,1,28.35,7.89,7.97,2.79,3,3,0,0,29.1,33.9,24.1,0.73,3,12.84210526,0.789473684,8.354909989,0.412502924,0.022344384,No,No,High,Safe,At Risk
11-03-2024 22:00,March,286.5,96.3,1,28.35,7.89,7.97,2.79,3,3,0,0,29.1,33.9,24.1,0.73,3,12.89473684,0.526315789,8.373981186,0.412471605,0.021565162,Yes,No,High,Safe,At Risk
11-03-2024 23:00,March,286.5,96.3,1,28.35,7.89,7.97,2.79,3,3,0,0,29.1,33.9,24.1,0.73,3,12.94736842,0.263157895,8.393052382,0.412440287,0.020785939,No,No,High,Safe,At Risk
12-03-2024 00:00,March,286.5,96.3,1,28.35,7.89,7.97,2.79,3,3,0,0,29.1,33.9,24.1,0.73,3,13,0,8.412123579,0.412408968,0.020006717,Yes,No,High,Safe,At Risk
12-03-2024 01:00,March,286.5,96.3,1,28.35,7.89,7.97,2.79,3,3,0,0,29.1,33.9,24.1,0.73,3,13,1,7.603745073,0.981084872,0.01127042,No,No,High,Safe,At Risk
12-03-2024 02:00,March,286.5,96.3,1,28.35,7.89,7.97,2.79,3,3,0,0,29.1,33.9,24.1,0.73,3,13,2,7.78876293,0.328205567,0.414460258,Yes,No,High,Safe,At Risk
12-03-2024 03:00,March,286.5,96.3,1,28.35,7.89,7.97,2.79,3,3,0,0,29.1,33.9,24.1,0.73,3,13,3,8.205290906,0.237722722,0.845204303,No,No,High,Safe,At Risk
12-03-2024 04:00,March,286.5,96.3,1,28.35,7.89,7.97,2.79,3,3,0,0,29.1,33.9,24.1,0.73,3,13,4,7.558104038,0.983002791,-0.028266964,Yes,No,High,Safe,At Risk
12-03-2024 05:00,March,286.5,96.3,1,28.35,7.89,7.97,2.79,3,3,0,0,29.1,33.9,24.1,0.73,3,13,5,7.997567032,0.376583622,-0.003654686,No,No,High,Safe,At Risk
12-03-2024 06:00,March,286.5,96.3,1,28.35,7.89,7.97,2.79,3,3,0,0,29.1,33.9,24.1,0.73,3,13.05263158,4.736842105,8.007774591,0.407187237,-0.001842279,Yes,No,High,Safe,At Risk
12-03-2024 07:00,March,286.5,96.3,1,28.35,7.89,7.97,2.79,3,3,0,1,29.1,33.9,24.1,0.73,3,13.10526316,4.473684211,8.017982149,0.437790852,-2.99E-05,No,No,High,Safe,At Risk
12-03-2024 08:00,March,286.5,96.3,1,28.35,7.89,7.97,2.79,3,3,0,0,29.1,33.9,24.1,0.73,3,13.15789474,4.210526316,8.028189707,0.468394467,0.001782534,Yes,No,High,Safe,At Risk
12-03-2024 09:00,March,286.5,96.3,1,28.35,7.89,7.97,2.79,3,3,0,0,29.1,33.9,24.1,0.73,3,13.21052632,3.947368421,8.038397265,0.498998082,0.003594941,No,No,High,Safe,At Risk
12-03-2024 10:00,March,286.5,96.3,1,28.35,7.89,7.97,2.79,3,3,1,0,29.1,33.9,24.1,0.73,3,13.26315789,3.684210526,8.048604823,0.529601696,0.005407347,Yes,No,High,Safe,At Risk
12-03-2024 11:00,March,286.5,96.3,1,28.35,7.89,7.97,2.79,3,3,0,0,29.1,33.9,24.1,0.73,3,13.31578947,3.421052632,8.058812381,0.560205311,0.007219754,No,No,High,Safe,At Risk
12-03-2024 12:00,March,286.5,96.3,1,28.35,7.89,7.97,2.79,3,3,0,0,29.1,33.9,24.1,0.73,3,13.36842105,3.157894737,8.069019939,0.590808926,0.00903216,Yes,No,High,Safe,At Risk
12-03-2024 13:00,March,286.5,96.3,1,28.35,7.89,7.97,2.79,3,3,0,0,29.1,33.9,24.1,0.73,3,13.42105263,2.894736842,8.079227497,0.621412541,0.010844567,No,No,High,Safe,At Risk
12-03-2024 14:00,March,286.5,96.3,1,28.35,7.89,7.97,2.79,3,3,0,0,29.1,33.9,24.1,0.73,3,13.47368421,2.631578947,8.089435055,0.652016156,0.012656973,Yes,No,High,Safe,At Risk
12-03-2024 15:00,March,286.5,96.3,1,28.35,7.89,7.97,2.79,3,3,0,0,29.1,33.9,24.1,0.73,3,13.52631579,2.368421053,8.099642613,0.682619771,0.01446938,No,No,High,Safe,At Risk
12-03-2024 16:00,March,286.5,96.3,1,28.35,7.89,7.97,2.79,3,3,0,0,29.1,33.9,24.1,0.73,3,13.57894737,2.105263158,8.109850172,0.713223386,0.016281786,Yes,No,High,Safe,At Risk
12-03-2024 17:00,March,286.5,96.3,1,28.35,7.89,7.97,2.79,3,3,0,0,29.1,33.9,24.1,0.73,3,13.63157895,1.842105263,8.12005773,0.743827001,0.018094193,No,No,High,Safe,At Risk
12-03-2024 18:00,March,286.5,96.3,1,28.35,7.89,7.97,2.79,3,3,0,0,29.1,33.9,24.1,0.73,3,13.68421053,1.578947368,8.130265288,0.774430616,0.019906599,Yes,No,High,Safe,At Risk
12-03-2024 19:00,March,286.5,96.3,1,28.35,7.89,7.97,2.79,3,3,1,0,29.1,33.9,24.1,0.73,3,13.73684211,1.315789474,8.140472846,0.805034231,0.021719006,No,No,High,Safe,At Risk
12-03-2024 20:00,March,286.5,96.3,1,28.35,7.89,7.97,2.79,3,3,0,0,29.1,33.9,24.1,0.73,3,13.78947368,1.052631579,8.150680404,0.835637846,0.023531413,Yes,No,High,Safe,At Risk
12-03-2024 21:00,March,286.5,96.3,1,28.35,7.89,7.97,2.79,3,3,0,0,29.1,33.9,24.1,0.73,3,13.84210526,0.789473684,8.160887962,0.86624146,0.025343819,No,No,High,Safe,At Risk
12-03-2024 22:00,March,286.5,96.3,1,28.35,7.89,7.97,2.79,3,3,0,0,29.1,33.9,24.1,0.73,3,13.89473684,0.526315789,8.17109552,0.896845075,0.027156226,Yes,No,High,Safe,At Risk
12-03-2024 23:00,March,286.5,96.3,1,28.35,7.89,7.97,2.79,3,3,0,0,29.1,33.9,24.1,0.73,3,13.94736842,0.263157895,8.181303078,0.92744869,0.028968632,No,No,High,Safe,At Risk
13-03-2024 00:00,March,286.5,96.3,1,28.35,7.89,7.97,2.79,3,3,0,0,29.1,33.9,24.1,0.73,3,14,0,8.191510636,0.958052305,0.030781039,Yes,No,High,Safe,At Risk
13-03-2024 01:00,March,286.5,96.3,1,28.35,7.89,7.97,2.79,3,3,0,0,29.1,33.9,24.1,0.73,3,14,1,8.553743326,0.326976872,0.172907601,No,No,High,Safe,At Risk
13-03-2024 02:00,March,286.5,96.3,1,28.35,7.89,7.97,2.79,3,3,0,0,29.1,33.9,24.1,0.73,3,14,2,8.296609343,0.27525788,0.480247929,Yes,No,High,Safe,At Risk
13-03-2024 03:00,March,286.5,96.3,1,28.35,7.89,7.97,2.79,3,3,1,0,29.1,33.9,24.1,0.73,3,14,3,8.019396506,0.950854867,-0.007955825,No,No,High,Safe,At Risk
13-03-2024 04:00,March,286.5,96.3,1,28.35,7.89,7.97,2.79,3,3,0,0,29.1,33.9,24.1,0.73,3,14,4,8.155011951,0.332120893,0.89267009,Yes,No,High,Safe,At Risk
13-03-2024 05:00,March,286.5,96.3,1,28.35,7.89,7.97,2.79,3,3,0,1,29.1,33.9,24.1,0.73,3,14,5,8.330026105,0.418937084,0.040533232,No,No,High,Safe,At Risk
13-03-2024 06:00,March,286.5,96.3,1,28.35,7.89,7.97,2.79,3,3,0,0,29.1,33.9,24.1,0.73,3,14.05263158,4.736842105,8.312934646,0.417341982,0.038611531,Yes,No,High,Safe,At Risk
13-03-2024 07:00,March,286.5,96.3,1,28.35,7.89,7.97,2.79,3,3,0,0,29.1,33.9,24.1,0.73,3,14.10526316,4.473684211,8.295843186,0.41574688,0.036689831,No,No,High,Safe,At Risk
13-03-2024 08:00,March,286.5,96.3,1,28.35,7.89,7.97,2.79,3,3,1,0,29.1,33.9,24.1,0.73,3,14.15789474,4.210526316,8.278751726,0.414151778,0.03476813,Yes,No,High,Safe,At Risk
13-03-2024 09:00,March,286.5,96.3,1,28.35,7.89,7.97,2.79,3,3,0,0,29.1,33.9,24.1,0.73,3,14.21052632,3.947368421,8.261660267,0.412556676,0.03284643,No,No,High,Safe,At Risk
13-03-2024 10:00,March,286.5,96.3,1,28.35,7.89,7.97,2.79,3,3,1,0,29.1,33.9,24.1,0.73,3,14.26315789,3.684210526,8.244568807,0.410961574,0.030924729,Yes,No,High,Safe,At Risk
13-03-2024 11:00,March,286.5,96.3,1,28.35,7.89,7.97,2.79,3,3,0,0,29.1,33.9,24.1,0.73,3,14.31578947,3.421052632,8.227477348,0.409366472,0.029003028,No,No,High,Safe,At Risk
13-03-2024 12:00,March,286.5,96.3,1,28.35,7.89,7.97,2.79,3,3,0,0,29.1,33.9,24.1,0.73,3,14.36842105,3.157894737,8.210385888,0.40777137,0.027081328,Yes,No,High,Safe,At Risk
13-03-2024 13:00,March,286.5,96.3,1,28.35,7.89,7.97,2.79,3,3,0,0,29.1,33.9,24.1,0.73,3,14.42105263,2.894736842,8.193294428,0.406176268,0.025159627,No,No,High,Safe,At Risk
13-03-2024 14:00,March,286.5,96.3,1,28.35,7.89,7.97,2.79,3,3,0,0,29.1,33.9,24.1,0.73,3,14.47368421,2.631578947,8.176202969,0.404581166,0.023237927,Yes,No,High,Safe,At Risk
13-03-2024 15:00,March,286.5,96.3,1,28.35,7.89,7.97,2.79,3,3,0,0,29.1,33.9,24.1,0.73,3,14.52631579,2.368421053,8.159111509,0.402986064,0.021316226,No,No,High,Safe,At Risk
13-03-2024 16:00,March,286.5,96.3,1,28.35,7.89,7.97,2.79,3,3,0,0,29.1,33.9,24.1,0.73,3,14.57894737,2.105263158,8.142020049,0.401390962,0.019394526,Yes,No,High,Safe,At Risk
13-03-2024 17:00,March,286.5,96.3,1,28.35,7.89,7.97,2.79,3,3,0,0,29.1,33.9,24.1,0.73,3,14.63157895,1.842105263,8.12492859,0.39979586,0.017472825,No,No,High,Safe,At Risk
13-03-2024 18:00,March,286.5,96.3,1,28.35,7.89,7.97,2.79,3,3,0,0,29.1,33.9,24.1,0.73,3,14.68421053,1.578947368,8.10783713,0.398200758,0.015551124,Yes,No,High,Safe,At Risk
13-03-2024 19:00,March,286.5,96.3,1,28.35,7.89,7.97,2.79,3,3,0,1,29.1,33.9,24.1,0.73,3,14.73684211,1.315789474,8.09074567,0.396605656,0.013629424,No,No,High,Safe,At Risk
13-03-2024 20:00,March,286.5,96.3,1,28.35,7.89,7.97,2.79,3,3,0,0,29.1,33.9,24.1,0.73,3,14.78947368,1.052631579,8.073654211,0.395010554,0.011707723,Yes,No,High,Safe,At Risk
13-03-2024 21:00,March,286.5,96.3,1,28.35,7.89,7.97,2.79,3,3,0,0,29.1,33.9,24.1,0.73,3,14.84210526,0.789473684,8.056562751,0.393415452,0.009786023,No,No,High,Safe,At Risk
13-03-2024 22:00,March,286.5,96.3,1,28.35,7.89,7.97,2.79,3,3,1,0,29.1,33.9,24.1,0.73,3,14.89473684,0.526315789,8.039471292,0.39182035,0.007864322,Yes,No,High,Safe,At Risk
13-03-2024 23:00,March,286.5,96.3,1,28.35,7.89,7.97,2.79,3,3,0,0,29.1,33.9,24.1,0.73,3,14.94736842,0.263157895,8.022379832,0.390225248,0.005942622,No,No,High,Safe,At Risk
14-03-2024 00:00,March,286.5,96.3,1,28.35,7.89,7.97,2.79,3,3,0,1,29.1,33.9,24.1,0.73,3,15,0,8.005288372,0.388630146,0.004020921,Yes,No,High,Safe,At Risk
14-03-2024 01:00,March,286.5,96.3,1,28.35,7.89,7.97,2.79,3,3,1,0,29.1,33.9,24.1,0.73,3,15,1,8.246595847,0.325696788,0.13404705,No,No,High,Safe,At Risk
14-03-2024 02:00,March,286.5,96.3,1,28.35,7.89,7.97,2.79,3,3,1,1,29.1,33.9,24.1,0.73,3,15,2,7.998103245,0.939890838,0.032247993,Yes,No,High,Safe,At Risk
14-03-2024 03:00,March,286.5,96.3,1,28.35,7.89,7.97,2.79,3,3,0,0,29.1,33.9,24.1,0.73,3,15,3,8.213414123,0.273989251,0.969606238,No,No,High,Safe,At Risk
14-03-2024 04:00,March,286.5,96.3,1,28.35,7.89,7.97,2.79,3,3,0,0,29.1,33.9,24.1,0.73,3,15,4,8.110032994,0.960362958,0.004881466,Yes,No,High,Safe,At Risk
14-03-2024 05:00,March,286.5,96.3,1,28.35,7.89,7.97,2.79,3,3,1,0,29.1,33.9,24.1,0.73,3,15,5,8.111011369,0.404147225,0.034161035,No,No,High,Safe,At Risk
14-03-2024 06:00,March,286.5,96.3,1,28.35,7.89,7.97,2.79,3,3,0,0,29.1,33.9,24.1,0.73,3,15.05263158,4.736842105,8.096320462,0.404551402,0.031168942,Yes,No,High,Safe,At Risk
14-03-2024 07:00,March,286.5,96.3,1,28.35,7.89,7.97,2.79,3,3,0,0,29.1,33.9,24.1,0.73,3,15.10526316,4.473684211,8.081629555,0.404955578,0.028176849,No,No,High,Safe,At Risk
14-03-2024 08:00,March,286.5,96.3,1,28.35,7.89,7.97,2.79,3,3,1,0,29.1,33.9,24.1,0.73,3,15.15789474,4.210526316,8.066938648,0.405359755,0.025184756,Yes,No,High,Safe,At Risk
14-03-2024 09:00,March,286.5,96.3,1,28.35,7.89,7.97,2.79,3,3,0,0,29.1,33.9,24.1,0.73,3,15.21052632,3.947368421,8.05224774,0.405763931,0.022192663,No,No,High,Safe,At Risk
14-03-2024 10:00,March,286.5,96.3,1,28.35,7.89,7.97,2.79,3,3,0,0,29.1,33.9,24.1,0.73,3,15.26315789,3.684210526,8.037556833,0.406168108,0.01920057,Yes,No,High,Safe,At Risk
14-03-2024 11:00,March,286.5,96.3,1,28.35,7.89,7.97,2.79,3,3,0,0,29.1,33.9,24.1,0.73,3,15.31578947,3.421052632,8.022865926,0.406572285,0.016208477,No,No,High,Safe,At Risk
14-03-2024 12:00,March,286.5,96.3,1,28.35,7.89,7.97,2.79,3,3,0,0,29.1,33.9,24.1,0.73,3,15.36842105,3.157894737,8.008175019,0.406976461,0.013216384,Yes,No,High,Safe,At Risk
14-03-2024 13:00,March,286.5,96.3,1,28.35,7.89,7.97,2.79,3,3,0,0,29.1,33.9,24.1,0.73,3,15.42105263,2.894736842,7.993484112,0.407380638,0.010224291,No,No,High,Safe,At Risk
14-03-2024 14:00,March,286.5,96.3,1,28.35,7.89,7.97,2.79,3,3,0,0,29.1,33.9,24.1,0.73,3,15.47368421,2.631578947,7.978793205,0.407784814,0.007232198,Yes,No,High,Safe,At Risk
14-03-2024 15:00,March,286.5,96.3,1,28.35,7.89,7.97,2.79,3,3,1,0,29.1,33.9,24.1,0.73,3,15.52631579,2.368421053,7.964102297,0.408188991,0.004240105,No,No,High,Safe,At Risk
14-03-2024 16:00,March,286.5,96.3,1,28.35,7.89,7.97,2.79,3,3,0,0,29.1,33.9,24.1,0.73,3,15.57894737,2.105263158,7.94941139,0.408593168,0.001248012,Yes,No,High,Safe,At Risk
14-03-2024 17:00,March,286.5,96.3,1,28.35,7.89,7.97,2.79,3,3,0,0,29.1,33.9,24.1,0.73,3,15.63157895,1.842105263,7.934720483,0.408997344,-0.001744081,No,No,High,Safe,At Risk
14-03-2024 18:00,March,286.5,96.3,1,28.35,7.89,7.97,2.79,3,3,1,0,29.1,33.9,24.1,0.73,3,15.68421053,1.578947368,7.920029576,0.409401521,-0.004736174,Yes,No,High,Safe,At Risk
14-03-2024 19:00,March,286.5,96.3,1,28.35,7.89,7.97,2.79,3,3,0,0,29.1,33.9,24.1,0.73,3,15.73684211,1.315789474,7.905338669,0.409805697,-0.007728267,No,No,High,Safe,At Risk
14-03-2024 20:00,March,286.5,96.3,1,28.35,7.89,7.97,2.79,3,3,0,0,29.1,33.9,24.1,0.73,3,15.78947368,1.052631579,7.890647762,0.410209874,-0.01072036,Yes,No,High,Safe,At Risk
14-03-2024 21:00,March,286.5,96.3,1,28.35,7.89,7.97,2.79,3,3,0,0,29.1,33.9,24.1,0.73,3,15.84210526,0.789473684,7.875956854,0.410614051,-0.013712453,No,No,High,Safe,At Risk
14-03-2024 22:00,March,286.5,96.3,1,28.35,7.89,7.97,2.79,3,3,0,0,29.1,33.9,24.1,0.73,3,15.89473684,0.526315789,7.861265947,0.411018227,-0.016704546,Yes,No,High,Safe,At Risk
14-03-2024 23:00,March,286.5,96.3,1,28.35,7.89,7.97,2.79,3,3,0,0,29.1,33.9,24.1,0.73,3,15.94736842,0.263157895,7.84657504,0.411422404,-0.019696639,No,No,High,Safe,At Risk
15-03-2024 00:00,March,286.5,96.3,1,28.35,7.89,7.97,2.79,3,3,0,0,29.1,33.9,24.1,0.73,3,16,0,7.831884133,0.41182658,-0.022688732,Yes,No,High,Safe,At Risk
15-03-2024 01:00,March,286.5,96.3,1,28.35,7.89,7.97,2.79,3,3,0,0,29.1,33.9,24.1,0.73,3,16,1,8.231226747,0.30972984,0.163774,No,No,High,Safe,At Risk
15-03-2024 02:00,March,286.5,96.3,1,28.35,7.89,7.97,2.79,3,3,0,0,29.1,33.9,24.1,0.73,3,16,2,7.753016617,0.309971087,0.494367018,Yes,No,High,Safe,At Risk
15-03-2024 03:00,March,286.5,96.3,1,28.35,7.89,7.97,2.79,3,3,0,0,29.1,33.9,24.1,0.73,3,16,3,8.651993984,0.326918663,0.877209206,No,No,High,Safe,At Risk
15-03-2024 04:00,March,286.5,96.3,1,28.35,7.89,7.97,2.79,3,3,0,0,29.1,33.9,24.1,0.73,3,16,4,8.177492867,0.307336664,0.809540088,Yes,No,High,Safe,At Risk
15-03-2024 05:00,March,286.5,96.3,1,28.35,7.89,7.97,2.79,3,3,0,0,29.1,33.9,24.1,0.73,3,16,5,7.807589975,0.369634045,0.024859048,No,No,High,Safe,At Risk
15-03-2024 06:00,March,286.5,96.3,1,28.35,7.89,7.97,2.79,3,3,0,0,29.1,33.9,24.1,0.73,3,16.05263158,4.736842105,7.830042074,0.372459688,0.025363142,Yes,No,High,Safe,At Risk
15-03-2024 07:00,March,286.5,96.3,1,28.35,7.89,7.97,2.79,3,3,0,0,29.1,33.9,24.1,0.73,3,16.10526316,4.473684211,7.852494174,0.37528533,0.025867235,No,No,High,Safe,At Risk
15-03-2024 08:00,March,286.5,96.3,1,28.35,7.89,7.97,2.79,3,3,0,0,29.1,33.9,24.1,0.73,3,16.15789474,4.210526316,7.874946274,0.378110973,0.026371328,Yes,No,High,Safe,At Risk
15-03-2024 09:00,March,286.5,96.3,1,28.35,7.89,7.97,2.79,3,3,0,0,29.1,33.9,24.1,0.73,3,16.21052632,3.947368421,7.897398373,0.380936616,0.026875421,No,No,High,Safe,At Risk
15-03-2024 10:00,March,286.5,96.3,1,28.35,7.89,7.97,2.79,3,3,1,0,29.1,33.9,24.1,0.73,3,16.26315789,3.684210526,7.919850473,0.383762259,0.027379515,Yes,No,High,Safe,At Risk
15-03-2024 11:00,March,286.5,96.3,1,28.35,7.89,7.97,2.79,3,3,0,0,29.1,33.9,24.1,0.73,3,16.31578947,3.421052632,7.942302573,0.386587902,0.027883608,No,No,High,Safe,At Risk
15-03-2024 12:00,March,286.5,96.3,1,28.35,7.89,7.97,2.79,3,3,0,0,29.1,33.9,24.1,0.73,3,16.36842105,3.157894737,7.964754672,0.389413545,0.028387701,Yes,No,High,Safe,At Risk
15-03-2024 13:00,March,286.5,96.3,1,28.35,7.89,7.97,2.79,3,3,0,0,29.1,33.9,24.1,0.73,3,16.42105263,2.894736842,7.987206772,0.392239188,0.028891795,No,No,High,Safe,At Risk
15-03-2024 14:00,March,286.5,96.3,1,28.35,7.89,7.97,2.79,3,3,0,0,29.1,33.9,24.1,0.73,3,16.47368421,2.631578947,8.009658871,0.395064831,0.029395888,Yes,No,High,Safe,At Risk
15-03-2024 15:00,March,286.5,96.3,1,28.35,7.89,7.97,2.79,3,3,1,0,29.1,33.9,24.1,0.73,3,16.52631579,2.368421053,8.032110971,0.397890473,0.029899981,No,No,High,Safe,At Risk
15-03-2024 16:00,March,286.5,96.3,1,28.35,7.89,7.97,2.79,3,3,0,0,29.1,33.9,24.1,0.73,3,16.57894737,2.105263158,8.054563071,0.400716116,0.030404075,Yes,No,High,Safe,At Risk
15-03-2024 17:00,March,286.5,96.3,1,28.35,7.89,7.97,2.79,3,3,0,0,29.1,33.9,24.1,0.73,3,16.63157895,1.842105263,8.07701517,0.403541759,0.030908168,No,No,High,Safe,At Risk
15-03-2024 18:00,March,286.5,96.3,1,28.35,7.89,7.97,2.79,3,3,0,0,29.1,33.9,24.1,0.73,3,16.68421053,1.578947368,8.09946727,0.406367402,0.031412261,Yes,No,High,Safe,At Risk
15-03-2024 19:00,March,286.5,96.3,1,28.35,7.89,7.97,2.79,3,3,0,0,29.1,33.9,24.1,0.73,3,16.73684211,1.315789474,8.12191937,0.409193045,0.031916354,No,No,High,Safe,At Risk
15-03-2024 20:00,March,286.5,96.3,1,28.35,7.89,7.97,2.79,3,3,0,1,29.1,33.9,24.1,0.73,3,16.78947368,1.052631579,8.144371469,0.412018688,0.032420448,Yes,No,High,Safe,At Risk
15-03-2024 21:00,March,286.5,96.3,1,28.35,7.89,7.97,2.79,3,3,0,0,29.1,33.9,24.1,0.73,3,16.84210526,0.789473684,8.166823569,0.414844331,0.032924541,No,No,High,Safe,At Risk
15-03-2024 22:00,March,286.5,96.3,1,28.35,7.89,7.97,2.79,3,3,0,0,29.1,33.9,24.1,0.73,3,16.89473684,0.526315789,8.189275668,0.417669974,0.033428634,Yes,No,High,Safe,At Risk
15-03-2024 23:00,March,286.5,96.3,1,28.35,7.89,7.97,2.79,3,3,0,0,29.1,33.9,24.1,0.73,3,16.94736842,0.263157895,8.211727768,0.420495616,0.033932728,No,No,High,Safe,At Risk
16-03-2024 00:00,March,286.5,96.3,1,28.35,7.89,7.97,2.79,3,3,0,0,29.1,33.9,24.1,0.73,3,17,0,8.234179868,0.423321259,0.034436821,Yes,No,High,Safe,At Risk
16-03-2024 01:00,March,286.5,96.3,1,28.35,7.89,7.97,2.79,3,3,0,0,29.1,33.9,24.1,0.73,3,17,1,8.144205771,0.340995776,0.123629842,No,No,High,Safe,At Risk
16-03-2024 02:00,March,286.5,96.3,1,28.35,7.89,7.97,2.79,3,3,0,1,29.1,33.9,24.1,0.73,3,17,2,8.053458218,0.298788555,0.526249999,Yes,No,High,Safe,At Risk
16-03-2024 03:00,March,286.5,96.3,1,28.35,7.89,7.97,2.79,3,3,0,0,29.1,33.9,24.1,0.73,3,17,3,7.950541337,0.222254817,0.90467976,No,No,High,Safe,At Risk
16-03-2024 04:00,March,286.5,96.3,1,28.35,7.89,7.97,2.79,3,3,1,0,29.1,33.9,24.1,0.73,3,17,4,7.946355072,0.282741117,0.943918406,Yes,No,High,Safe,At Risk
16-03-2024 05:00,March,286.5,96.3,1,28.35,7.89,7.97,2.79,3,3,0,1,29.1,33.9,24.1,0.73,3,17,5,8.069340606,0.402965863,0.03729252,No,No,High,Safe,At Risk
16-03-2024 06:00,March,286.5,96.3,1,28.35,7.89,7.97,2.79,3,3,0,1,29.1,33.9,24.1,0.73,3,17.05263158,4.736842105,8.104324011,0.404230042,0.037008714,Yes,No,High,Safe,At Risk
16-03-2024 07:00,March,286.5,96.3,1,28.35,7.89,7.97,2.79,3,3,0,0,29.1,33.9,24.1,0.73,3,17.10526316,4.473684211,8.139307415,0.40549422,0.036724907,No,No,High,Safe,At Risk
16-03-2024 08:00,March,286.5,96.3,1,28.35,7.89,7.97,2.79,3,3,1,0,29.1,33.9,24.1,0.73,3,17.15789474,4.210526316,8.17429082,0.406758399,0.036441101,Yes,No,High,Safe,At Risk
16-03-2024 09:00,March,286.5,96.3,1,28.35,7.89,7.97,2.79,3,3,0,0,29.1,33.9,24.1,0.73,3,17.21052632,3.947368421,8.209274225,0.408022577,0.036157295,No,No,High,Safe,At Risk
16-03-2024 10:00,March,286.5,96.3,1,28.35,7.89,7.97,2.79,3,3,0,0,29.1,33.9,24.1,0.73,3,17.26315789,3.684210526,8.24425763,0.409286756,0.035873488,Yes,No,High,Safe,At Risk
16-03-2024 11:00,March,286.5,96.3,1,28.35,7.89,7.97,2.79,3,3,0,0,29.1,33.9,24.1,0.73,3,17.31578947,3.421052632,8.279241035,0.410550934,0.035589682,No,No,High,Safe,At Risk
16-03-2024 12:00,March,286.5,96.3,1,28.35,7.89,7.97,2.79,3,3,0,0,29.1,33.9,24.1,0.73,3,17.36842105,3.157894737,8.314224439,0.411815113,0.035305876,Yes,No,High,Safe,At Risk
16-03-2024 13:00,March,286.5,96.3,1,28.35,7.89,7.97,2.79,3,3,0,0,29.1,33.9,24.1,0.73,3,17.42105263,2.894736842,8.349207844,0.413079291,0.035022069,No,No,High,Safe,At Risk
16-03-2024 14:00,March,286.5,96.3,1,28.35,7.89,7.97,2.79,3,3,0,0,29.1,33.9,24.1,0.73,3,17.47368421,2.631578947,8.384191249,0.41434347,0.034738263,Yes,No,High,Safe,At Risk
16-03-2024 15:00,March,286.5,96.3,1,28.35,7.89,7.97,2.79,3,3,0,0,29.1,33.9,24.1,0.73,3,17.52631579,2.368421053,8.419174654,0.415607648,0.034454457,No,No,High,Safe,At Risk
16-03-2024 16:00,March,286.5,96.3,1,28.35,7.89,7.97,2.79,3,3,0,1,29.1,33.9,24.1,0.73,3,17.57894737,2.105263158,8.454158059,0.416871827,0.034170651,Yes,No,High,Safe,At Risk
16-03-2024 17:00,March,286.5,96.3,1,28.35,7.89,7.97,2.79,3,3,0,0,29.1,33.9,24.1,0.73,3,17.63157895,1.842105263,8.489141463,0.418136005,0.033886844,No,No,High,Safe,At Risk
16-03-2024 18:00,March,286.5,96.3,1,28.35,7.89,7.97,2.79,3,3,1,0,29.1,33.9,24.1,0.73,3,17.68421053,1.578947368,8.524124868,0.419400184,0.033603038,Yes,No,High,Safe,At Risk
16-03-2024 19:00,March,286.5,96.3,1,28.35,7.89,7.97,2.79,3,3,0,0,29.1,33.9,24.1,0.73,3,17.73684211,1.315789474,8.559108273,0.420664362,0.033319232,No,No,High,Safe,At Risk
16-03-2024 20:00,March,286.5,96.3,1,28.35,7.89,7.97,2.79,3,3,0,0,29.1,33.9,24.1,0.73,3,17.78947368,1.052631579,8.594091678,0.42192854,0.033035425,Yes,No,High,Safe,At Risk
16-03-2024 21:00,March,286.5,96.3,1,28.35,7.89,7.97,2.79,3,3,0,0,29.1,33.9,24.1,0.73,3,17.84210526,0.789473684,8.629075083,0.423192719,0.032751619,No,No,High,Safe,At Risk
16-03-2024 22:00,March,286.5,96.3,1,28.35,7.89,7.97,2.79,3,3,1,1,29.1,33.9,24.1,0.73,3,17.89473684,0.526315789,8.664058487,0.424456897,0.032467813,Yes,No,High,Safe,At Risk
16-03-2024 23:00,March,286.5,96.3,1,28.35,7.89,7.97,2.79,3,3,0,0,29.1,33.9,24.1,0.73,3,17.94736842,0.263157895,8.699041892,0.425721076,0.032184006,No,No,High,Safe,At Risk
17-03-2024 00:00,March,286.5,96.3,1,28.35,7.89,7.97,2.79,3,3,0,0,29.1,33.9,24.1,0.73,3,18,0,8.734025297,0.426985254,0.0319002,Yes,No,High,Safe,At Risk
17-03-2024 01:00,March,286.5,96.3,1,28.35,7.89,7.97,2.79,3,3,0,0,29.1,33.9,24.1,0.73,3,18,1,8.290020202,0.342030308,0.137295311,No,No,High,Safe,At Risk
17-03-2024 02:00,March,286.5,96.3,1,28.35,7.89,7.97,2.79,3,3,0,0,29.1,33.9,24.1,0.73,3,18,2,8.189978489,0.316885748,0.501772317,Yes,No,High,Safe,At Risk
17-03-2024 03:00,March,286.5,96.3,1,28.35,7.89,7.97,2.79,3,3,0,0,29.1,33.9,24.1,0.73,3,18,3,8.004431691,0.584828781,0.046784147,No,No,High,Safe,At Risk
17-03-2024 04:00,March,286.5,96.3,1,28.35,7.89,7.97,2.79,3,3,0,0,29.1,33.9,24.1,0.73,3,18,4,8.457493051,0.289600927,0.941456853,Yes,No,High,Safe,At Risk
17-03-2024 05:00,March,286.5,96.3,1,28.35,7.89,7.97,2.79,3,3,1,0,29.1,33.9,24.1,0.73,3,18,5,8.262031352,0.391469008,0.002538867,No,No,High,Safe,At Risk
17-03-2024 06:00,March,286.5,96.3,1,28.35,7.89,7.97,2.79,3,3,0,0,29.1,33.9,24.1,0.73,3,18.05263158,4.736842105,8.257281033,0.391937034,0.00319992,Yes,No,High,Safe,At Risk
17-03-2024 07:00,March,286.5,96.3,1,28.35,7.89,7.97,2.79,3,3,0,0,29.1,33.9,24.1,0.73,3,18.10526316,4.473684211,8.252530714,0.392405059,0.003860972,No,No,High,Safe,At Risk
17-03-2024 08:00,March,286.5,96.3,1,28.35,7.89,7.97,2.79,3,3,1,1,29.1,33.9,24.1,0.73,3,18.15789474,4.210526316,8.247780395,0.392873085,0.004522025,Yes,No,High,Safe,At Risk
17-03-2024 09:00,March,286.5,96.3,1,28.35,7.89,7.97,2.79,3,3,0,0,29.1,33.9,24.1,0.73,3,18.21052632,3.947368421,8.243030076,0.393341111,0.005183078,No,No,High,Safe,At Risk
17-03-2024 10:00,March,286.5,96.3,1,28.35,7.89,7.97,2.79,3,3,0,0,29.1,33.9,24.1,0.73,3,18.26315789,3.684210526,8.238279757,0.393809136,0.00584413,Yes,No,High,Safe,At Risk
17-03-2024 11:00,March,286.5,96.3,1,28.35,7.89,7.97,2.79,3,3,1,0,29.1,33.9,24.1,0.73,3,18.31578947,3.421052632,8.233529438,0.394277162,0.006505183,No,No,High,Safe,At Risk
17-03-2024 12:00,March,286.5,96.3,1,28.35,7.89,7.97,2.79,3,3,1,0,29.1,33.9,24.1,0.73,3,18.36842105,3.157894737,8.228779119,0.394745188,0.007166235,Yes,No,High,Safe,At Risk
17-03-2024 13:00,March,286.5,96.3,1,28.35,7.89,7.97,2.79,3,3,1,0,29.1,33.9,24.1,0.73,3,18.42105263,2.894736842,8.2240288,0.395213213,0.007827288,No,No,High,Safe,At Risk
17-03-2024 14:00,March,286.5,96.3,1,28.35,7.89,7.97,2.79,3,3,0,0,29.1,33.9,24.1,0.73,3,18.47368421,2.631578947,8.219278481,0.395681239,0.00848834,Yes,No,High,Safe,At Risk
17-03-2024 15:00,March,286.5,96.3,1,28.35,7.89,7.97,2.79,3,3,0,0,29.1,33.9,24.1,0.73,3,18.52631579,2.368421053,8.214528162,0.396149264,0.009149393,No,No,High,Safe,At Risk
17-03-2024 16:00,March,286.5,96.3,1,28.35,7.89,7.97,2.79,3,3,0,0,29.1,33.9,24.1,0.73,3,18.57894737,2.105263158,8.209777843,0.39661729,0.009810446,Yes,No,High,Safe,At Risk
17-03-2024 17:00,March,286.5,96.3,1,28.35,7.89,7.97,2.79,3,3,1,0,29.1,33.9,24.1,0.73,3,18.63157895,1.842105263,8.205027524,0.397085316,0.010471498,No,No,High,Safe,At Risk
17-03-2024 18:00,March,286.5,96.3,1,28.35,7.89,7.97,2.79,3,3,0,0,29.1,33.9,24.1,0.73,3,18.68421053,1.578947368,8.200277205,0.397553341,0.011132551,Yes,No,High,Safe,At Risk
17-03-2024 19:00,March,286.5,96.3,1,28.35,7.89,7.97,2.79,3,3,0,0,29.1,33.9,24.1,0.73,3,18.73684211,1.315789474,8.195526886,0.398021367,0.011793603,No,No,High,Safe,At Risk
17-03-2024 20:00,March,286.5,96.3,1,28.35,7.89,7.97,2.79,3,3,1,0,29.1,33.9,24.1,0.73,3,18.78947368,1.052631579,8.190776567,0.398489393,0.012454656,Yes,No,High,Safe,At Risk
17-03-2024 21:00,March,286.5,96.3,1,28.35,7.89,7.97,2.79,3,3,1,0,29.1,33.9,24.1,0.73,3,18.84210526,0.789473684,8.186026248,0.398957418,0.013115708,No,No,High,Safe,At Risk
17-03-2024 22:00,March,286.5,96.3,1,28.35,7.89,7.97,2.79,3,3,0,0,29.1,33.9,24.1,0.73,3,18.89473684,0.526315789,8.181275929,0.399425444,0.013776761,Yes,No,High,Safe,At Risk
17-03-2024 23:00,March,286.5,96.3,1,28.35,7.89,7.97,2.79,3,3,1,0,29.1,33.9,24.1,0.73,3,18.94736842,0.263157895,8.17652561,0.39989347,0.014437814,No,No,High,Safe,At Risk
18-03-2024 00:00,March,286.5,96.3,1,28.35,7.89,7.97,2.79,3,3,0,0,29.1,33.9,24.1,0.73,3,19,0,8.171775291,0.400361495,0.015098866,Yes,No,High,Safe,At Risk
18-03-2024 01:00,March,286.5,96.3,1,28.35,7.89,7.97,2.79,3,3,0,0,29.1,33.9,24.1,0.73,3,19,1,8.173335834,0.351415058,0.127302692,No,No,High,Safe,At Risk
18-03-2024 02:00,March,286.5,96.3,1,28.35,7.89,7.97,2.79,3,3,0,0,29.1,33.9,24.1,0.73,3,19,2,8.173623376,0.351000792,0.444172874,Yes,No,High,Safe,At Risk
18-03-2024 03:00,March,286.5,96.3,1,28.35,7.89,7.97,2.79,3,3,1,0,29.1,33.9,24.1,0.73,3,19,3,8.170376198,0.26516165,0.931310128,No,No,High,Safe,At Risk
18-03-2024 04:00,March,286.5,96.3,1,28.35,7.89,7.97,2.79,3,3,0,0,29.1,33.9,24.1,0.73,3,19,4,8.447526515,0.279463296,0.944652714,Yes,No,High,Safe,At Risk
18-03-2024 05:00,March,286.5,96.3,1,28.35,7.89,7.97,2.79,3,3,0,0,29.1,33.9,24.1,0.73,3,19,5,8.431510185,0.430802179,0.023540701,No,No,High,Safe,At Risk
18-03-2024 06:00,March,286.5,96.3,1,28.35,7.89,7.97,2.79,3,3,0,0,29.1,33.9,24.1,0.73,3,19.05263158,4.736842105,8.404516623,0.430029486,0.02280022,Yes,No,High,Safe,At Risk
18-03-2024 07:00,March,286.5,96.3,1,28.35,7.89,7.97,2.79,3,3,0,0,29.1,33.9,24.1,0.73,3,19.10526316,4.473684211,8.377523061,0.429256792,0.02205974,No,No,High,Safe,At Risk
18-03-2024 08:00,March,286.5,96.3,1,28.35,7.89,7.97,2.79,3,3,0,0,29.1,33.9,24.1,0.73,3,19.15789474,4.210526316,8.350529499,0.428484099,0.02131926,Yes,No,High,Safe,At Risk
18-03-2024 09:00,March,286.5,96.3,1,28.35,7.89,7.97,2.79,3,3,0,1,29.1,33.9,24.1,0.73,3,19.21052632,3.947368421,8.323535937,0.427711405,0.02057878,No,No,High,Safe,At Risk
18-03-2024 10:00,March,286.5,96.3,1,28.35,7.89,7.97,2.79,3,3,1,0,29.1,33.9,24.1,0.73,3,19.26315789,3.684210526,8.296542375,0.426938712,0.0198383,Yes,No,High,Safe,At Risk
18-03-2024 11:00,March,286.5,96.3,1,28.35,7.89,7.97,2.79,3,3,1,0,29.1,33.9,24.1,0.73,3,19.31578947,3.421052632,8.269548813,0.426166018,0.01909782,No,No,High,Safe,At Risk
18-03-2024 12:00,March,286.5,96.3,1,28.35,7.89,7.97,2.79,3,3,0,0,29.1,33.9,24.1,0.73,3,19.36842105,3.157894737,8.242555251,0.425393324,0.01835734,Yes,No,High,Safe,At Risk
18-03-2024 13:00,March,286.5,96.3,1,28.35,7.89,7.97,2.79,3,3,0,0,29.1,33.9,24.1,0.73,3,19.42105263,2.894736842,8.215561689,0.424620631,0.01761686,No,No,High,Safe,At Risk
18-03-2024 14:00,March,286.5,96.3,1,28.35,7.89,7.97,2.79,3,3,0,0,29.1,33.9,24.1,0.73,3,19.47368421,2.631578947,8.188568127,0.423847937,0.01687638,Yes,No,High,Safe,At Risk
18-03-2024 15:00,March,286.5,96.3,1,28.35,7.89,7.97,2.79,3,3,0,0,29.1,33.9,24.1,0.73,3,19.52631579,2.368421053,8.161574565,0.423075244,0.0161359,No,No,High,Safe,At Risk
18-03-2024 16:00,March,286.5,96.3,1,28.35,7.89,7.97,2.79,3,3,0,0,29.1,33.9,24.1,0.73,3,19.57894737,2.105263158,8.134581004,0.42230255,0.01539542,Yes,No,High,Safe,At Risk
18-03-2024 17:00,March,286.5,96.3,1,28.35,7.89,7.97,2.79,3,3,0,0,29.1,33.9,24.1,0.73,3,19.63157895,1.842105263,8.107587442,0.421529856,0.01465494,No,No,High,Safe,At Risk
18-03-2024 18:00,March,286.5,96.3,1,28.35,7.89,7.97,2.79,3,3,0,0,29.1,33.9,24.1,0.73,3,19.68421053,1.578947368,8.08059388,0.420757163,0.013914459,Yes,No,High,Safe,At Risk
18-03-2024 19:00,March,286.5,96.3,1,28.35,7.89,7.97,2.79,3,3,0,0,29.1,33.9,24.1,0.73,3,19.73684211,1.315789474,8.053600318,0.419984469,0.013173979,No,No,High,Safe,At Risk
18-03-2024 20:00,March,286.5,96.3,1,28.35,7.89,7.97,2.79,3,3,0,0,29.1,33.9,24.1,0.73,3,19.78947368,1.052631579,8.026606756,0.419211776,0.012433499,Yes,No,High,Safe,At Risk
18-03-2024 21:00,March,286.5,96.3,1,28.35,7.89,7.97,2.79,3,3,0,0,29.1,33.9,24.1,0.73,3,19.84210526,0.789473684,7.999613194,0.418439082,0.011693019,No,No,High,Safe,At Risk
18-03-2024 22:00,March,286.5,96.3,1,28.35,7.89,7.97,2.79,3,3,0,0,29.1,33.9,24.1,0.73,3,19.89473684,0.526315789,7.972619632,0.417666388,0.010952539,Yes,No,High,Safe,At Risk
18-03-2024 23:00,March,286.5,96.3,1,28.35,7.89,7.97,2.79,3,3,0,0,29.1,33.9,24.1,0.73,3,19.94736842,0.263157895,7.94562607,0.416893695,0.010212059,No,No,High,Safe,At Risk
19-03-2024 00:00,March,286.5,96.3,1,28.35,7.89,7.97,2.79,3,3,0,0,29.1,33.9,24.1,0.73,3,20,0,7.918632508,0.416121001,0.009471579,Yes,No,High,Safe,At Risk
19-03-2024 01:00,March,286.5,96.3,1,28.35,7.89,7.97,2.79,3,3,0,0,29.1,33.9,24.1,0.73,3,20,1,8.40973607,0.359313293,0.427016115,No,No,High,Safe,At Risk
19-03-2024 02:00,March,286.5,96.3,1,28.35,7.89,7.97,2.79,3,3,0,0,29.1,33.9,24.1,0.73,3,20,2,7.878546446,0.992537789,-0.021024602,Yes,No,High,Safe,At Risk
19-03-2024 03:00,March,286.5,96.3,1,28.35,7.89,7.97,2.79,3,3,0,0,29.1,33.9,24.1,0.73,3,20,3,8.020759374,0.912023345,-0.022447701,No,No,High,Safe,At Risk
19-03-2024 04:00,March,286.5,96.3,1,28.35,7.89,7.97,2.79,3,3,1,0,29.1,33.9,24.1,0.73,3,20,4,7.996445091,1.0010623,0.000888857,Yes,No,High,Safe,At Risk
19-03-2024 05:00,March,286.5,96.3,1,28.35,7.89,7.97,2.79,3,3,0,0,29.1,33.9,24.1,0.73,3,20,5,8.070302807,0.369186148,0.009546297,No,No,High,Safe,At Risk
19-03-2024 06:00,March,286.5,96.3,1,28.35,7.89,7.97,2.79,3,3,0,0,29.1,33.9,24.1,0.73,3,20.05263158,4.736842105,8.087360097,0.371276406,0.011007489,Yes,No,High,Safe,At Risk
19-03-2024 07:00,March,286.5,96.3,1,28.35,7.89,7.97,2.79,3,3,0,0,29.1,33.9,24.1,0.73,3,20.10526316,4.473684211,8.104417386,0.373366664,0.012468681,No,No,High,Safe,At Risk
19-03-2024 08:00,March,286.5,96.3,1,28.35,7.89,7.97,2.79,3,3,1,0,29.1,33.9,24.1,0.73,3,20.15789474,4.210526316,8.121474676,0.375456922,0.013929873,Yes,No,High,Safe,At Risk
19-03-2024 09:00,March,286.5,96.3,1,28.35,7.89,7.97,2.79,3,3,0,0,29.1,33.9,24.1,0.73,3,20.21052632,3.947368421,8.138531965,0.37754718,0.015391065,No,No,High,Safe,At Risk
19-03-2024 10:00,March,286.5,96.3,1,28.35,7.89,7.97,2.79,3,3,0,0,29.1,33.9,24.1,0.73,3,20.26315789,3.684210526,8.155589255,0.379637438,0.016852257,Yes,No,High,Safe,At Risk
19-03-2024 11:00,March,286.5,96.3,1,28.35,7.89,7.97,2.79,3,3,1,0,29.1,33.9,24.1,0.73,3,20.31578947,3.421052632,8.172646544,0.381727696,0.018313449,No,No,High,Safe,At Risk
19-03-2024 12:00,March,286.5,96.3,1,28.35,7.89,7.97,2.79,3,3,0,0,29.1,33.9,24.1,0.73,3,20.36842105,3.157894737,8.189703834,0.383817954,0.019774641,Yes,No,High,Safe,At Risk
19-03-2024 13:00,March,286.5,96.3,1,28.35,7.89,7.97,2.79,3,3,0,0,29.1,33.9,24.1,0.73,3,20.42105263,2.894736842,8.206761123,0.385908212,0.021235833,No,No,High,Safe,At Risk
19-03-2024 14:00,March,286.5,96.3,1,28.35,7.89,7.97,2.79,3,3,0,0,29.1,33.9,24.1,0.73,3,20.47368421,2.631578947,8.223818413,0.38799847,0.022697025,Yes,No,High,Safe,At Risk
19-03-2024 15:00,March,286.5,96.3,1,28.35,7.89,7.97,2.79,3,3,0,0,29.1,33.9,24.1,0.73,3,20.52631579,2.368421053,8.240875702,0.390088728,0.024158217,No,No,High,Safe,At Risk
19-03-2024 16:00,March,286.5,96.3,1,28.35,7.89,7.97,2.79,3,3,0,0,29.1,33.9,24.1,0.73,3,20.57894737,2.105263158,8.257932992,0.392178986,0.025619409,Yes,No,High,Safe,At Risk
19-03-2024 17:00,March,286.5,96.3,1,28.35,7.89,7.97,2.79,3,3,0,1,29.1,33.9,24.1,0.73,3,20.63157895,1.842105263,8.274990281,0.394269245,0.027080601,No,No,High,Safe,At Risk
19-03-2024 18:00,March,286.5,96.3,1,28.35,7.89,7.97,2.79,3,3,0,0,29.1,33.9,24.1,0.73,3,20.68421053,1.578947368,8.292047571,0.396359503,0.028541793,Yes,No,High,Safe,At Risk
19-03-2024 19:00,March,286.5,96.3,1,28.35,7.89,7.97,2.79,3,3,0,0,29.1,33.9,24.1,0.73,3,20.73684211,1.315789474,8.30910486,0.398449761,0.030002985,No,No,High,Safe,At Risk
19-03-2024 20:00,March,286.5,96.3,1,28.35,7.89,7.97,2.79,3,3,1,0,29.1,33.9,24.1,0.73,3,20.78947368,1.052631579,8.32616215,0.400540019,0.031464177,Yes,No,High,Safe,At Risk
19-03-2024 21:00,March,286.5,96.3,1,28.35,7.89,7.97,2.79,3,3,0,0,29.1,33.9,24.1,0.73,3,20.84210526,0.789473684,8.343219439,0.402630277,0.032925369,No,No,High,Safe,At Risk
19-03-2024 22:00,March,286.5,96.3,1,28.35,7.89,7.97,2.79,3,3,0,0,29.1,33.9,24.1,0.73,3,20.89473684,0.526315789,8.360276729,0.404720535,0.034386561,Yes,No,High,Safe,At Risk
19-03-2024 23:00,March,286.5,96.3,1,28.35,7.89,7.97,2.79,3,3,0,0,29.1,33.9,24.1,0.73,3,20.94736842,0.263157895,8.377334018,0.406810793,0.035847753,No,No,High,Safe,At Risk
20-03-2024 00:00,March,286.5,96.3,1,28.35,7.89,7.97,2.79,3,3,0,0,29.1,33.9,24.1,0.73,3,21,0,8.394391308,0.408901051,0.037308945,Yes,No,High,Safe,At Risk
20-03-2024 01:00,March,286.5,96.3,1,28.35,7.89,7.97,2.79,3,3,0,0,29.1,33.9,24.1,0.73,3,21,1,8.569390313,0.32064598,0.109034574,No,No,High,Safe,At Risk
20-03-2024 02:00,March,286.5,96.3,1,28.35,7.89,7.97,2.79,3,3,0,0,29.1,33.9,24.1,0.73,3,21,2,8.159251281,0.351101105,0.491879793,Yes,No,High,Safe,At Risk
20-03-2024 03:00,March,286.5,96.3,1,28.35,7.89,7.97,2.79,3,3,0,0,29.1,33.9,24.1,0.73,3,21,3,8.077828082,0.952162986,-0.013355494,No,No,High,Safe,At Risk
20-03-2024 04:00,March,286.5,96.3,1,28.35,7.89,7.97,2.79,3,3,0,0,29.1,33.9,24.1,0.73,3,21,4,8.277732067,0.296461409,0.952507577,Yes,No,High,Safe,At Risk
20-03-2024 05:00,March,286.5,96.3,1,28.35,7.89,7.97,2.79,3,3,0,1,29.1,33.9,24.1,0.73,3,21,5,8.045920145,0.41854511,0.027931753,No,No,High,Safe,At Risk
20-03-2024 06:00,March,286.5,96.3,1,28.35,7.89,7.97,2.79,3,3,0,0,29.1,33.9,24.1,0.73,3,21.05263158,4.736842105,8.044723434,0.44733859,0.02798991,Yes,No,High,Safe,At Risk
20-03-2024 07:00,March,286.5,96.3,1,28.35,7.89,7.97,2.79,3,3,0,0,29.1,33.9,24.1,0.73,3,21.10526316,4.473684211,8.043526723,0.47613207,0.028048066,No,No,High,Safe,At Risk
20-03-2024 08:00,March,286.5,96.3,1,28.35,7.89,7.97,2.79,3,3,0,0,29.1,33.9,24.1,0.73,3,21.15789474,4.210526316,8.042330013,0.50492555,0.028106223,Yes,No,High,Safe,At Risk
20-03-2024 09:00,March,286.5,96.3,1,28.35,7.89,7.97,2.79,3,3,0,0,29.1,33.9,24.1,0.73,3,21.21052632,3.947368421,8.041133302,0.533719029,0.02816438,No,No,High,Safe,At Risk
20-03-2024 10:00,March,286.5,96.3,1,28.35,7.89,7.97,2.79,3,3,0,0,29.1,33.9,24.1,0.73,3,21.26315789,3.684210526,8.039936591,0.562512509,0.028222536,Yes,No,High,Safe,At Risk
20-03-2024 11:00,March,286.5,96.3,1,28.35,7.89,7.97,2.79,3,3,0,0,29.1,33.9,24.1,0.73,3,21.31578947,3.421052632,8.038739881,0.591305989,0.028280693,No,No,High,Safe,At Risk
20-03-2024 12:00,March,286.5,96.3,1,28.35,7.89,7.97,2.79,3,3,0,0,29.1,33.9,24.1,0.73,3,21.36842105,3.157894737,8.03754317,0.620099469,0.02833885,Yes,No,High,Safe,At Risk
20-03-2024 13:00,March,286.5,96.3,1,28.35,7.89,7.97,2.79,3,3,1,0,29.1,33.9,24.1,0.73,3,21.42105263,2.894736842,8.036346459,0.648892949,0.028397006,No,No,High,Safe,At Risk
20-03-2024 14:00,March,286.5,96.3,1,28.35,7.89,7.97,2.79,3,3,0,0,29.1,33.9,24.1,0.73,3,21.47368421,2.631578947,8.035149749,0.677686428,0.028455163,Yes,No,High,Safe,At Risk
20-03-2024 15:00,March,286.5,96.3,1,28.35,7.89,7.97,2.79,3,3,0,0,29.1,33.9,24.1,0.73,3,21.52631579,2.368421053,8.033953038,0.706479908,0.02851332,No,No,High,Safe,At Risk
20-03-2024 16:00,March,286.5,96.3,1,28.35,7.89,7.97,2.79,3,3,0,0,29.1,33.9,24.1,0.73,3,21.57894737,2.105263158,8.032756327,0.735273388,0.028571477,Yes,No,High,Safe,At Risk
20-03-2024 17:00,March,286.5,96.3,1,28.35,7.89,7.97,2.79,3,3,0,0,29.1,33.9,24.1,0.73,3,21.63157895,1.842105263,8.031559616,0.764066868,0.028629633,No,No,High,Safe,At Risk
20-03-2024 18:00,March,286.5,96.3,1,28.35,7.89,7.97,2.79,3,3,0,0,29.1,33.9,24.1,0.73,3,21.68421053,1.578947368,8.030362906,0.792860348,0.02868779,Yes,No,High,Safe,At Risk
20-03-2024 19:00,March,286.5,96.3,1,28.35,7.89,7.97,2.79,3,3,0,0,29.1,33.9,24.1,0.73,3,21.73684211,1.315789474,8.029166195,0.821653827,0.028745947,No,No,High,Safe,At Risk
20-03-2024 20:00,March,286.5,96.3,1,28.35,7.89,7.97,2.79,3,3,0,0,29.1,33.9,24.1,0.73,3,21.78947368,1.052631579,8.027969484,0.850447307,0.028804103,Yes,No,High,Safe,At Risk
20-03-2024 21:00,March,286.5,96.3,1,28.35,7.89,7.97,2.79,3,3,0,0,29.1,33.9,24.1,0.73,3,21.84210526,0.789473684,8.026772774,0.879240787,0.02886226,No,No,High,Safe,At Risk
20-03-2024 22:00,March,286.5,96.3,1,28.35,7.89,7.97,2.79,3,3,0,0,29.1,33.9,24.1,0.73,3,21.89473684,0.526315789,8.025576063,0.908034267,0.028920417,Yes,No,High,Safe,At Risk
20-03-2024 23:00,March,286.5,96.3,1,28.35,7.89,7.97,2.79,3,3,0,0,29.1,33.9,24.1,0.73,3,21.94736842,0.263157895,8.024379352,0.936827747,0.028978573,No,No,High,Safe,At Risk
21-03-2024 00:00,March,286.5,96.3,1,28.35,7.89,7.97,2.79,3,3,0,0,29.1,33.9,24.1,0.73,3,22,0,8.023182642,0.965621226,0.02903673,Yes,No,High,Safe,At Risk
21-03-2024 01:00,March,286.5,96.3,1,28.35,7.89,7.97,2.79,3,3,0,0,29.1,33.9,24.1,0.73,3,22,1,8.398325343,0.321277481,0.129900126,No,No,High,Safe,At Risk
21-03-2024 02:00,March,286.5,96.3,1,28.35,7.89,7.97,2.79,3,3,0,0,29.1,33.9,24.1,0.73,3,22,2,8.540150552,0.926629524,0.013293306,Yes,No,High,Safe,At Risk
21-03-2024 03:00,March,286.5,96.3,1,28.35,7.89,7.97,2.79,3,3,0,0,29.1,33.9,24.1,0.73,3,22,3,8.074163783,0.975490086,-0.017611001,No,No,High,Safe,At Risk
21-03-2024 04:00,March,286.5,96.3,1,28.35,7.89,7.97,2.79,3,3,0,0,29.1,33.9,24.1,0.73,3,22,4,7.805494921,0.9837919,-0.009154763,Yes,No,High,Safe,At Risk
21-03-2024 05:00,March,286.5,96.3,1,28.35,7.89,7.97,2.79,3,3,0,0,29.1,33.9,24.1,0.73,3,22,5,8.253634623,0.401754858,0.000355818,No,No,High,Safe,At Risk
21-03-2024 06:00,March,286.5,96.3,1,28.35,7.89,7.97,2.79,3,3,0,0,29.1,33.9,24.1,0.73,3,22.05263158,4.736842105,8.233166896,0.431353915,0.001268087,Yes,No,High,Safe,At Risk
21-03-2024 07:00,March,286.5,96.3,1,28.35,7.89,7.97,2.79,3,3,1,0,29.1,33.9,24.1,0.73,3,22.10526316,4.473684211,8.212699168,0.460952971,0.002180356,No,No,High,Safe,At Risk
21-03-2024 08:00,March,286.5,96.3,1,28.35,7.89,7.97,2.79,3,3,0,0,29.1,33.9,24.1,0.73,3,22.15789474,4.210526316,8.192231441,0.490552027,0.003092624,Yes,No,High,Safe,At Risk
21-03-2024 09:00,March,286.5,96.3,1,28.35,7.89,7.97,2.79,3,3,1,0,29.1,33.9,24.1,0.73,3,22.21052632,3.947368421,8.171763713,0.520151083,0.004004893,No,No,High,Safe,At Risk
21-03-2024 10:00,March,286.5,96.3,1,28.35,7.89,7.97,2.79,3,3,0,1,29.1,33.9,24.1,0.73,3,22.26315789,3.684210526,8.151295986,0.549750139,0.004917162,Yes,No,High,Safe,At Risk
21-03-2024 11:00,March,286.5,96.3,1,28.35,7.89,7.97,2.79,3,3,0,0,29.1,33.9,24.1,0.73,3,22.31578947,3.421052632,8.130828258,0.579349196,0.00582943,No,No,High,Safe,At Risk
21-03-2024 12:00,March,286.5,96.3,1,28.35,7.89,7.97,2.79,3,3,1,0,29.1,33.9,24.1,0.73,3,22.36842105,3.157894737,8.110360531,0.608948252,0.006741699,Yes,No,High,Safe,At Risk
21-03-2024 13:00,March,286.5,96.3,1,28.35,7.89,7.97,2.79,3,3,0,0,29.1,33.9,24.1,0.73,3,22.42105263,2.894736842,8.089892804,0.638547308,0.007653968,No,No,High,Safe,At Risk
21-03-2024 14:00,March,286.5,96.3,1,28.35,7.89,7.97,2.79,3,3,0,0,29.1,33.9,24.1,0.73,3,22.47368421,2.631578947,8.069425076,0.668146364,0.008566236,Yes,No,High,Safe,At Risk
21-03-2024 15:00,March,286.5,96.3,1,28.35,7.89,7.97,2.79,3,3,0,0,29.1,33.9,24.1,0.73,3,22.52631579,2.368421053,8.048957349,0.69774542,0.009478505,No,No,High,Safe,At Risk
21-03-2024 16:00,March,286.5,96.3,1,28.35,7.89,7.97,2.79,3,3,0,0,29.1,33.9,24.1,0.73,3,22.57894737,2.105263158,8.028489621,0.727344477,0.010390774,Yes,No,High,Safe,At Risk
21-03-2024 17:00,March,286.5,96.3,1,28.35,7.89,7.97,2.79,3,3,1,1,29.1,33.9,24.1,0.73,3,22.63157895,1.842105263,8.008021894,0.756943533,0.011303043,No,No,High,Safe,At Risk
21-03-2024 18:00,March,286.5,96.3,1,28.35,7.89,7.97,2.79,3,3,0,0,29.1,33.9,24.1,0.73,3,22.68421053,1.578947368,7.987554166,0.786542589,0.012215311,Yes,No,High,Safe,At Risk
21-03-2024 19:00,March,286.5,96.3,1,28.35,7.89,7.97,2.79,3,3,1,0,29.1,33.9,24.1,0.73,3,22.73684211,1.315789474,7.967086439,0.816141645,0.01312758,No,No,High,Safe,At Risk
21-03-2024 20:00,March,286.5,96.3,1,28.35,7.89,7.97,2.79,3,3,0,0,29.1,33.9,24.1,0.73,3,22.78947368,1.052631579,7.946618711,0.845740702,0.014039849,Yes,No,High,Safe,At Risk
21-03-2024 21:00,March,286.5,96.3,1,28.35,7.89,7.97,2.79,3,3,0,0,29.1,33.9,24.1,0.73,3,22.84210526,0.789473684,7.926150984,0.875339758,0.014952117,No,No,High,Safe,At Risk
21-03-2024 22:00,March,286.5,96.3,1,28.35,7.89,7.97,2.79,3,3,0,0,29.1,33.9,24.1,0.73,3,22.89473684,0.526315789,7.905683256,0.904938814,0.015864386,Yes,No,High,Safe,At Risk
21-03-2024 23:00,March,286.5,96.3,1,28.35,7.89,7.97,2.79,3,3,1,0,29.1,33.9,24.1,0.73,3,22.94736842,0.263157895,7.885215529,0.93453787,0.016776655,No,No,High,Safe,At Risk
22-03-2024 00:00,March,286.5,96.3,1,28.35,7.89,7.97,2.79,3,3,0,0,29.1,33.9,24.1,0.73,3,23,0,7.864747801,0.964136926,0.017688923,Yes,No,High,Safe,At Risk
22-03-2024 01:00,March,286.5,96.3,1,28.35,7.89,7.97,2.79,3,3,0,0,29.1,33.9,24.1,0.73,3,23,1,7.817588539,0.337059295,0.144317284,No,No,High,Safe,At Risk
22-03-2024 02:00,March,286.5,96.3,1,28.35,7.89,7.97,2.79,3,3,0,0,29.1,33.9,24.1,0.73,3,23,2,8.261527254,0.988255679,0.035466271,Yes,No,High,Safe,At Risk
22-03-2024 03:00,March,286.5,96.3,1,28.35,7.89,7.97,2.79,3,3,1,1,29.1,33.9,24.1,0.73,3,23,3,7.890794804,0.967333621,-0.016354725,No,No,High,Safe,At Risk
22-03-2024 04:00,March,286.5,96.3,1,28.35,7.89,7.97,2.79,3,3,0,0,29.1,33.9,24.1,0.73,3,23,4,8.291370838,0.259075085,0.878389944,Yes,No,High,Safe,At Risk
22-03-2024 05:00,March,286.5,96.3,1,28.35,7.89,7.97,2.79,3,3,1,0,29.1,33.9,24.1,0.73,3,23,5,7.928300896,0.376715129,0.031564052,No,No,High,Safe,At Risk
22-03-2024 06:00,March,286.5,96.3,1,28.35,7.89,7.97,2.79,3,3,0,0,29.1,33.9,24.1,0.73,3,23.05263158,4.736842105,7.928935636,0.377559306,0.029826867,Yes,No,High,Safe,At Risk
22-03-2024 07:00,March,286.5,96.3,1,28.35,7.89,7.97,2.79,3,3,1,0,29.1,33.9,24.1,0.73,3,23.10526316,4.473684211,7.929570375,0.378403483,0.028089682,No,No,High,Safe,At Risk
22-03-2024 08:00,March,286.5,96.3,1,28.35,7.89,7.97,2.79,3,3,0,0,29.1,33.9,24.1,0.73,3,23.15789474,4.210526316,7.930205115,0.37924766,0.026352498,Yes,No,High,Safe,At Risk
22-03-2024 09:00,March,286.5,96.3,1,28.35,7.89,7.97,2.79,3,3,0,0,29.1,33.9,24.1,0.73,3,23.21052632,3.947368421,7.930839855,0.380091837,0.024615313,No,No,High,Safe,At Risk
22-03-2024 10:00,March,286.5,96.3,1,28.35,7.89,7.97,2.79,3,3,0,0,29.1,33.9,24.1,0.73,3,23.26315789,3.684210526,7.931474595,0.380936014,0.022878128,Yes,No,High,Safe,At Risk
22-03-2024 11:00,March,286.5,96.3,1,28.35,7.89,7.97,2.79,3,3,0,0,29.1,33.9,24.1,0.73,3,23.31578947,3.421052632,7.932109334,0.381780191,0.021140944,No,No,High,Safe,At Risk
22-03-2024 12:00,March,286.5,96.3,1,28.35,7.89,7.97,2.79,3,3,0,0,29.1,33.9,24.1,0.73,3,23.36842105,3.157894737,7.932744074,0.382624368,0.019403759,Yes,No,High,Safe,At Risk
22-03-2024 13:00,March,286.5,96.3,1,28.35,7.89,7.97,2.79,3,3,0,0,29.1,33.9,24.1,0.73,3,23.42105263,2.894736842,7.933378814,0.383468545,0.017666574,No,No,High,Safe,At Risk
22-03-2024 14:00,March,286.5,96.3,1,28.35,7.89,7.97,2.79,3,3,0,1,29.1,33.9,24.1,0.73,3,23.47368421,2.631578947,7.934013554,0.384312722,0.01592939,Yes,No,High,Safe,At Risk
22-03-2024 15:00,March,286.5,96.3,1,28.35,7.89,7.97,2.79,3,3,0,0,29.1,33.9,24.1,0.73,3,23.52631579,2.368421053,7.934648293,0.385156899,0.014192205,No,No,High,Safe,At Risk
22-03-2024 16:00,March,286.5,96.3,1,28.35,7.89,7.97,2.79,3,3,0,0,29.1,33.9,24.1,0.73,3,23.57894737,2.105263158,7.935283033,0.386001076,0.01245502,Yes,No,High,Safe,At Risk
22-03-2024 17:00,March,286.5,96.3,1,28.35,7.89,7.97,2.79,3,3,0,0,29.1,33.9,24.1,0.73,3,23.63157895,1.842105263,7.935917773,0.386845253,0.010717836,No,No,High,Safe,At Risk
22-03-2024 18:00,March,286.5,96.3,1,28.35,7.89,7.97,2.79,3,3,0,0,29.1,33.9,24.1,0.73,3,23.68421053,1.578947368,7.936552512,0.38768943,0.008980651,Yes,No,High,Safe,At Risk
22-03-2024 19:00,March,286.5,96.3,1,28.35,7.89,7.97,2.79,3,3,0,0,29.1,33.9,24.1,0.73,3,23.73684211,1.315789474,7.937187252,0.388533608,0.007243467,No,No,High,Safe,At Risk
22-03-2024 20:00,March,286.5,96.3,1,28.35,7.89,7.97,2.79,3,3,0,0,29.1,33.9,24.1,0.73,3,23.78947368,1.052631579,7.937821992,0.389377785,0.005506282,Yes,No,High,Safe,At Risk
22-03-2024 21:00,March,286.5,96.3,1,28.35,7.89,7.97,2.79,3,3,0,0,29.1,33.9,24.1,0.73,3,23.84210526,0.789473684,7.938456732,0.390221962,0.003769097,No,No,High,Safe,At Risk
22-03-2024 22:00,March,286.5,96.3,1,28.35,7.89,7.97,2.79,3,3,1,0,29.1,33.9,24.1,0.73,3,23.89473684,0.526315789,7.939091471,0.391066139,0.002031913,Yes,No,High,Safe,At Risk
22-03-2024 23:00,March,286.5,96.3,1,28.35,7.89,7.97,2.79,3,3,0,0,29.1,33.9,24.1,0.73,3,23.94736842,0.263157895,7.939726211,0.391910316,0.000294728,No,No,High,Safe,At Risk
23-03-2024 00:00,March,286.5,96.3,1,28.35,7.89,7.97,2.79,3,3,1,0,29.1,33.9,24.1,0.73,3,24,0,7.940360951,0.392754493,-0.001442457,Yes,No,High,Safe,At Risk
23-03-2024 01:00,March,286.5,96.3,1,28.35,7.89,7.97,2.79,3,3,0,0,29.1,33.9,24.1,0.73,3,24,1,8.50981258,0.315386935,0.091426403,No,No,High,Safe,At Risk
23-03-2024 02:00,March,286.5,96.3,1,28.35,7.89,7.97,2.79,3,3,1,0,29.1,33.9,24.1,0.73,3,24,2,7.757851789,0.921643723,-0.01720592,Yes,No,High,Safe,At Risk
23-03-2024 03:00,March,286.5,96.3,1,28.35,7.89,7.97,2.79,3,3,0,1,29.1,33.9,24.1,0.73,3,24,3,8.213667082,0.335232211,0.867610778,No,No,High,Safe,At Risk
23-03-2024 04:00,March,286.5,96.3,1,28.35,7.89,7.97,2.79,3,3,1,0,29.1,33.9,24.1,0.73,3,24,4,8.339260896,0.311467437,0.833046243,Yes,No,High,Safe,At Risk
23-03-2024 05:00,March,286.5,96.3,1,28.35,7.89,7.97,2.79,3,3,0,0,29.1,33.9,24.1,0.73,3,24,5,8.399753478,0.362225189,-0.012022166,No,No,High,Safe,At Risk
23-03-2024 06:00,March,286.5,96.3,1,28.35,7.89,7.97,2.79,3,3,1,0,29.1,33.9,24.1,0.73,3,24.05263158,4.736842105,8.406421562,0.365213358,-0.010101276,Yes,No,High,Safe,At Risk
23-03-2024 07:00,March,286.5,96.3,1,28.35,7.89,7.97,2.79,3,3,0,0,29.1,33.9,24.1,0.73,3,24.10526316,4.473684211,8.413089646,0.368201528,-0.008180385,No,No,High,Safe,At Risk
23-03-2024 08:00,March,286.5,96.3,1,28.35,7.89,7.97,2.79,3,3,0,0,29.1,33.9,24.1,0.73,3,24.15789474,4.210526316,8.41975773,0.371189697,-0.006259494,Yes,No,High,Safe,At Risk
23-03-2024 09:00,March,286.5,96.3,1,28.35,7.89,7.97,2.79,3,3,0,0,29.1,33.9,24.1,0.73,3,24.21052632,3.947368421,8.426425814,0.374177866,-0.004338603,No,No,High,Safe,At Risk
23-03-2024 10:00,March,286.5,96.3,1,28.35,7.89,7.97,2.79,3,3,0,0,29.1,33.9,24.1,0.73,3,24.26315789,3.684210526,8.433093897,0.377166036,-0.002417713,Yes,No,High,Safe,At Risk
23-03-2024 11:00,March,286.5,96.3,1,28.35,7.89,7.97,2.79,3,3,1,1,29.1,33.9,24.1,0.73,3,24.31578947,3.421052632,8.439761981,0.380154205,-0.000496822,No,No,High,Safe,At Risk
23-03-2024 12:00,March,286.5,96.3,1,28.35,7.89,7.97,2.79,3,3,0,0,29.1,33.9,24.1,0.73,3,24.36842105,3.157894737,8.446430065,0.383142375,0.001424069,Yes,No,High,Safe,At Risk
23-03-2024 13:00,March,286.5,96.3,1,28.35,7.89,7.97,2.79,3,3,0,0,29.1,33.9,24.1,0.73,3,24.42105263,2.894736842,8.453098149,0.386130544,0.00334496,No,No,High,Safe,At Risk
23-03-2024 14:00,March,286.5,96.3,1,28.35,7.89,7.97,2.79,3,3,0,1,29.1,33.9,24.1,0.73,3,24.47368421,2.631578947,8.459766233,0.389118713,0.00526585,Yes,No,High,Safe,At Risk
23-03-2024 15:00,March,286.5,96.3,1,28.35,7.89,7.97,2.79,3,3,1,1,29.1,33.9,24.1,0.73,3,24.52631579,2.368421053,8.466434317,0.392106883,0.007186741,No,No,High,Safe,At Risk
23-03-2024 16:00,March,286.5,96.3,1,28.35,7.89,7.97,2.79,3,3,0,0,29.1,33.9,24.1,0.73,3,24.57894737,2.105263158,8.473102401,0.395095052,0.009107632,Yes,No,High,Safe,At Risk
23-03-2024 17:00,March,286.5,96.3,1,28.35,7.89,7.97,2.79,3,3,0,0,29.1,33.9,24.1,0.73,3,24.63157895,1.842105263,8.479770484,0.398083222,0.011028523,No,No,High,Safe,At Risk
23-03-2024 18:00,March,286.5,96.3,1,28.35,7.89,7.97,2.79,3,3,0,0,29.1,33.9,24.1,0.73,3,24.68421053,1.578947368,8.486438568,0.401071391,0.012949413,Yes,No,High,Safe,At Risk
23-03-2024 19:00,March,286.5,96.3,1,28.35,7.89,7.97,2.79,3,3,0,0,29.1,33.9,24.1,0.73,3,24.73684211,1.315789474,8.493106652,0.40405956,0.014870304,No,No,High,Safe,At Risk
23-03-2024 20:00,March,286.5,96.3,1,28.35,7.89,7.97,2.79,3,3,1,0,29.1,33.9,24.1,0.73,3,24.78947368,1.052631579,8.499774736,0.40704773,0.016791195,Yes,No,High,Safe,At Risk
23-03-2024 21:00,March,286.5,96.3,1,28.35,7.89,7.97,2.79,3,3,0,0,29.1,33.9,24.1,0.73,3,24.84210526,0.789473684,8.50644282,0.410035899,0.018712086,No,No,High,Safe,At Risk
23-03-2024 22:00,March,286.5,96.3,1,28.35,7.89,7.97,2.79,3,3,0,0,29.1,33.9,24.1,0.73,3,24.89473684,0.526315789,8.513110904,0.413024069,0.020632976,Yes,No,High,Safe,At Risk
23-03-2024 23:00,March,286.5,96.3,1,28.35,7.89,7.97,2.79,3,3,0,0,29.1,33.9,24.1,0.73,3,24.94736842,0.263157895,8.519778988,0.416012238,0.022553867,No,No,High,Safe,At Risk
24-03-2024 00:00,March,286.5,96.3,1,28.35,7.89,7.97,2.79,3,3,1,0,29.1,33.9,24.1,0.73,3,25,0,8.526447072,0.419000407,0.024474758,Yes,No,High,Safe,At Risk
24-03-2024 01:00,March,286.5,96.3,1,28.35,7.89,7.97,2.79,3,3,0,0,29.1,33.9,24.1,0.73,3,25,1,7.886850995,0.939539995,0.007957593,No,No,High,Safe,At Risk
24-03-2024 02:00,March,286.5,96.3,1,28.35,7.89,7.97,2.79,3,3,0,0,29.1,33.9,24.1,0.73,3,25,2,7.711528112,0.949994956,0.016539841,Yes,No,High,Safe,At Risk
24-03-2024 03:00,March,286.5,96.3,1,28.35,7.89,7.97,2.79,3,3,0,0,29.1,33.9,24.1,0.73,3,25,3,8.218446843,0.308996941,0.849532697,No,No,High,Safe,At Risk
24-03-2024 04:00,March,286.5,96.3,1,28.35,7.89,7.97,2.79,3,3,0,0,29.1,33.9,24.1,0.73,3,25,4,7.926039606,0.957056611,0.031481164,Yes,No,High,Safe,At Risk
24-03-2024 05:00,March,286.5,96.3,1,28.35,7.89,7.97,2.79,3,3,0,0,29.1,33.9,24.1,0.73,3,25,5,7.980000883,0.987230301,-0.029744435,No,No,High,Safe,At Risk
24-03-2024 06:00,March,286.5,96.3,1,28.35,7.89,7.97,2.79,3,3,1,0,29.1,33.9,24.1,0.73,3,25.05263158,4.736842105,7.989923405,0.957342709,-0.02775458,Yes,No,High,Safe,At Risk
24-03-2024 07:00,March,286.5,96.3,1,28.35,7.89,7.97,2.79,3,3,0,0,29.1,33.9,24.1,0.73,3,25.10526316,4.473684211,7.999845928,0.927455117,-0.025764725,No,No,High,Safe,At Risk
24-03-2024 08:00,March,286.5,96.3,1,28.35,7.89,7.97,2.79,3,3,0,0,29.1,33.9,24.1,0.73,3,25.15789474,4.210526316,8.00976845,0.897567524,-0.02377487,Yes,No,High,Safe,At Risk
24-03-2024 09:00,March,286.5,96.3,1,28.35,7.89,7.97,2.79,3,3,0,1,29.1,33.9,24.1,0.73,3,25.21052632,3.947368421,8.019690972,0.867679932,-0.021785015,No,No,High,Safe,At Risk
24-03-2024 10:00,March,286.5,96.3,1,28.35,7.89,7.97,2.79,3,3,0,0,29.1,33.9,24.1,0.73,3,25.26315789,3.684210526,8.029613494,0.83779234,-0.01979516,Yes,No,High,Safe,At Risk
24-03-2024 11:00,March,286.5,96.3,1,28.35,7.89,7.97,2.79,3,3,0,0,29.1,33.9,24.1,0.73,3,25.31578947,3.421052632,8.039536016,0.807904747,-0.017805305,No,No,High,Safe,At Risk
24-03-2024 12:00,March,286.5,96.3,1,28.35,7.89,7.97,2.79,3,3,0,0,29.1,33.9,24.1,0.73,3,25.36842105,3.157894737,8.049458538,0.778017155,-0.01581545,Yes,No,High,Safe,At Risk
24-03-2024 13:00,March,286.5,96.3,1,28.35,7.89,7.97,2.79,3,3,0,1,29.1,33.9,24.1,0.73,3,25.42105263,2.894736842,8.05938106,0.748129563,-0.013825595,No,No,High,Safe,At Risk
24-03-2024 14:00,March,286.5,96.3,1,28.35,7.89,7.97,2.79,3,3,0,0,29.1,33.9,24.1,0.73,3,25.47368421,2.631578947,8.069303583,0.718241971,-0.01183574,Yes,No,High,Safe,At Risk
24-03-2024 15:00,March,286.5,96.3,1,28.35,7.89,7.97,2.79,3,3,0,1,29.1,33.9,24.1,0.73,3,25.52631579,2.368421053,8.079226105,0.688354378,-0.009845885,No,No,High,Safe,At Risk
24-03-2024 16:00,March,286.5,96.3,1,28.35,7.89,7.97,2.79,3,3,0,0,29.1,33.9,24.1,0.73,3,25.57894737,2.105263158,8.089148627,0.658466786,-0.007856029,Yes,No,High,Safe,At Risk
24-03-2024 17:00,March,286.5,96.3,1,28.35,7.89,7.97,2.79,3,3,0,1,29.1,33.9,24.1,0.73,3,25.63157895,1.842105263,8.099071149,0.628579194,-0.005866174,No,No,High,Safe,At Risk
24-03-2024 18:00,March,286.5,96.3,1,28.35,7.89,7.97,2.79,3,3,0,0,29.1,33.9,24.1,0.73,3,25.68421053,1.578947368,8.108993671,0.598691602,-0.003876319,Yes,No,High,Safe,At Risk
24-03-2024 19:00,March,286.5,96.3,1,28.35,7.89,7.97,2.79,3,3,0,0,29.1,33.9,24.1,0.73,3,25.73684211,1.315789474,8.118916193,0.568804009,-0.001886464,No,No,High,Safe,At Risk
24-03-2024 20:00,March,286.5,96.3,1,28.35,7.89,7.97,2.79,3,3,0,0,29.1,33.9,24.1,0.73,3,25.78947368,1.052631579,8.128838716,0.538916417,0.000103391,Yes,No,High,Safe,At Risk
24-03-2024 21:00,March,286.5,96.3,1,28.35,7.89,7.97,2.79,3,3,0,0,29.1,33.9,24.1,0.73,3,25.84210526,0.789473684,8.138761238,0.509028825,0.002093246,No,No,High,Safe,At Risk
24-03-2024 22:00,March,286.5,96.3,1,28.35,7.89,7.97,2.79,3,3,0,0,29.1,33.9,24.1,0.73,3,25.89473684,0.526315789,8.14868376,0.479141233,0.004083101,Yes,No,High,Safe,At Risk
24-03-2024 23:00,March,286.5,96.3,1,28.35,7.89,7.97,2.79,3,3,0,0,29.1,33.9,24.1,0.73,3,25.94736842,0.263157895,8.158606282,0.44925364,0.006072956,No,No,High,Safe,At Risk
25-03-2024 00:00,March,286.5,96.3,1,28.35,7.89,7.97,2.79,3,3,0,0,29.1,33.9,24.1,0.73,3,26,0,8.168528804,0.419366048,0.008062811,Yes,No,High,Safe,At Risk
25-03-2024 01:00,March,286.5,96.3,1,28.35,7.89,7.97,2.79,3,3,1,0,29.1,33.9,24.1,0.73,3,26,1,8.533404559,0.287681752,0.125637467,No,No,High,Safe,At Risk
25-03-2024 02:00,March,286.5,96.3,1,28.35,7.89,7.97,2.79,3,3,1,0,29.1,33.9,24.1,0.73,3,26,2,8.034943208,0.335790888,0.468710965,Yes,No,High,Safe,At Risk
25-03-2024 03:00,March,286.5,96.3,1,28.35,7.89,7.97,2.79,3,3,0,0,29.1,33.9,24.1,0.73,3,26,3,8.320400147,0.314466882,0.835691344,No,No,High,Safe,At Risk
25-03-2024 04:00,March,286.5,96.3,1,28.35,7.89,7.97,2.79,3,3,0,1,29.1,33.9,24.1,0.73,3,26,4,7.708868855,0.989471704,0.006109825,Yes,No,High,Safe,At Risk
25-03-2024 05:00,March,286.5,96.3,1,28.35,7.89,7.97,2.79,3,3,0,0,29.1,33.9,24.1,0.73,3,26,5,8.242242126,0.378652879,0.017660883,No,No,High,Safe,At Risk
25-03-2024 06:00,March,286.5,96.3,1,28.35,7.89,7.97,2.79,3,3,0,0,29.1,33.9,24.1,0.73,3,26.05263158,4.736842105,8.233359818,0.380725356,0.017753489,Yes,No,High,Safe,At Risk
25-03-2024 07:00,March,286.5,96.3,1,28.35,7.89,7.97,2.79,3,3,0,0,29.1,33.9,24.1,0.73,3,26.10526316,4.473684211,8.22447751,0.382797834,0.017846094,No,No,High,Safe,At Risk
25-03-2024 08:00,March,286.5,96.3,1,28.35,7.89,7.97,2.79,3,3,0,0,29.1,33.9,24.1,0.73,3,26.15789474,4.210526316,8.215595202,0.384870312,0.0179387,Yes,No,High,Safe,At Risk
25-03-2024 09:00,March,286.5,96.3,1,28.35,7.89,7.97,2.79,3,3,0,0,29.1,33.9,24.1,0.73,3,26.21052632,3.947368421,8.206712893,0.386942789,0.018031305,No,No,High,Safe,At Risk
25-03-2024 10:00,March,286.5,96.3,1,28.35,7.89,7.97,2.79,3,3,0,0,29.1,33.9,24.1,0.73,3,26.26315789,3.684210526,8.197830585,0.389015267,0.018123911,Yes,No,High,Safe,At Risk
25-03-2024 11:00,March,286.5,96.3,1,28.35,7.89,7.97,2.79,3,3,1,0,29.1,33.9,24.1,0.73,3,26.31578947,3.421052632,8.188948277,0.391087744,0.018216516,No,No,High,Safe,At Risk
25-03-2024 12:00,March,286.5,96.3,1,28.35,7.89,7.97,2.79,3,3,0,0,29.1,33.9,24.1,0.73,3,26.36842105,3.157894737,8.180065969,0.393160222,0.018309122,Yes,No,High,Safe,At Risk
25-03-2024 13:00,March,286.5,96.3,1,28.35,7.89,7.97,2.79,3,3,0,0,29.1,33.9,24.1,0.73,3,26.42105263,2.894736842,8.171183661,0.3952327,0.018401728,No,No,High,Safe,At Risk
25-03-2024 14:00,March,286.5,96.3,1,28.35,7.89,7.97,2.79,3,3,0,0,29.1,33.9,24.1,0.73,3,26.47368421,2.631578947,8.162301353,0.397305177,0.018494333,Yes,No,High,Safe,At Risk
25-03-2024 15:00,March,286.5,96.3,1,28.35,7.89,7.97,2.79,3,3,0,0,29.1,33.9,24.1,0.73,3,26.52631579,2.368421053,8.153419045,0.399377655,0.018586939,No,No,High,Safe,At Risk
25-03-2024 16:00,March,286.5,96.3,1,28.35,7.89,7.97,2.79,3,3,0,0,29.1,33.9,24.1,0.73,3,26.57894737,2.105263158,8.144536737,0.401450132,0.018679544,Yes,No,High,Safe,At Risk
25-03-2024 17:00,March,286.5,96.3,1,28.35,7.89,7.97,2.79,3,3,0,0,29.1,33.9,24.1,0.73,3,26.63157895,1.842105263,8.135654429,0.40352261,0.01877215,No,No,High,Safe,At Risk
25-03-2024 18:00,March,286.5,96.3,1,28.35,7.89,7.97,2.79,3,3,0,0,29.1,33.9,24.1,0.73,3,26.68421053,1.578947368,8.126772121,0.405595088,0.018864755,Yes,No,High,Safe,At Risk
25-03-2024 19:00,March,286.5,96.3,1,28.35,7.89,7.97,2.79,3,3,0,0,29.1,33.9,24.1,0.73,3,26.73684211,1.315789474,8.117889813,0.407667565,0.018957361,No,No,High,Safe,At Risk
25-03-2024 20:00,March,286.5,96.3,1,28.35,7.89,7.97,2.79,3,3,0,0,29.1,33.9,24.1,0.73,3,26.78947368,1.052631579,8.109007505,0.409740043,0.019049966,Yes,No,High,Safe,At Risk
25-03-2024 21:00,March,286.5,96.3,1,28.35,7.89,7.97,2.79,3,3,0,0,29.1,33.9,24.1,0.73,3,26.84210526,0.789473684,8.100125197,0.41181252,0.019142572,No,No,High,Safe,At Risk
25-03-2024 22:00,March,286.5,96.3,1,28.35,7.89,7.97,2.79,3,3,0,1,29.1,33.9,24.1,0.73,3,26.89473684,0.526315789,8.091242889,0.413884998,0.019235177,Yes,No,High,Safe,At Risk
25-03-2024 23:00,March,286.5,96.3,1,28.35,7.89,7.97,2.79,3,3,0,0,29.1,33.9,24.1,0.73,3,26.94736842,0.263157895,8.082360581,0.415957476,0.019327783,No,No,High,Safe,At Risk
26-03-2024 00:00,March,286.5,96.3,1,28.35,7.89,7.97,2.79,3,3,0,0,29.1,33.9,24.1,0.73,3,27,0,8.073478273,0.418029953,0.019420388,Yes,No,High,Safe,At Risk
26-03-2024 01:00,March,286.5,96.3,1,28.35,7.89,7.97,2.79,3,3,0,0,29.1,33.9,24.1,0.73,3,27,1,8.58181339,0.326022517,0.129993471,No,No,High,Safe,At Risk
26-03-2024 02:00,March,286.5,96.3,1,28.35,7.89,7.97,2.79,3,3,0,1,29.1,33.9,24.1,0.73,3,27,2,8.075631991,0.37257907,0.439570282,Yes,No,High,Safe,At Risk
26-03-2024 03:00,March,286.5,96.3,1,28.35,7.89,7.97,2.79,3,3,0,1,29.1,33.9,24.1,0.73,3,27,3,8.173064527,0.249353883,0.927167023,No,No,High,Safe,At Risk
26-03-2024 04:00,March,286.5,96.3,1,28.35,7.89,7.97,2.79,3,3,0,0,29.1,33.9,24.1,0.73,3,27,4,7.546426636,0.950160614,0.001681981,Yes,No,High,Safe,At Risk
26-03-2024 05:00,March,286.5,96.3,1,28.35,7.89,7.97,2.79,3,3,1,0,29.1,33.9,24.1,0.73,3,27,5,8.018288141,0.373795659,0.019219886,No,No,High,Safe,At Risk
26-03-2024 06:00,March,286.5,96.3,1,28.35,7.89,7.97,2.79,3,3,0,1,29.1,33.9,24.1,0.73,3,27.05263158,4.736842105,8.001100898,0.404009488,0.017934653,Yes,No,High,Safe,At Risk
26-03-2024 07:00,March,286.5,96.3,1,28.35,7.89,7.97,2.79,3,3,1,0,29.1,33.9,24.1,0.73,3,27.10526316,4.473684211,7.983913654,0.434223316,0.01664942,No,No,High,Safe,At Risk
26-03-2024 08:00,March,286.5,96.3,1,28.35,7.89,7.97,2.79,3,3,1,0,29.1,33.9,24.1,0.73,3,27.15789474,4.210526316,7.96672641,0.464437145,0.015364187,Yes,No,High,Safe,At Risk
26-03-2024 09:00,March,286.5,96.3,1,28.35,7.89,7.97,2.79,3,3,0,0,29.1,33.9,24.1,0.73,3,27.21052632,3.947368421,7.949539167,0.494650973,0.014078954,No,No,High,Safe,At Risk
26-03-2024 10:00,March,286.5,96.3,1,28.35,7.89,7.97,2.79,3,3,0,0,29.1,33.9,24.1,0.73,3,27.26315789,3.684210526,7.932351923,0.524864802,0.012793721,Yes,No,High,Safe,At Risk
26-03-2024 11:00,March,286.5,96.3,1,28.35,7.89,7.97,2.79,3,3,1,0,29.1,33.9,24.1,0.73,3,27.31578947,3.421052632,7.915164679,0.55507863,0.011508488,No,No,High,Safe,At Risk
26-03-2024 12:00,March,286.5,96.3,1,28.35,7.89,7.97,2.79,3,3,0,0,29.1,33.9,24.1,0.73,3,27.36842105,3.157894737,7.897977436,0.585292459,0.010223255,Yes,No,High,Safe,At Risk
26-03-2024 13:00,March,286.5,96.3,1,28.35,7.89,7.97,2.79,3,3,0,0,29.1,33.9,24.1,0.73,3,27.42105263,2.894736842,7.880790192,0.615506287,0.008938022,No,No,High,Safe,At Risk
26-03-2024 14:00,March,286.5,96.3,1,28.35,7.89,7.97,2.79,3,3,0,0,29.1,33.9,24.1,0.73,3,27.47368421,2.631578947,7.863602948,0.645720116,0.007652789,Yes,No,High,Safe,At Risk
26-03-2024 15:00,March,286.5,96.3,1,28.35,7.89,7.97,2.79,3,3,0,0,29.1,33.9,24.1,0.73,3,27.52631579,2.368421053,7.846415705,0.675933944,0.006367556,No,No,High,Safe,At Risk
26-03-2024 16:00,March,286.5,96.3,1,28.35,7.89,7.97,2.79,3,3,0,0,29.1,33.9,24.1,0.73,3,27.57894737,2.105263158,7.829228461,0.706147773,0.005082323,Yes,No,High,Safe,At Risk
26-03-2024 17:00,March,286.5,96.3,1,28.35,7.89,7.97,2.79,3,3,0,0,29.1,33.9,24.1,0.73,3,27.63157895,1.842105263,7.812041217,0.736361601,0.00379709,No,No,High,Safe,At Risk
26-03-2024 18:00,March,286.5,96.3,1,28.35,7.89,7.97,2.79,3,3,0,0,29.1,33.9,24.1,0.73,3,27.68421053,1.578947368,7.794853974,0.76657543,0.002511857,Yes,No,High,Safe,At Risk
26-03-2024 19:00,March,286.5,96.3,1,28.35,7.89,7.97,2.79,3,3,0,0,29.1,33.9,24.1,0.73,3,27.73684211,1.315789474,7.77766673,0.796789258,0.001226624,No,No,High,Safe,At Risk
26-03-2024 20:00,March,286.5,96.3,1,28.35,7.89,7.97,2.79,3,3,1,0,29.1,33.9,24.1,0.73,3,27.78947368,1.052631579,7.760479486,0.827003087,-5.86E-05,Yes,No,High,Safe,At Risk
26-03-2024 21:00,March,286.5,96.3,1,28.35,7.89,7.97,2.79,3,3,0,0,29.1,33.9,24.1,0.73,3,27.84210526,0.789473684,7.743292243,0.857216915,-0.001343841,No,No,High,Safe,At Risk
26-03-2024 22:00,March,286.5,96.3,1,28.35,7.89,7.97,2.79,3,3,0,0,29.1,33.9,24.1,0.73,3,27.89473684,0.526315789,7.726104999,0.887430744,-0.002629074,Yes,No,High,Safe,At Risk
26-03-2024 23:00,March,286.5,96.3,1,28.35,7.89,7.97,2.79,3,3,0,0,29.1,33.9,24.1,0.73,3,27.94736842,0.263157895,7.708917755,0.917644572,-0.003914307,No,No,High,Safe,At Risk
27-03-2024 00:00,March,286.5,96.3,1,28.35,7.89,7.97,2.79,3,3,0,0,29.1,33.9,24.1,0.73,3,28,0,7.691730512,0.947858401,-0.00519954,Yes,No,High,Safe,At Risk
27-03-2024 01:00,March,286.5,96.3,1,28.35,7.89,7.97,2.79,3,3,0,0,29.1,33.9,24.1,0.73,3,28,1,8.343231114,0.367088476,0.117736676,No,No,High,Safe,At Risk
27-03-2024 02:00,March,286.5,96.3,1,28.35,7.89,7.97,2.79,3,3,1,0,29.1,33.9,24.1,0.73,3,28,2,7.905980056,1.006052402,-0.044951497,Yes,No,High,Safe,At Risk
27-03-2024 03:00,March,286.5,96.3,1,28.35,7.89,7.97,2.79,3,3,0,0,29.1,33.9,24.1,0.73,3,28,3,8.110001488,0.243804922,0.924302756,No,No,High,Safe,At Risk
27-03-2024 04:00,March,286.5,96.3,1,28.35,7.89,7.97,2.79,3,3,1,0,29.1,33.9,24.1,0.73,3,28,4,8.225565695,0.279387876,0.845158143,Yes,No,High,Safe,At Risk
27-03-2024 05:00,March,286.5,96.3,1,28.35,7.89,7.97,2.79,3,3,0,0,29.1,33.9,24.1,0.73,3,28,5,8.17697772,0.397962101,0.004335011,No,No,High,Safe,At Risk
27-03-2024 06:00,March,286.3932967,96.2632967,1,28.34285714,7.873516484,7.969340659,2.803076923,3.010989011,3.010989011,0,0,29.1,33.9,24.1,0.774175824,3.010989011,27.7032967,4.945054945,8.176331273,0.397879449,0.004563572,Yes,No,High,Safe,At Risk
27-03-2024 07:00,March,286.2865934,96.22659341,1,28.33571429,7.857032967,7.968681319,2.816153846,3.021978022,3.021978022,0,0,29.1,33.9,24.1,0.818351648,3.021978022,27.40659341,4.89010989,8.175684827,0.397796797,0.004792132,No,No,High,Safe,At Risk
27-03-2024 08:00,March,286.1798901,96.18989011,1,28.32857143,7.840549451,7.968021978,2.829230769,3.032967033,3.032967033,0,1,29.1,33.9,24.1,0.862527473,3.032967033,27.10989011,4.835164835,8.175038381,0.397714145,0.005020692,Yes,No,High,Safe,At Risk
27-03-2024 09:00,March,286.0731868,96.15318681,1,28.32142857,7.824065934,7.967362637,2.842307692,3.043956044,3.043956044,1,1,29.1,33.9,24.1,0.906703297,3.043956044,26.81318681,4.78021978,8.174391935,0.397631493,0.005249252,No,No,High,Safe,At Risk
27-03-2024 10:00,March,285.9664835,96.11648352,1,28.31428571,7.807582418,7.966703297,2.855384615,3.054945055,3.054945055,0,0,29.1,33.9,24.1,0.950879121,3.054945055,26.51648352,4.725274725,8.173745488,0.397548842,0.005477812,Yes,No,High,Safe,At Risk
27-03-2024 11:00,March,285.8597802,96.07978022,1,28.30714286,7.791098901,7.966043956,2.868461538,3.065934066,3.065934066,0,0,29.1,33.9,24.1,0.995054945,3.065934066,26.21978022,4.67032967,8.173099042,0.39746619,0.005706372,No,No,High,Safe,At Risk
27-03-2024 12:00,March,285.7530769,96.04307692,1,28.3,7.774615385,7.965384615,2.881538462,3.076923077,3.076923077,0,1,29.1,33.9,24.1,1.039230769,3.076923077,25.92307692,4.615384615,8.172452596,0.397383538,0.005934932,Yes,No,High,Safe,At Risk
27-03-2024 13:00,March,285.6463736,96.00637363,1,28.29285714,7.758131868,7.964725275,2.894615385,3.087912088,3.087912088,0,0,29.1,33.9,24.1,1.083406593,3.087912088,25.62637363,4.56043956,8.17180615,0.397300886,0.006163492,No,No,High,Safe,At Risk
27-03-2024 14:00,March,285.5396703,95.96967033,1,28.28571429,7.741648352,7.964065934,2.907692308,3.098901099,3.098901099,0,1,29.1,33.9,24.1,1.127582418,3.098901099,25.32967033,4.505494505,8.171159703,0.397218234,0.006392052,Yes,No,High,Safe,At Risk
27-03-2024 15:00,March,285.432967,95.93296703,1,28.27857143,7.725164835,7.963406593,2.920769231,3.10989011,3.10989011,0,0,29.1,33.9,24.1,1.171758242,3.10989011,25.03296703,4.450549451,8.170513257,0.397135583,0.006620612,No,No,High,Safe,At Risk
27-03-2024 16:00,March,285.3262637,95.89626374,1,28.27142857,7.708681319,7.962747253,2.933846154,3.120879121,3.120879121,0,0,29.1,33.9,24.1,1.215934066,3.120879121,24.73626374,4.395604396,8.169866811,0.397052931,0.006849173,Yes,No,High,Safe,At Risk
27-03-2024 17:00,March,285.2195604,95.85956044,1,28.26428571,7.692197802,7.962087912,2.946923077,3.131868132,3.131868132,0,0,29.1,33.9,24.1,1.26010989,3.131868132,24.43956044,4.340659341,8.169220365,0.396970279,0.007077733,No,No,High,Safe,At Risk
27-03-2024 18:00,March,285.1128571,95.82285714,1,28.25714286,7.675714286,7.961428571,2.96,3.142857143,3.142857143,0,0,29.1,33.9,24.1,1.304285714,3.142857143,24.14285714,4.285714286,8.168573918,0.396887627,0.007306293,Yes,No,High,Safe,At Risk
27-03-2024 19:00,March,285.0061538,95.78615385,1,28.25,7.659230769,7.960769231,2.973076923,3.153846154,3.153846154,0,0,29.1,33.9,24.1,1.348461538,3.153846154,23.84615385,4.230769231,8.167927472,0.396804975,0.007534853,No,No,High,Safe,At Risk
27-03-2024 20:00,March,284.8994505,95.74945055,1,28.24285714,7.642747253,7.96010989,2.986153846,3.164835165,3.164835165,1,0,29.1,33.9,24.1,1.392637363,3.164835165,23.54945055,4.175824176,8.167281026,0.396722324,0.007763413,Yes,No,High,Safe,At Risk
27-03-2024 21:00,March,284.7927473,95.71274725,1,28.23571429,7.626263736,7.959450549,2.999230769,3.175824176,3.175824176,0,0,29.1,33.9,24.1,1.436813187,3.175824176,23.25274725,4.120879121,8.16663458,0.396639672,0.007991973,No,No,High,Safe,At Risk
27-03-2024 22:00,March,284.686044,95.67604396,1,28.22857143,7.60978022,7.958791209,3.012307692,3.186813187,3.186813187,0,0,29.1,33.9,24.1,1.480989011,3.186813187,22.95604396,4.065934066,8.165988133,0.39655702,0.008220533,Yes,No,High,Safe,At Risk
27-03-2024 23:00,March,284.5793407,95.63934066,1,28.22142857,7.593296703,7.958131868,3.025384615,3.197802198,3.197802198,0,0,29.1,33.9,24.1,1.525164835,3.197802198,22.65934066,4.010989011,8.165341687,0.396474368,0.008449093,No,No,High,Safe,At Risk
28-03-2024 00:00,March,284.4726374,95.60263736,1,28.21428571,7.576813187,7.957472527,3.038461538,3.208791209,3.208791209,1,0,29.1,33.9,24.1,1.569340659,3.208791209,22.36263736,3.956043956,8.164695241,0.396391716,0.008677653,Yes,No,High,Safe,At Risk
28-03-2024 01:00,March,284.3659341,95.56593407,1,28.20714286,7.56032967,7.956813187,3.051538462,3.21978022,3.21978022,0,0,29.1,33.9,24.1,1.613516484,3.21978022,22.06593407,3.901098901,8.164048795,0.396309065,0.008906213,No,No,High,Safe,At Risk
28-03-2024 02:00,March,284.2592308,95.52923077,1,28.2,7.543846154,7.956153846,3.064615385,3.230769231,3.230769231,0,0,29.1,33.9,24.1,1.657692308,3.230769231,21.76923077,3.846153846,8.163402348,0.396226413,0.009134773,Yes,No,High,Safe,At Risk
28-03-2024 03:00,March,284.1525275,95.49252747,1,28.19285714,7.527362637,7.955494505,3.077692308,3.241758242,3.241758242,0,0,29.1,33.9,24.1,1.701868132,3.241758242,21.47252747,3.791208791,8.162755902,0.396143761,0.009363334,No,No,High,Safe,At Risk
28-03-2024 04:00,March,284.0458242,95.45582418,1,28.18571429,7.510879121,7.954835165,3.090769231,3.252747253,3.252747253,1,0,29.1,33.9,24.1,1.746043956,3.252747253,21.17582418,3.736263736,8.162109456,0.396061109,0.009591894,Yes,No,High,Safe,At Risk
28-03-2024 05:00,March,283.9391209,95.41912088,1,28.17857143,7.494395604,7.954175824,3.103846154,3.263736264,3.263736264,0,0,29.1,33.9,24.1,1.79021978,3.263736264,20.87912088,3.681318681,8.16146301,0.395978457,0.009820454,No,No,High,Safe,At Risk
28-03-2024 06:00,March,283.8324176,95.38241758,1,28.17142857,7.477912088,7.953516484,3.116923077,3.274725275,3.274725275,1,0,29.1,33.9,24.1,1.834395604,3.274725275,20.58241758,3.626373626,8.160816563,0.395895806,0.010049014,Yes,No,High,Safe,At Risk
28-03-2024 07:00,March,283.7257143,95.34571429,1,28.16428571,7.461428571,7.952857143,3.13,3.285714286,3.285714286,0,0,29.1,33.9,24.1,1.878571429,3.285714286,20.28571429,3.571428571,8.160170117,0.395813154,0.010277574,No,No,High,Safe,At Risk
28-03-2024 08:00,March,283.619011,95.30901099,1,28.15714286,7.444945055,7.952197802,3.143076923,3.296703297,3.296703297,0,1,29.1,33.9,24.1,1.922747253,3.296703297,19.98901099,3.516483516,8.159523671,0.395730502,0.010506134,Yes,No,High,Safe,At Risk
28-03-2024 09:00,March,283.5123077,95.27230769,1,28.15,7.428461538,7.951538462,3.156153846,3.307692308,3.307692308,0,0,29.1,33.9,24.1,1.966923077,3.307692308,19.69230769,3.461538462,8.158877225,0.39564785,0.010734694,No,No,High,Safe,At Risk
28-03-2024 10:00,March,283.4056044,95.2356044,1,28.14285714,7.411978022,7.950879121,3.169230769,3.318681319,3.318681319,0,0,29.1,33.9,24.1,2.011098901,3.318681319,19.3956044,3.406593407,8.158230778,0.395565199,0.010963254,Yes,No,High,Safe,At Risk
28-03-2024 11:00,March,283.2989011,95.1989011,1,28.13571429,7.395494505,7.95021978,3.182307692,3.32967033,3.32967033,0,0,29.1,33.9,24.1,2.055274725,3.32967033,19.0989011,3.351648352,8.157584332,0.395482547,0.011191814,No,No,High,Safe,At Risk
28-03-2024 12:00,March,283.1921978,95.1621978,1,28.12857143,7.379010989,7.94956044,3.195384615,3.340659341,3.340659341,0,0,29.1,33.9,24.1,2.099450549,3.340659341,18.8021978,3.296703297,8.156937886,0.395399895,0.011420374,Yes,No,High,Safe,At Risk
28-03-2024 13:00,March,283.0854945,95.12549451,1,28.12142857,7.362527473,7.948901099,3.208461538,3.351648352,3.351648352,0,0,29.1,33.9,24.1,2.143626374,3.351648352,18.50549451,3.241758242,8.15629144,0.395317243,0.011648934,No,No,High,Safe,At Risk
28-03-2024 14:00,March,282.9787912,95.08879121,1,28.11428571,7.346043956,7.948241758,3.221538462,3.362637363,3.362637363,0,0,29.1,33.9,24.1,2.187802198,3.362637363,18.20879121,3.186813187,8.155644993,0.395234591,0.011877495,Yes,No,High,Safe,At Risk
28-03-2024 15:00,March,282.8720879,95.05208791,1,28.10714286,7.32956044,7.947582418,3.234615385,3.373626374,3.373626374,0,1,29.1,33.9,24.1,2.231978022,3.373626374,17.91208791,3.131868132,8.154998547,0.39515194,0.012106055,No,No,High,Safe,At Risk
28-03-2024 16:00,March,282.7653846,95.01538462,1,28.1,7.313076923,7.946923077,3.247692308,3.384615385,3.384615385,0,0,29.1,33.9,24.1,2.276153846,3.384615385,17.61538462,3.076923077,8.154352101,0.395069288,0.012334615,Yes,No,High,Safe,At Risk
28-03-2024 17:00,March,282.6586813,94.97868132,1,28.09285714,7.296593407,7.946263736,3.260769231,3.395604396,3.395604396,0,0,29.1,33.9,24.1,2.32032967,3.395604396,17.31868132,3.021978022,8.153705655,0.394986636,0.012563175,No,No,High,Safe,At Risk
28-03-2024 18:00,March,282.551978,94.94197802,1,28.08571429,7.28010989,7.945604396,3.273846154,3.406593407,3.406593407,1,0,29.1,33.9,24.1,2.364505495,3.406593407,17.02197802,2.967032967,8.153059208,0.394903984,0.012791735,Yes,No,High,Safe,At Risk
28-03-2024 19:00,March,282.4452747,94.90527473,1,28.07857143,7.263626374,7.944945055,3.286923077,3.417582418,3.417582418,0,0,29.1,33.9,24.1,2.408681319,3.417582418,16.72527473,2.912087912,8.152412762,0.394821332,0.013020295,No,No,High,Safe,At Risk
28-03-2024 20:00,March,282.3385714,94.86857143,1,28.07142857,7.247142857,7.944285714,3.3,3.428571429,3.428571429,0,0,29.1,33.9,24.1,2.452857143,3.428571429,16.42857143,2.857142857,8.151766316,0.394738681,0.013248855,Yes,No,High,Safe,At Risk
28-03-2024 21:00,March,282.2318681,94.83186813,1,28.06428571,7.230659341,7.943626374,3.313076923,3.43956044,3.43956044,1,0,29.1,33.9,24.1,2.497032967,3.43956044,16.13186813,2.802197802,8.15111987,0.394656029,0.013477415,No,No,High,Safe,At Risk
28-03-2024 22:00,March,282.1251648,94.79516484,1,28.05714286,7.214175824,7.942967033,3.326153846,3.450549451,3.450549451,0,0,29.1,33.9,24.1,2.541208791,3.450549451,15.83516484,2.747252747,8.150473423,0.394573377,0.013705975,Yes,No,High,Safe,At Risk
28-03-2024 23:00,March,282.0184615,94.75846154,1,28.05,7.197692308,7.942307692,3.339230769,3.461538462,3.461538462,0,0,29.1,33.9,24.1,2.585384615,3.461538462,15.53846154,2.692307692,8.149826977,0.394490725,0.013934535,No,No,High,Safe,At Risk
29-03-2024 00:00,March,281.9117582,94.72175824,1,28.04285714,7.181208791,7.941648352,3.352307692,3.472527473,3.472527473,0,0,29.1,33.9,24.1,2.62956044,3.472527473,15.24175824,2.637362637,8.149180531,0.394408073,0.014163096,Yes,No,High,Safe,At Risk
29-03-2024 01:00,March,281.8050549,94.68505495,1,28.03571429,7.164725275,7.940989011,3.365384615,3.483516484,3.483516484,0,0,29.1,33.9,24.1,2.673736264,3.483516484,14.94505495,2.582417582,8.148534085,0.394325422,0.014391656,No,No,High,Safe,At Risk
29-03-2024 02:00,March,281.6983516,94.64835165,1,28.02857143,7.148241758,7.94032967,3.378461538,3.494505495,3.494505495,0,0,29.1,33.9,24.1,2.717912088,3.494505495,14.64835165,2.527472527,8.147887638,0.39424277,0.014620216,Yes,No,High,Safe,At Risk
29-03-2024 03:00,March,281.5916484,94.61164835,1,28.02142857,7.131758242,7.93967033,3.391538462,3.505494505,3.505494505,1,0,29.1,33.9,24.1,2.762087912,3.505494505,14.35164835,2.472527473,8.147241192,0.394160118,0.014848776,No,No,High,Safe,At Risk
29-03-2024 04:00,March,281.4849451,94.57494505,1,28.01428571,7.115274725,7.939010989,3.404615385,3.516483516,3.516483516,0,0,29.1,33.9,24.1,2.806263736,3.516483516,14.05494505,2.417582418,8.146594746,0.394077466,0.015077336,Yes,No,High,Safe,At Risk
29-03-2024 05:00,March,281.3782418,94.53824176,1,28.00714286,7.098791209,7.938351648,3.417692308,3.527472527,3.527472527,0,1,29.1,33.9,24.1,2.85043956,3.527472527,13.75824176,2.362637363,8.1459483,0.393994814,0.015305896,No,No,High,Safe,At Risk
29-03-2024 06:00,March,281.2715385,94.50153846,1,28,7.082307692,7.937692308,3.430769231,3.538461538,3.538461538,1,1,29.1,33.9,24.1,2.894615385,3.538461538,13.46153846,2.307692308,8.145301853,0.393912163,0.015534456,Yes,No,Normal,Safe,Stable
29-03-2024 07:00,March,281.1648352,94.46483516,1,27.99285714,7.065824176,7.937032967,3.443846154,3.549450549,3.549450549,0,0,29.1,33.9,24.1,2.938791209,3.549450549,13.16483516,2.252747253,8.144655407,0.393829511,0.015763016,No,No,Normal,Safe,Stable
29-03-2024 08:00,March,281.0581319,94.42813187,1,27.98571429,7.049340659,7.936373626,3.456923077,3.56043956,3.56043956,0,0,29.1,33.9,24.1,2.982967033,3.56043956,12.86813187,2.197802198,8.144008961,0.393746859,0.015991576,Yes,No,Normal,Safe,Stable
29-03-2024 09:00,March,280.9514286,94.39142857,1,27.97857143,7.032857143,7.935714286,3.47,3.571428571,3.571428571,1,0,29.1,33.9,24.1,3.027142857,3.571428571,12.57142857,2.142857143,8.143362515,0.393664207,0.016220136,No,No,Normal,Safe,Stable
29-03-2024 10:00,March,280.8447253,94.35472527,1,27.97142857,7.016373626,7.935054945,3.483076923,3.582417582,3.582417582,0,0,29.1,33.9,24.1,3.071318681,3.582417582,12.27472527,2.087912088,8.142716068,0.393581555,0.016448696,Yes,No,Normal,Safe,Stable
29-03-2024 11:00,March,280.738022,94.31802198,1,27.96428571,6.99989011,7.934395604,3.496153846,3.593406593,3.593406593,0,0,29.1,33.9,24.1,3.115494505,3.593406593,11.97802198,2.032967033,8.142069622,0.393498904,0.016677257,No,No,Normal,Safe,Stable
29-03-2024 12:00,March,280.6313187,94.28131868,1,27.95714286,6.983406593,7.933736264,3.509230769,3.604395604,3.604395604,0,0,29.1,33.9,24.1,3.15967033,3.604395604,11.68131868,1.978021978,8.141423176,0.393416252,0.016905817,Yes,No,Normal,Safe,Stable
29-03-2024 13:00,March,280.5246154,94.24461538,1,27.95,6.966923077,7.933076923,3.522307692,3.615384615,3.615384615,0,0,29.1,33.9,24.1,3.203846154,3.615384615,11.38461538,1.923076923,8.14077673,0.3933336,0.017134377,No,No,Normal,Safe,Stable
29-03-2024 14:00,March,280.4179121,94.20791209,1,27.94285714,6.95043956,7.932417582,3.535384615,3.626373626,3.626373626,1,0,29.1,33.9,24.1,3.248021978,3.626373626,11.08791209,1.868131868,8.140130283,0.393250948,0.017362937,Yes,No,Normal,Safe,Stable
29-03-2024 15:00,March,280.3112088,94.17120879,1,27.93571429,6.933956044,7.931758242,3.548461538,3.637362637,3.637362637,1,0,29.1,33.9,24.1,3.292197802,3.637362637,10.79120879,1.813186813,8.139483837,0.393168297,0.017591497,No,No,Normal,Safe,Stable
29-03-2024 16:00,March,280.2045055,94.13450549,1,27.92857143,6.917472527,7.931098901,3.561538462,3.648351648,3.648351648,1,1,29.1,33.9,24.1,3.336373626,3.648351648,10.49450549,1.758241758,8.138837391,0.393085645,0.017820057,Yes,No,Normal,Safe,Stable
29-03-2024 17:00,March,280.0978022,94.0978022,1,27.92142857,6.900989011,7.93043956,3.574615385,3.659340659,3.659340659,0,0,29.1,33.9,24.1,3.380549451,3.659340659,10.1978022,1.703296703,8.138190945,0.393002993,0.018048617,No,No,Normal,Safe,Stable
29-03-2024 18:00,March,279.9910989,94.0610989,1,27.91428571,6.884505495,7.92978022,3.587692308,3.67032967,3.67032967,0,0,29.1,33.9,24.1,3.424725275,3.67032967,9.901098901,1.648351648,8.137544498,0.392920341,0.018277177,Yes,No,Normal,Safe,Stable
29-03-2024 19:00,March,279.8843956,94.0243956,1,27.90714286,6.868021978,7.929120879,3.600769231,3.681318681,3.681318681,1,1,29.1,33.9,24.1,3.468901099,3.681318681,9.604395604,1.593406593,8.136898052,0.392837689,0.018505737,No,No,Normal,Safe,Stable
29-03-2024 20:00,March,279.7776923,93.98769231,1,27.9,6.851538462,7.928461538,3.613846154,3.692307692,3.692307692,1,0,29.1,33.9,24.1,3.513076923,3.692307692,9.307692308,1.538461538,8.136251606,0.392755038,0.018734297,Yes,No,Normal,Safe,Stable
29-03-2024 21:00,March,279.670989,93.95098901,1,27.89285714,6.835054945,7.927802198,3.626923077,3.703296703,3.703296703,0,0,29.1,33.9,24.1,3.557252747,3.703296703,9.010989011,1.483516484,8.13560516,0.392672386,0.018962857,No,No,Normal,Safe,Stable
29-03-2024 22:00,March,279.5642857,93.91428571,1,27.88571429,6.818571429,7.927142857,3.64,3.714285714,3.714285714,0,0,29.1,33.9,24.1,3.601428571,3.714285714,8.714285714,1.428571429,8.134958713,0.392589734,0.019191418,Yes,No,Normal,Safe,Stable
29-03-2024 23:00,March,279.4575824,93.87758242,1,27.87857143,6.802087912,7.926483516,3.653076923,3.725274725,3.725274725,0,0,29.1,33.9,24.1,3.645604396,3.725274725,8.417582418,1.373626374,8.134312267,0.392507082,0.019419978,No,No,Normal,Safe,Stable
30-03-2024 00:00,March,279.3508791,93.84087912,1,27.87142857,6.785604396,7.925824176,3.666153846,3.736263736,3.736263736,0,1,29.1,33.9,24.1,3.68978022,3.736263736,8.120879121,1.318681319,8.133665821,0.39242443,0.019648538,Yes,No,Normal,Safe,Stable
30-03-2024 01:00,March,279.2441758,93.80417582,1,27.86428571,6.769120879,7.925164835,3.679230769,3.747252747,3.747252747,0,0,29.1,33.9,24.1,3.733956044,3.747252747,7.824175824,1.263736264,8.133019375,0.392341779,0.019877098,No,No,Normal,Safe,Stable
30-03-2024 02:00,March,279.1374725,93.76747253,1,27.85714286,6.752637363,7.924505495,3.692307692,3.758241758,3.758241758,0,0,29.1,33.9,24.1,3.778131868,3.758241758,7.527472527,1.208791209,8.132372928,0.392259127,0.020105658,Yes,No,Normal,Safe,Stable
30-03-2024 03:00,March,279.0307692,93.73076923,1,27.85,6.736153846,7.923846154,3.705384615,3.769230769,3.769230769,1,0,29.1,33.9,24.1,3.822307692,3.769230769,7.230769231,1.153846154,8.131726482,0.392176475,0.020334218,No,No,Normal,Safe,Stable
30-03-2024 04:00,March,278.9240659,93.69406593,1,27.84285714,6.71967033,7.923186813,3.718461538,3.78021978,3.78021978,0,0,29.1,33.9,24.1,3.866483516,3.78021978,6.934065934,1.098901099,8.131080036,0.392093823,0.020562778,Yes,No,Normal,Safe,Stable
30-03-2024 05:00,March,278.8173626,93.65736264,1,27.83571429,6.703186813,7.922527473,3.731538462,3.791208791,3.791208791,0,0,29.1,33.9,24.1,3.910659341,3.791208791,6.637362637,1.043956044,8.13043359,0.392011171,0.020791338,No,No,Normal,Safe,Stable
30-03-2024 06:00,March,278.7106593,93.62065934,1,27.82857143,6.686703297,7.921868132,3.744615385,3.802197802,3.802197802,0,0,29.1,33.9,24.1,3.954835165,3.802197802,6.340659341,0.989010989,8.129787143,0.39192852,0.021019898,Yes,No,Normal,Safe,Stable
30-03-2024 07:00,March,278.603956,93.58395604,1,27.82142857,6.67021978,7.921208791,3.757692308,3.813186813,3.813186813,0,0,29.1,33.9,24.1,3.999010989,3.813186813,6.043956044,0.934065934,8.129140697,0.391845868,0.021248458,No,No,Normal,Safe,Stable
30-03-2024 08:00,March,278.4972527,93.54725275,1,27.81428571,6.653736264,7.920549451,3.770769231,3.824175824,3.824175824,0,0,29.1,33.9,24.1,4.043186813,3.824175824,5.747252747,0.879120879,8.128494251,0.391763216,0.021477019,Yes,No,Normal,Safe,Stable
30-03-2024 09:00,March,278.3905495,93.51054945,1,27.80714286,6.637252747,7.91989011,3.783846154,3.835164835,3.835164835,0,0,29.1,33.9,24.1,4.087362637,3.835164835,5.450549451,0.824175824,8.127847805,0.391680564,0.021705579,No,No,Normal,Safe,Stable
30-03-2024 10:00,March,278.2838462,93.47384615,1,27.8,6.620769231,7.919230769,3.796923077,3.846153846,3.846153846,1,0,29.1,33.9,24.1,4.131538462,3.846153846,5.153846154,0.769230769,8.127201358,0.391597912,0.021934139,Yes,No,Normal,Safe,Stable
30-03-2024 11:00,March,278.1771429,93.43714286,1,27.79285714,6.604285714,7.918571429,3.81,3.857142857,3.857142857,0,0,29.1,33.9,24.1,4.175714286,3.857142857,4.857142857,0.714285714,8.126554912,0.391515261,0.022162699,No,No,Normal,Safe,Stable
30-03-2024 12:00,March,278.0704396,93.40043956,1,27.78571429,6.587802198,7.917912088,3.823076923,3.868131868,3.868131868,0,0,29.1,33.9,24.1,4.21989011,3.868131868,4.56043956,0.659340659,8.125908466,0.391432609,0.022391259,Yes,No,Normal,Safe,Stable
30-03-2024 13:00,March,277.9637363,93.36373626,1,27.77857143,6.571318681,7.917252747,3.836153846,3.879120879,3.879120879,0,0,29.1,33.9,24.1,4.264065934,3.879120879,4.263736264,0.604395604,8.12526202,0.391349957,0.022619819,No,No,Normal,Safe,Stable
30-03-2024 14:00,March,277.857033,93.32703297,1,27.77142857,6.554835165,7.916593407,3.849230769,3.89010989,3.89010989,0,0,29.1,33.9,24.1,4.308241758,3.89010989,3.967032967,0.549450549,8.124615573,0.391267305,0.022848379,Yes,No,Normal,Safe,Stable
30-03-2024 15:00,March,277.7503297,93.29032967,1,27.76428571,6.538351648,7.915934066,3.862307692,3.901098901,3.901098901,0,0,29.1,33.9,24.1,4.352417582,3.901098901,3.67032967,0.494505495,8.123969127,0.391184653,0.023076939,No,No,Normal,Safe,Stable
30-03-2024 16:00,March,277.6436264,93.25362637,1,27.75714286,6.521868132,7.915274725,3.875384615,3.912087912,3.912087912,0,0,29.1,33.9,24.1,4.396593407,3.912087912,3.373626374,0.43956044,8.123322681,0.391102002,0.023305499,Yes,No,Normal,Safe,Stable
30-03-2024 17:00,March,277.5369231,93.21692308,1,27.75,6.505384615,7.914615385,3.888461538,3.923076923,3.923076923,0,0,29.1,33.9,24.1,4.440769231,3.923076923,3.076923077,0.384615385,8.122676235,0.39101935,0.023534059,No,No,Normal,Safe,Stable
30-03-2024 18:00,March,277.4302198,93.18021978,1,27.74285714,6.488901099,7.913956044,3.901538462,3.934065934,3.934065934,0,0,29.1,33.9,24.1,4.484945055,3.934065934,2.78021978,0.32967033,8.122029788,0.390936698,0.023762619,Yes,No,Normal,Safe,Stable
30-03-2024 19:00,March,277.3235165,93.14351648,1,27.73571429,6.472417582,7.913296703,3.914615385,3.945054945,3.945054945,1,0,29.1,33.9,24.1,4.529120879,3.945054945,2.483516484,0.274725275,8.121383342,0.390854046,0.02399118,No,No,Normal,Safe,Stable
30-03-2024 20:00,March,277.2168132,93.10681319,1,27.72857143,6.455934066,7.912637363,3.927692308,3.956043956,3.956043956,0,0,29.1,33.9,24.1,4.573296703,3.956043956,2.186813187,0.21978022,8.120736896,0.390771395,0.02421974,Yes,No,Normal,Safe,Stable
30-03-2024 21:00,March,277.1101099,93.07010989,1,27.72142857,6.439450549,7.911978022,3.940769231,3.967032967,3.967032967,0,0,29.1,33.9,24.1,4.617472527,3.967032967,1.89010989,0.164835165,8.12009045,0.390688743,0.0244483,No,No,Normal,Safe,Stable
30-03-2024 22:00,March,277.0034066,93.03340659,1,27.71428571,6.422967033,7.911318681,3.953846154,3.978021978,3.978021978,0,0,29.1,33.9,24.1,4.661648352,3.978021978,1.593406593,0.10989011,8.119444003,0.390606091,0.02467686,Yes,No,Normal,Safe,Stable
30-03-2024 23:00,March,276.8967033,92.9967033,1,27.70714286,6.406483516,7.910659341,3.966923077,3.989010989,3.989010989,0,0,29.1,33.9,24.1,4.705824176,3.989010989,1.296703297,0.054945055,8.118797557,0.390523439,0.02490542,No,No,Normal,Safe,Stable
31-03-2024 00:00,April,276.79,92.96,1,27.7,6.39,7.91,3.98,4,4,0,1,29.1,33.9,24.1,4.75,4,1,0,8.118151111,0.390440787,0.02513398,Yes,No,Normal,Safe,Stable
31-03-2024 01:00,April,276.79,92.96,1,27.7,6.39,7.91,3.98,4,4,0,1,29.1,33.9,24.1,4.75,4,1,1,8.138618252,0.991295712,0.021117132,No,No,Normal,Safe,Stable
31-03-2024 02:00,April,276.79,92.96,1,27.7,6.39,7.91,3.98,4,4,1,0,29.1,33.9,24.1,4.75,4,1,2,8.383190447,0.290705496,0.523217428,Yes,No,Normal,Safe,Stable
31-03-2024 03:00,April,276.79,92.96,1,27.7,6.39,7.91,3.98,4,4,0,1,29.1,33.9,24.1,4.75,4,1,3,7.99517434,0.924156223,0.017643193,No,No,Normal,Safe,Stable
31-03-2024 04:00,April,276.79,92.96,1,27.7,6.39,7.91,3.98,4,4,0,0,29.1,33.9,24.1,4.75,4,1,4,7.59997175,0.930006743,0.006414578,Yes,No,Normal,Safe,Stable
31-03-2024 05:00,April,276.79,92.96,1,27.7,6.39,7.91,3.98,4,4,0,0,29.1,33.9,24.1,4.75,4,1,5,8.131883274,0.393801811,0.005973158,No,No,Normal,Safe,Stable
31-03-2024 06:00,April,276.79,92.96,1,27.7,6.39,7.91,3.98,4,4,0,0,29.1,33.9,24.1,4.75,4,1.052631579,4.736842105,8.114273822,0.395045051,0.005661995,Yes,No,Normal,Safe,Stable
31-03-2024 07:00,April,276.79,92.96,1,27.7,6.39,7.91,3.98,4,4,1,0,29.1,33.9,24.1,4.75,4,1.105263158,4.473684211,8.09666437,0.39628829,0.005350832,No,No,Normal,Safe,Stable
31-03-2024 08:00,April,276.79,92.96,1,27.7,6.39,7.91,3.98,4,4,1,0,29.1,33.9,24.1,4.75,4,1.157894737,4.210526316,8.079054917,0.39753153,0.00503967,Yes,No,Normal,Safe,Stable
31-03-2024 09:00,April,276.79,92.96,1,27.7,6.39,7.91,3.98,4,4,1,0,29.1,33.9,24.1,4.75,4,1.210526316,3.947368421,8.061445465,0.39877477,0.004728507,No,No,Normal,Safe,Stable
31-03-2024 10:00,April,276.79,92.96,1,27.7,6.39,7.91,3.98,4,4,0,0,29.1,33.9,24.1,4.75,4,1.263157895,3.684210526,8.043836013,0.40001801,0.004417345,Yes,No,Normal,Safe,Stable
31-03-2024 11:00,April,276.79,92.96,1,27.7,6.39,7.91,3.98,4,4,0,0,29.1,33.9,24.1,4.75,4,1.315789474,3.421052632,8.02622656,0.40126125,0.004106182,No,No,Normal,Safe,Stable
31-03-2024 12:00,April,276.79,92.96,1,27.7,6.39,7.91,3.98,4,4,0,0,29.1,33.9,24.1,4.75,4,1.368421053,3.157894737,8.008617108,0.402504489,0.00379502,Yes,No,Normal,Safe,Stable
31-03-2024 13:00,April,276.79,92.96,1,27.7,6.39,7.91,3.98,4,4,0,0,29.1,33.9,24.1,4.75,4,1.421052632,2.894736842,7.991007656,0.403747729,0.003483857,No,No,Normal,Safe,Stable
31-03-2024 14:00,April,276.79,92.96,1,27.7,6.39,7.91,3.98,4,4,0,0,29.1,33.9,24.1,4.75,4,1.473684211,2.631578947,7.973398203,0.404990969,0.003172695,Yes,No,Normal,Safe,Stable
31-03-2024 15:00,April,276.79,92.96,1,27.7,6.39,7.91,3.98,4,4,0,0,29.1,33.9,24.1,4.75,4,1.526315789,2.368421053,7.955788751,0.406234209,0.002861532,No,No,Normal,Safe,Stable
31-03-2024 16:00,April,276.79,92.96,1,27.7,6.39,7.91,3.98,4,4,0,0,29.1,33.9,24.1,4.75,4,1.578947368,2.105263158,7.938179299,0.407477449,0.00255037,Yes,No,Normal,Safe,Stable
31-03-2024 17:00,April,276.79,92.96,1,27.7,6.39,7.91,3.98,4,4,0,0,29.1,33.9,24.1,4.75,4,1.631578947,1.842105263,7.920569846,0.408720688,0.002239207,No,No,Normal,Safe,Stable
31-03-2024 18:00,April,276.79,92.96,1,27.7,6.39,7.91,3.98,4,4,0,0,29.1,33.9,24.1,4.75,4,1.684210526,1.578947368,7.902960394,0.409963928,0.001928044,Yes,No,Normal,Safe,Stable
31-03-2024 19:00,April,276.79,92.96,1,27.7,6.39,7.91,3.98,4,4,0,0,29.1,33.9,24.1,4.75,4,1.736842105,1.315789474,7.885350942,0.411207168,0.001616882,No,No,Normal,Safe,Stable
31-03-2024 20:00,April,276.79,92.96,1,27.7,6.39,7.91,3.98,4,4,0,0,29.1,33.9,24.1,4.75,4,1.789473684,1.052631579,7.867741489,0.412450408,0.001305719,Yes,No,Normal,Safe,Stable
31-03-2024 21:00,April,276.79,92.96,1,27.7,6.39,7.91,3.98,4,4,1,0,29.1,33.9,24.1,4.75,4,1.842105263,0.789473684,7.850132037,0.413693648,0.000994557,No,No,Normal,Safe,Stable
31-03-2024 22:00,April,276.79,92.96,1,27.7,6.39,7.91,3.98,4,4,0,0,29.1,33.9,24.1,4.75,4,1.894736842,0.526315789,7.832522585,0.414936887,0.000683394,Yes,No,Normal,Safe,Stable
31-03-2024 23:00,April,276.79,92.96,1,27.7,6.39,7.91,3.98,4,4,0,0,29.1,33.9,24.1,4.75,4,1.947368421,0.263157895,7.814913132,0.416180127,0.000372232,No,No,Normal,Safe,Stable
01-04-2024 00:00,April,276.79,92.96,1,27.7,6.39,7.91,3.98,4,4,0,0,29.1,33.9,24.1,4.75,4,2,0,7.79730368,0.417423367,6.11E-05,Yes,No,Normal,Safe,Stable
01-04-2024 01:00,April,276.79,92.96,1,27.7,6.39,7.91,3.98,4,4,0,0,29.1,33.9,24.1,4.75,4,2,1,8.040870658,0.972650032,0.008547897,No,No,Normal,Safe,Stable
01-04-2024 02:00,April,276.79,92.96,1,27.7,6.39,7.91,3.98,4,4,0,0,29.1,33.9,24.1,4.75,4,2,2,7.980925412,0.960536774,0.000684553,Yes,No,Normal,Safe,Stable
01-04-2024 03:00,April,276.79,92.96,1,27.7,6.39,7.91,3.98,4,4,1,0,29.1,33.9,24.1,4.75,4,2,3,8.290735574,0.18713595,0.893325288,No,No,Normal,Safe,Stable
01-04-2024 04:00,April,276.79,92.96,1,27.7,6.39,7.91,3.98,4,4,0,0,29.1,33.9,24.1,4.75,4,2,4,8.395882811,0.319530222,0.849070617,Yes,No,Normal,Safe,Stable
01-04-2024 05:00,April,276.79,92.96,1,27.7,6.39,7.91,3.98,4,4,0,0,29.1,33.9,24.1,4.75,4,2,5,7.757016944,0.395617097,0.020022945,No,No,Normal,Safe,Stable
01-04-2024 06:00,April,276.79,92.96,1,27.7,6.39,7.91,3.98,4,4,0,0,29.1,33.9,24.1,4.75,4,2.052631579,4.736842105,7.766421074,0.395565348,0.020508739,Yes,No,Normal,Safe,Stable
01-04-2024 07:00,April,276.79,92.96,1,27.7,6.39,7.91,3.98,4,4,0,1,29.1,33.9,24.1,4.75,4,2.105263158,4.473684211,7.775825205,0.3955136,0.020994532,No,No,Normal,Safe,Stable
01-04-2024 08:00,April,276.79,92.96,1,27.7,6.39,7.91,3.98,4,4,0,0,29.1,33.9,24.1,4.75,4,2.157894737,4.210526316,7.785229335,0.395461851,0.021480326,Yes,No,Normal,Safe,Stable
01-04-2024 09:00,April,276.79,92.96,1,27.7,6.39,7.91,3.98,4,4,1,0,29.1,33.9,24.1,4.75,4,2.210526316,3.947368421,7.794633466,0.395410103,0.02196612,No,No,Normal,Safe,Stable
01-04-2024 10:00,April,276.79,92.96,1,27.7,6.39,7.91,3.98,4,4,0,0,29.1,33.9,24.1,4.75,4,2.263157895,3.684210526,7.804037596,0.395358354,0.022451914,Yes,No,Normal,Safe,Stable
01-04-2024 11:00,April,276.79,92.96,1,27.7,6.39,7.91,3.98,4,4,1,0,29.1,33.9,24.1,4.75,4,2.315789474,3.421052632,7.813441727,0.395306605,0.022937707,No,No,Normal,Safe,Stable
01-04-2024 12:00,April,276.79,92.96,1,27.7,6.39,7.91,3.98,4,4,1,1,29.1,33.9,24.1,4.75,4,2.368421053,3.157894737,7.822845857,0.395254857,0.023423501,Yes,No,Normal,Safe,Stable
01-04-2024 13:00,April,276.79,92.96,1,27.7,6.39,7.91,3.98,4,4,0,0,29.1,33.9,24.1,4.75,4,2.421052632,2.894736842,7.832249988,0.395203108,0.023909295,No,No,Normal,Safe,Stable
01-04-2024 14:00,April,276.79,92.96,1,27.7,6.39,7.91,3.98,4,4,0,0,29.1,33.9,24.1,4.75,4,2.473684211,2.631578947,7.841654118,0.395151359,0.024395089,Yes,No,Normal,Safe,Stable
01-04-2024 15:00,April,276.79,92.96,1,27.7,6.39,7.91,3.98,4,4,0,0,29.1,33.9,24.1,4.75,4,2.526315789,2.368421053,7.851058249,0.395099611,0.024880882,No,No,Normal,Safe,Stable
01-04-2024 16:00,April,276.79,92.96,1,27.7,6.39,7.91,3.98,4,4,0,1,29.1,33.9,24.1,4.75,4,2.578947368,2.105263158,7.860462379,0.395047862,0.025366676,Yes,No,Normal,Safe,Stable
01-04-2024 17:00,April,276.79,92.96,1,27.7,6.39,7.91,3.98,4,4,0,0,29.1,33.9,24.1,4.75,4,2.631578947,1.842105263,7.86986651,0.394996114,0.02585247,No,No,Normal,Safe,Stable
01-04-2024 18:00,April,276.79,92.96,1,27.7,6.39,7.91,3.98,4,4,0,0,29.1,33.9,24.1,4.75,4,2.684210526,1.578947368,7.87927064,0.394944365,0.026338264,Yes,No,Normal,Safe,Stable
01-04-2024 19:00,April,276.79,92.96,1,27.7,6.39,7.91,3.98,4,4,0,0,29.1,33.9,24.1,4.75,4,2.736842105,1.315789474,7.888674771,0.394892616,0.026824057,No,No,Normal,Safe,Stable
01-04-2024 20:00,April,276.79,92.96,1,27.7,6.39,7.91,3.98,4,4,0,1,29.1,33.9,24.1,4.75,4,2.789473684,1.052631579,7.898078901,0.394840868,0.027309851,Yes,No,Normal,Safe,Stable
01-04-2024 21:00,April,276.79,92.96,1,27.7,6.39,7.91,3.98,4,4,0,0,29.1,33.9,24.1,4.75,4,2.842105263,0.789473684,7.907483032,0.394789119,0.027795645,No,No,Normal,Safe,Stable
01-04-2024 22:00,April,276.79,92.96,1,27.7,6.39,7.91,3.98,4,4,0,0,29.1,33.9,24.1,4.75,4,2.894736842,0.526315789,7.916887162,0.39473737,0.028281439,Yes,No,Normal,Safe,Stable
01-04-2024 23:00,April,276.79,92.96,1,27.7,6.39,7.91,3.98,4,4,0,0,29.1,33.9,24.1,4.75,4,2.947368421,0.263157895,7.926291293,0.394685622,0.028767233,No,No,Normal,Safe,Stable
02-04-2024 00:00,April,276.79,92.96,1,27.7,6.39,7.91,3.98,4,4,0,0,29.1,33.9,24.1,4.75,4,3,0,7.935695423,0.394633873,0.029253026,Yes,No,Normal,Safe,Stable
02-04-2024 01:00,April,276.79,92.96,1,27.7,6.39,7.91,3.98,4,4,0,0,29.1,33.9,24.1,4.75,4,3,1,8.580978633,0.334667294,0.105270418,No,No,Normal,Safe,Stable
02-04-2024 02:00,April,276.79,92.96,1,27.7,6.39,7.91,3.98,4,4,1,0,29.1,33.9,24.1,4.75,4,3,2,8.391311912,0.359555769,0.449251478,Yes,No,Normal,Safe,Stable
02-04-2024 03:00,April,276.79,92.96,1,27.7,6.39,7.91,3.98,4,4,0,0,29.1,33.9,24.1,4.75,4,3,3,8.41612996,0.180147348,0.877444,No,No,Normal,Safe,Stable
02-04-2024 04:00,April,276.79,92.96,1,27.7,6.39,7.91,3.98,4,4,1,0,29.1,33.9,24.1,4.75,4,3,4,7.628520625,0.9853471,0.013753844,Yes,No,Normal,Safe,Stable
02-04-2024 05:00,April,276.79,92.96,1,27.7,6.39,7.91,3.98,4,4,0,0,29.1,33.9,24.1,4.75,4,3,5,8.340766263,0.423056838,0.01276451,No,No,Normal,Safe,Stable
02-04-2024 06:00,April,276.79,92.96,1,27.7,6.39,7.91,3.98,4,4,0,0,29.1,33.9,24.1,4.75,4,3.052631579,4.736842105,8.329950268,0.452449802,0.010983657,Yes,No,Normal,Safe,Stable
02-04-2024 07:00,April,276.79,92.96,1,27.7,6.39,7.91,3.98,4,4,0,0,29.1,33.9,24.1,4.75,4,3.105263158,4.473684211,8.319134273,0.481842767,0.009202805,No,No,Normal,Safe,Stable
02-04-2024 08:00,April,276.79,92.96,1,27.7,6.39,7.91,3.98,4,4,0,0,29.1,33.9,24.1,4.75,4,3.157894737,4.210526316,8.308318278,0.511235731,0.007421952,Yes,No,Normal,Safe,Stable
02-04-2024 09:00,April,276.79,92.96,1,27.7,6.39,7.91,3.98,4,4,1,0,29.1,33.9,24.1,4.75,4,3.210526316,3.947368421,8.297502283,0.540628695,0.0056411,No,No,Normal,Safe,Stable
02-04-2024 10:00,April,276.79,92.96,1,27.7,6.39,7.91,3.98,4,4,0,0,29.1,33.9,24.1,4.75,4,3.263157895,3.684210526,8.286686288,0.57002166,0.003860247,Yes,No,Normal,Safe,Stable
02-04-2024 11:00,April,276.79,92.96,1,27.7,6.39,7.91,3.98,4,4,0,0,29.1,33.9,24.1,4.75,4,3.315789474,3.421052632,8.275870293,0.599414624,0.002079395,No,No,Normal,Safe,Stable
02-04-2024 12:00,April,276.79,92.96,1,27.7,6.39,7.91,3.98,4,4,0,0,29.1,33.9,24.1,4.75,4,3.368421053,3.157894737,8.265054298,0.628807589,0.000298542,Yes,No,Normal,Safe,Stable
02-04-2024 13:00,April,276.79,92.96,1,27.7,6.39,7.91,3.98,4,4,0,0,29.1,33.9,24.1,4.75,4,3.421052632,2.894736842,8.254238303,0.658200553,-0.00148231,No,No,Normal,Safe,Stable
02-04-2024 14:00,April,276.79,92.96,1,27.7,6.39,7.91,3.98,4,4,0,0,29.1,33.9,24.1,4.75,4,3.473684211,2.631578947,8.243422308,0.687593518,-0.003263163,Yes,No,Normal,Safe,Stable
02-04-2024 15:00,April,276.79,92.96,1,27.7,6.39,7.91,3.98,4,4,0,0,29.1,33.9,24.1,4.75,4,3.526315789,2.368421053,8.232606314,0.716986482,-0.005044016,No,No,Normal,Safe,Stable
02-04-2024 16:00,April,276.79,92.96,1,27.7,6.39,7.91,3.98,4,4,0,0,29.1,33.9,24.1,4.75,4,3.578947368,2.105263158,8.221790319,0.746379446,-0.006824868,Yes,No,Normal,Safe,Stable
02-04-2024 17:00,April,276.79,92.96,1,27.7,6.39,7.91,3.98,4,4,0,0,29.1,33.9,24.1,4.75,4,3.631578947,1.842105263,8.210974324,0.775772411,-0.008605721,No,No,Normal,Safe,Stable
02-04-2024 18:00,April,276.79,92.96,1,27.7,6.39,7.91,3.98,4,4,0,0,29.1,33.9,24.1,4.75,4,3.684210526,1.578947368,8.200158329,0.805165375,-0.010386573,Yes,No,Normal,Safe,Stable
02-04-2024 19:00,April,276.79,92.96,1,27.7,6.39,7.91,3.98,4,4,0,0,29.1,33.9,24.1,4.75,4,3.736842105,1.315789474,8.189342334,0.83455834,-0.012167426,No,No,Normal,Safe,Stable
02-04-2024 20:00,April,276.79,92.96,1,27.7,6.39,7.91,3.98,4,4,0,0,29.1,33.9,24.1,4.75,4,3.789473684,1.052631579,8.178526339,0.863951304,-0.013948278,Yes,No,Normal,Safe,Stable
02-04-2024 21:00,April,276.79,92.96,1,27.7,6.39,7.91,3.98,4,4,0,0,29.1,33.9,24.1,4.75,4,3.842105263,0.789473684,8.167710344,0.893344268,-0.015729131,No,No,Normal,Safe,Stable
02-04-2024 22:00,April,276.79,92.96,1,27.7,6.39,7.91,3.98,4,4,0,0,29.1,33.9,24.1,4.75,4,3.894736842,0.526315789,8.156894349,0.922737233,-0.017509983,Yes,No,Normal,Safe,Stable
02-04-2024 23:00,April,276.79,92.96,1,27.7,6.39,7.91,3.98,4,4,0,0,29.1,33.9,24.1,4.75,4,3.947368421,0.263157895,8.146078354,0.952130197,-0.019290836,No,No,Normal,Safe,Stable
03-04-2024 00:00,April,276.79,92.96,1,27.7,6.39,7.91,3.98,4,4,0,0,29.1,33.9,24.1,4.75,4,4,0,8.135262359,0.981523162,-0.021071688,Yes,No,Normal,Safe,Stable
03-04-2024 01:00,April,276.79,92.96,1,27.7,6.39,7.91,3.98,4,4,0,0,29.1,33.9,24.1,4.75,4,4,1,8.346066603,0.33703007,0.113789422,No,No,Normal,Safe,Stable
03-04-2024 02:00,April,276.79,92.96,1,27.7,6.39,7.91,3.98,4,4,0,0,29.1,33.9,24.1,4.75,4,4,2,8.282888111,0.934161588,-0.007862968,Yes,No,Normal,Safe,Stable
03-04-2024 03:00,April,276.79,92.96,1,27.7,6.39,7.91,3.98,4,4,0,0,29.1,33.9,24.1,4.75,4,4,3,8.163210791,0.337801093,0.857950374,No,No,Normal,Safe,Stable
03-04-2024 04:00,April,276.79,92.96,1,27.7,6.39,7.91,3.98,4,4,0,0,29.1,33.9,24.1,4.75,4,4,4,8.24671737,0.99074289,0.02440683,Yes,No,Normal,Safe,Stable
03-04-2024 05:00,April,276.79,92.96,1,27.7,6.39,7.91,3.98,4,4,0,1,29.1,33.9,24.1,4.75,4,4,5,8.021151376,0.36470992,0.017555217,No,No,Normal,Safe,Stable
03-04-2024 06:00,April,276.79,92.96,1,27.7,6.39,7.91,3.98,4,4,0,0,29.1,33.9,24.1,4.75,4,4.052631579,4.736842105,8.006638608,0.395522865,0.016488176,Yes,No,Normal,Safe,Stable
03-04-2024 07:00,April,276.79,92.96,1,27.7,6.39,7.91,3.98,4,4,0,0,29.1,33.9,24.1,4.75,4,4.105263158,4.473684211,7.992125839,0.42633581,0.015421135,No,No,Normal,Safe,Stable
03-04-2024 08:00,April,276.79,92.96,1,27.7,6.39,7.91,3.98,4,4,1,0,29.1,33.9,24.1,4.75,4,4.157894737,4.210526316,7.977613071,0.457148755,0.014354094,Yes,No,Normal,Safe,Stable
03-04-2024 09:00,April,276.79,92.96,1,27.7,6.39,7.91,3.98,4,4,0,0,29.1,33.9,24.1,4.75,4,4.210526316,3.947368421,7.963100302,0.487961699,0.013287053,No,No,Normal,Safe,Stable
03-04-2024 10:00,April,276.79,92.96,1,27.7,6.39,7.91,3.98,4,4,1,0,29.1,33.9,24.1,4.75,4,4.263157895,3.684210526,7.948587534,0.518774644,0.012220012,Yes,No,Normal,Safe,Stable
03-04-2024 11:00,April,276.79,92.96,1,27.7,6.39,7.91,3.98,4,4,0,0,29.1,33.9,24.1,4.75,4,4.315789474,3.421052632,7.934074766,0.549587589,0.011152971,No,No,Normal,Safe,Stable
03-04-2024 12:00,April,276.79,92.96,1,27.7,6.39,7.91,3.98,4,4,0,0,29.1,33.9,24.1,4.75,4,4.368421053,3.157894737,7.919561997,0.580400534,0.01008593,Yes,No,Normal,Safe,Stable
03-04-2024 13:00,April,276.79,92.96,1,27.7,6.39,7.91,3.98,4,4,0,0,29.1,33.9,24.1,4.75,4,4.421052632,2.894736842,7.905049229,0.611213478,0.009018889,No,No,Normal,Safe,Stable
03-04-2024 14:00,April,276.79,92.96,1,27.7,6.39,7.91,3.98,4,4,1,0,29.1,33.9,24.1,4.75,4,4.473684211,2.631578947,7.89053646,0.642026423,0.007951848,Yes,No,Normal,Safe,Stable
03-04-2024 15:00,April,276.79,92.96,1,27.7,6.39,7.91,3.98,4,4,0,0,29.1,33.9,24.1,4.75,4,4.526315789,2.368421053,7.876023692,0.672839368,0.006884807,No,No,Normal,Safe,Stable
03-04-2024 16:00,April,276.79,92.96,1,27.7,6.39,7.91,3.98,4,4,0,0,29.1,33.9,24.1,4.75,4,4.578947368,2.105263158,7.861510923,0.703652313,0.005817766,Yes,No,Normal,Safe,Stable
03-04-2024 17:00,April,276.79,92.96,1,27.7,6.39,7.91,3.98,4,4,0,0,29.1,33.9,24.1,4.75,4,4.631578947,1.842105263,7.846998155,0.734465257,0.004750725,No,No,Normal,Safe,Stable
03-04-2024 18:00,April,276.79,92.96,1,27.7,6.39,7.91,3.98,4,4,0,0,29.1,33.9,24.1,4.75,4,4.684210526,1.578947368,7.832485387,0.765278202,0.003683684,Yes,No,Normal,Safe,Stable
03-04-2024 19:00,April,276.79,92.96,1,27.7,6.39,7.91,3.98,4,4,0,0,29.1,33.9,24.1,4.75,4,4.736842105,1.315789474,7.817972618,0.796091147,0.002616643,No,No,Normal,Safe,Stable
03-04-2024 20:00,April,276.79,92.96,1,27.7,6.39,7.91,3.98,4,4,0,0,29.1,33.9,24.1,4.75,4,4.789473684,1.052631579,7.80345985,0.826904092,0.001549602,Yes,No,Normal,Safe,Stable
03-04-2024 21:00,April,276.79,92.96,1,27.7,6.39,7.91,3.98,4,4,0,0,29.1,33.9,24.1,4.75,4,4.842105263,0.789473684,7.788947081,0.857717037,0.000482561,No,No,Normal,Safe,Stable
03-04-2024 22:00,April,276.79,92.96,1,27.7,6.39,7.91,3.98,4,4,0,0,29.1,33.9,24.1,4.75,4,4.894736842,0.526315789,7.774434313,0.888529981,-0.00058448,Yes,No,Normal,Safe,Stable
03-04-2024 23:00,April,276.79,92.96,1,27.7,6.39,7.91,3.98,4,4,1,0,29.1,33.9,24.1,4.75,4,4.947368421,0.263157895,7.759921545,0.919342926,-0.00165152,No,No,Normal,Safe,Stable
04-04-2024 00:00,April,276.79,92.96,1,27.7,6.39,7.91,3.98,4,4,1,0,29.1,33.9,24.1,4.75,4,5,0,7.745408776,0.950155871,-0.002718561,Yes,No,Normal,Safe,Stable
04-04-2024 01:00,April,276.79,92.96,1,27.7,6.39,7.91,3.98,4,4,0,0,29.1,33.9,24.1,4.75,4,5,1,8.404548886,0.321096244,0.110361751,No,No,Normal,Safe,Stable
04-04-2024 02:00,April,276.79,92.96,1,27.7,6.39,7.91,3.98,4,4,0,0,29.1,33.9,24.1,4.75,4,5,2,7.947520651,0.312011505,0.422329764,Yes,No,Normal,Safe,Stable
04-04-2024 03:00,April,276.79,92.96,1,27.7,6.39,7.91,3.98,4,4,1,0,29.1,33.9,24.1,4.75,4,5,3,8.274241701,0.561461427,-0.000780027,No,No,Normal,Safe,Stable
04-04-2024 04:00,April,276.79,92.96,1,27.7,6.39,7.91,3.98,4,4,0,0,29.1,33.9,24.1,4.75,4,5,4,8.111063008,0.285337555,0.845434189,Yes,No,Normal,Safe,Stable
04-04-2024 05:00,April,276.79,92.96,1,27.7,6.39,7.91,3.98,4,4,0,0,29.1,33.9,24.1,4.75,4,5,5,8.297540275,0.376149932,0.004293838,No,No,Normal,Safe,Stable
04-04-2024 06:00,April,276.79,92.96,1,27.7,6.39,7.91,3.98,4,4,0,0,29.1,33.9,24.1,4.75,4,5.052631579,4.736842105,8.300540935,0.377755836,0.005692025,Yes,No,Normal,Safe,Stable
04-04-2024 07:00,April,276.79,92.96,1,27.7,6.39,7.91,3.98,4,4,0,0,29.1,33.9,24.1,4.75,4,5.105263158,4.473684211,8.303541595,0.379361739,0.007090211,No,No,Normal,Safe,Stable
04-04-2024 08:00,April,276.79,92.96,1,27.7,6.39,7.91,3.98,4,4,0,0,29.1,33.9,24.1,4.75,4,5.157894737,4.210526316,8.306542255,0.380967642,0.008488398,Yes,No,Normal,Safe,Stable
04-04-2024 09:00,April,276.79,92.96,1,27.7,6.39,7.91,3.98,4,4,0,0,29.1,33.9,24.1,4.75,4,5.210526316,3.947368421,8.309542915,0.382573546,0.009886584,No,No,Normal,Safe,Stable
04-04-2024 10:00,April,276.79,92.96,1,27.7,6.39,7.91,3.98,4,4,0,0,29.1,33.9,24.1,4.75,4,5.263157895,3.684210526,8.312543576,0.384179449,0.011284771,Yes,No,Normal,Safe,Stable
04-04-2024 11:00,April,276.79,92.96,1,27.7,6.39,7.91,3.98,4,4,0,0,29.1,33.9,24.1,4.75,4,5.315789474,3.421052632,8.315544236,0.385785352,0.012682957,No,No,Normal,Safe,Stable
04-04-2024 12:00,April,276.79,92.96,1,27.7,6.39,7.91,3.98,4,4,0,0,29.1,33.9,24.1,4.75,4,5.368421053,3.157894737,8.318544896,0.387391255,0.014081144,Yes,No,Normal,Safe,Stable
04-04-2024 13:00,April,276.79,92.96,1,27.7,6.39,7.91,3.98,4,4,1,0,29.1,33.9,24.1,4.75,4,5.421052632,2.894736842,8.321545556,0.388997159,0.01547933,No,No,Normal,Safe,Stable
04-04-2024 14:00,April,276.79,92.96,1,27.7,6.39,7.91,3.98,4,4,1,0,29.1,33.9,24.1,4.75,4,5.473684211,2.631578947,8.324546216,0.390603062,0.016877517,Yes,No,Normal,Safe,Stable
04-04-2024 15:00,April,276.79,92.96,1,27.7,6.39,7.91,3.98,4,4,0,0,29.1,33.9,24.1,4.75,4,5.526315789,2.368421053,8.327546876,0.392208965,0.018275703,No,No,Normal,Safe,Stable
04-04-2024 16:00,April,276.79,92.96,1,27.7,6.39,7.91,3.98,4,4,0,0,29.1,33.9,24.1,4.75,4,5.578947368,2.105263158,8.330547536,0.393814868,0.01967389,Yes,No,Normal,Safe,Stable
04-04-2024 17:00,April,276.79,92.96,1,27.7,6.39,7.91,3.98,4,4,0,0,29.1,33.9,24.1,4.75,4,5.631578947,1.842105263,8.333548196,0.395420772,0.021072076,No,No,Normal,Safe,Stable
04-04-2024 18:00,April,276.79,92.96,1,27.7,6.39,7.91,3.98,4,4,0,0,29.1,33.9,24.1,4.75,4,5.684210526,1.578947368,8.336548857,0.397026675,0.022470263,Yes,No,Normal,Safe,Stable
04-04-2024 19:00,April,276.79,92.96,1,27.7,6.39,7.91,3.98,4,4,0,0,29.1,33.9,24.1,4.75,4,5.736842105,1.315789474,8.339549517,0.398632578,0.023868449,No,No,Normal,Safe,Stable
04-04-2024 20:00,April,276.79,92.96,1,27.7,6.39,7.91,3.98,4,4,1,0,29.1,33.9,24.1,4.75,4,5.789473684,1.052631579,8.342550177,0.400238481,0.025266636,Yes,No,Normal,Safe,Stable
04-04-2024 21:00,April,276.79,92.96,1,27.7,6.39,7.91,3.98,4,4,1,0,29.1,33.9,24.1,4.75,4,5.842105263,0.789473684,8.345550837,0.401844385,0.026664822,No,No,Normal,Safe,Stable
04-04-2024 22:00,April,276.79,92.96,1,27.7,6.39,7.91,3.98,4,4,1,0,29.1,33.9,24.1,4.75,4,5.894736842,0.526315789,8.348551497,0.403450288,0.028063009,Yes,No,Normal,Safe,Stable
04-04-2024 23:00,April,276.79,92.96,1,27.7,6.39,7.91,3.98,4,4,0,0,29.1,33.9,24.1,4.75,4,5.947368421,0.263157895,8.351552157,0.405056191,0.029461195,No,No,Normal,Safe,Stable
05-04-2024 00:00,April,276.79,92.96,1,27.7,6.39,7.91,3.98,4,4,0,0,29.1,33.9,24.1,4.75,4,6,0,8.354552817,0.406662094,0.030859382,Yes,No,Normal,Safe,Stable
05-04-2024 01:00,April,276.79,92.96,1,27.7,6.39,7.91,3.98,4,4,0,0,29.1,33.9,24.1,4.75,4,6,1,8.411309223,0.34413372,0.110847407,No,No,Normal,Safe,Stable
05-04-2024 02:00,April,276.79,92.96,1,27.7,6.39,7.91,3.98,4,4,1,0,29.1,33.9,24.1,4.75,4,6,2,7.612160256,1.022640087,0.000817155,Yes,No,Normal,Safe,Stable
05-04-2024 03:00,April,276.79,92.96,1,27.7,6.39,7.91,3.98,4,4,0,0,29.1,33.9,24.1,4.75,4,6,3,7.884810884,0.284615893,0.826340359,No,No,Normal,Safe,Stable
05-04-2024 04:00,April,276.79,92.96,1,27.7,6.39,7.91,3.98,4,4,0,0,29.1,33.9,24.1,4.75,4,6,4,7.966892398,0.216547707,0.992826917,Yes,No,Normal,Safe,Stable
05-04-2024 05:00,April,276.79,92.96,1,27.7,6.39,7.91,3.98,4,4,0,0,29.1,33.9,24.1,4.75,4,6,5,8.552241742,0.394591198,0.024119625,No,No,Normal,Safe,Stable
05-04-2024 06:00,April,276.79,92.96,1,27.7,6.39,7.91,3.98,4,4,1,0,29.1,33.9,24.1,4.75,4,6.052631579,4.736842105,8.520180586,0.396661103,0.023128518,Yes,No,Normal,Safe,Stable
05-04-2024 07:00,April,276.79,92.96,1,27.7,6.39,7.91,3.98,4,4,1,0,29.1,33.9,24.1,4.75,4,6.105263158,4.473684211,8.48811943,0.398731009,0.022137412,No,No,Normal,Safe,Stable
05-04-2024 08:00,April,276.79,92.96,1,27.7,6.39,7.91,3.98,4,4,0,0,29.1,33.9,24.1,4.75,4,6.157894737,4.210526316,8.456058274,0.400800914,0.021146305,Yes,No,Normal,Safe,Stable
05-04-2024 09:00,April,276.79,92.96,1,27.7,6.39,7.91,3.98,4,4,0,0,29.1,33.9,24.1,4.75,4,6.210526316,3.947368421,8.423997117,0.40287082,0.020155199,No,No,Normal,Safe,Stable
05-04-2024 10:00,April,276.79,92.96,1,27.7,6.39,7.91,3.98,4,4,1,0,29.1,33.9,24.1,4.75,4,6.263157895,3.684210526,8.391935961,0.404940725,0.019164092,Yes,No,Normal,Safe,Stable
05-04-2024 11:00,April,276.79,92.96,1,27.7,6.39,7.91,3.98,4,4,0,0,29.1,33.9,24.1,4.75,4,6.315789474,3.421052632,8.359874805,0.407010631,0.018172986,No,No,Normal,Safe,Stable
05-04-2024 12:00,April,276.79,92.96,1,27.7,6.39,7.91,3.98,4,4,0,0,29.1,33.9,24.1,4.75,4,6.368421053,3.157894737,8.327813649,0.409080536,0.017181879,Yes,No,Normal,Safe,Stable
05-04-2024 13:00,April,276.79,92.96,1,27.7,6.39,7.91,3.98,4,4,0,0,29.1,33.9,24.1,4.75,4,6.421052632,2.894736842,8.295752493,0.411150442,0.016190773,No,No,Normal,Safe,Stable
05-04-2024 14:00,April,276.79,92.96,1,27.7,6.39,7.91,3.98,4,4,1,0,29.1,33.9,24.1,4.75,4,6.473684211,2.631578947,8.263691337,0.413220347,0.015199667,Yes,No,Normal,Safe,Stable
05-04-2024 15:00,April,276.79,92.96,1,27.7,6.39,7.91,3.98,4,4,0,0,29.1,33.9,24.1,4.75,4,6.526315789,2.368421053,8.231630181,0.415290253,0.01420856,No,No,Normal,Safe,Stable
05-04-2024 16:00,April,276.79,92.96,1,27.7,6.39,7.91,3.98,4,4,0,1,29.1,33.9,24.1,4.75,4,6.578947368,2.105263158,8.199569025,0.417360158,0.013217454,Yes,No,Normal,Safe,Stable
05-04-2024 17:00,April,276.79,92.96,1,27.7,6.39,7.91,3.98,4,4,0,0,29.1,33.9,24.1,4.75,4,6.631578947,1.842105263,8.167507869,0.419430064,0.012226347,No,No,Normal,Safe,Stable
05-04-2024 18:00,April,276.79,92.96,1,27.7,6.39,7.91,3.98,4,4,0,1,29.1,33.9,24.1,4.75,4,6.684210526,1.578947368,8.135446713,0.421499969,0.011235241,Yes,No,Normal,Safe,Stable
05-04-2024 19:00,April,276.79,92.96,1,27.7,6.39,7.91,3.98,4,4,0,0,29.1,33.9,24.1,4.75,4,6.736842105,1.315789474,8.103385557,0.423569875,0.010244134,No,No,Normal,Safe,Stable
05-04-2024 20:00,April,276.79,92.96,1,27.7,6.39,7.91,3.98,4,4,0,0,29.1,33.9,24.1,4.75,4,6.789473684,1.052631579,8.071324401,0.42563978,0.009253028,Yes,No,Normal,Safe,Stable
05-04-2024 21:00,April,276.79,92.96,1,27.7,6.39,7.91,3.98,4,4,0,0,29.1,33.9,24.1,4.75,4,6.842105263,0.789473684,8.039263245,0.427709686,0.008261921,No,No,Normal,Safe,Stable
05-04-2024 22:00,April,276.79,92.96,1,27.7,6.39,7.91,3.98,4,4,0,1,29.1,33.9,24.1,4.75,4,6.894736842,0.526315789,8.007202089,0.429779591,0.007270815,Yes,No,Normal,Safe,Stable
05-04-2024 23:00,April,276.79,92.96,1,27.7,6.39,7.91,3.98,4,4,0,0,29.1,33.9,24.1,4.75,4,6.947368421,0.263157895,7.975140933,0.431849497,0.006279709,No,No,Normal,Safe,Stable
06-04-2024 00:00,April,276.79,92.96,1,27.7,6.39,7.91,3.98,4,4,0,0,29.1,33.9,24.1,4.75,4,7,0,7.943079777,0.433919402,0.005288602,Yes,No,Normal,Safe,Stable
06-04-2024 01:00,April,276.79,92.96,1,27.7,6.39,7.91,3.98,4,4,0,0,29.1,33.9,24.1,4.75,4,7,1,8.003630626,0.354124534,0.106215197,No,No,Normal,Safe,Stable
06-04-2024 02:00,April,276.79,92.96,1,27.7,6.39,7.91,3.98,4,4,1,0,29.1,33.9,24.1,4.75,4,7,2,7.855631321,1.010105101,0.007696996,Yes,No,Normal,Safe,Stable
06-04-2024 03:00,April,276.79,92.96,1,27.7,6.39,7.91,3.98,4,4,1,0,29.1,33.9,24.1,4.75,4,7,3,7.61723942,0.964337219,0.019485991,No,No,Normal,Safe,Stable
06-04-2024 04:00,April,276.79,92.96,1,27.7,6.39,7.91,3.98,4,4,0,0,29.1,33.9,24.1,4.75,4,7,4,8.228390814,0.199892539,0.841768632,Yes,No,Normal,Safe,Stable
06-04-2024 05:00,April,276.79,92.96,1,27.7,6.39,7.91,3.98,4,4,0,0,29.1,33.9,24.1,4.75,4,7,5,8.534522769,0.404471928,0.0372153,No,No,Normal,Safe,Stable
06-04-2024 06:00,April,276.79,92.96,1,27.7,6.39,7.91,3.98,4,4,0,0,29.1,33.9,24.1,4.75,4,7.052631579,4.736842105,8.512179834,0.405114086,0.036256728,Yes,No,Normal,Safe,Stable
06-04-2024 07:00,April,276.79,92.96,1,27.7,6.39,7.91,3.98,4,4,0,0,29.1,33.9,24.1,4.75,4,7.105263158,4.473684211,8.489836898,0.405756245,0.035298157,No,No,Normal,Safe,Stable
06-04-2024 08:00,April,276.79,92.96,1,27.7,6.39,7.91,3.98,4,4,0,1,29.1,33.9,24.1,4.75,4,7.157894737,4.210526316,8.467493963,0.406398403,0.034339586,Yes,No,Normal,Safe,Stable
06-04-2024 09:00,April,276.79,92.96,1,27.7,6.39,7.91,3.98,4,4,0,0,29.1,33.9,24.1,4.75,4,7.210526316,3.947368421,8.445151027,0.407040562,0.033381014,No,No,Normal,Safe,Stable
06-04-2024 10:00,April,276.79,92.96,1,27.7,6.39,7.91,3.98,4,4,0,0,29.1,33.9,24.1,4.75,4,7.263157895,3.684210526,8.422808092,0.407682721,0.032422443,Yes,No,Normal,Safe,Stable
06-04-2024 11:00,April,276.79,92.96,1,27.7,6.39,7.91,3.98,4,4,0,0,29.1,33.9,24.1,4.75,4,7.315789474,3.421052632,8.400465157,0.408324879,0.031463871,No,No,Normal,Safe,Stable
06-04-2024 12:00,April,276.79,92.96,1,27.7,6.39,7.91,3.98,4,4,0,0,29.1,33.9,24.1,4.75,4,7.368421053,3.157894737,8.378122221,0.408967038,0.0305053,Yes,No,Normal,Safe,Stable
06-04-2024 13:00,April,276.79,92.96,1,27.7,6.39,7.91,3.98,4,4,0,0,29.1,33.9,24.1,4.75,4,7.421052632,2.894736842,8.355779286,0.409609196,0.029546728,No,No,Normal,Safe,Stable
06-04-2024 14:00,April,276.79,92.96,1,27.7,6.39,7.91,3.98,4,4,0,0,29.1,33.9,24.1,4.75,4,7.473684211,2.631578947,8.33343635,0.410251355,0.028588157,Yes,No,Normal,Safe,Stable
06-04-2024 15:00,April,276.79,92.96,1,27.7,6.39,7.91,3.98,4,4,1,0,29.1,33.9,24.1,4.75,4,7.526315789,2.368421053,8.311093415,0.410893513,0.027629585,No,No,Normal,Safe,Stable
06-04-2024 16:00,April,276.79,92.96,1,27.7,6.39,7.91,3.98,4,4,0,0,29.1,33.9,24.1,4.75,4,7.578947368,2.105263158,8.28875048,0.411535672,0.026671014,Yes,No,Normal,Safe,Stable
06-04-2024 17:00,April,276.79,92.96,1,27.7,6.39,7.91,3.98,4,4,0,1,29.1,33.9,24.1,4.75,4,7.631578947,1.842105263,8.266407544,0.412177831,0.025712443,No,No,Normal,Safe,Stable
06-04-2024 18:00,April,276.79,92.96,1,27.7,6.39,7.91,3.98,4,4,0,0,29.1,33.9,24.1,4.75,4,7.684210526,1.578947368,8.244064609,0.412819989,0.024753871,Yes,No,Normal,Safe,Stable
06-04-2024 19:00,April,276.79,92.96,1,27.7,6.39,7.91,3.98,4,4,0,1,29.1,33.9,24.1,4.75,4,7.736842105,1.315789474,8.221721673,0.413462148,0.0237953,No,No,Normal,Safe,Stable
06-04-2024 20:00,April,276.79,92.96,1,27.7,6.39,7.91,3.98,4,4,0,0,29.1,33.9,24.1,4.75,4,7.789473684,1.052631579,8.199378738,0.414104306,0.022836728,Yes,No,Normal,Safe,Stable
06-04-2024 21:00,April,276.79,92.96,1,27.7,6.39,7.91,3.98,4,4,1,0,29.1,33.9,24.1,4.75,4,7.842105263,0.789473684,8.177035803,0.414746465,0.021878157,No,No,Normal,Safe,Stable
06-04-2024 22:00,April,276.79,92.96,1,27.7,6.39,7.91,3.98,4,4,0,0,29.1,33.9,24.1,4.75,4,7.894736842,0.526315789,8.154692867,0.415388623,0.020919585,Yes,No,Normal,Safe,Stable
06-04-2024 23:00,April,276.79,92.96,1,27.7,6.39,7.91,3.98,4,4,1,0,29.1,33.9,24.1,4.75,4,7.947368421,0.263157895,8.132349932,0.416030782,0.019961014,No,No,Normal,Safe,Stable
07-04-2024 00:00,April,276.79,92.96,1,27.7,6.39,7.91,3.98,4,4,0,0,29.1,33.9,24.1,4.75,4,8,0,8.110006996,0.416672941,0.019002442,Yes,No,Normal,Safe,Stable
07-04-2024 01:00,April,276.79,92.96,1,27.7,6.39,7.91,3.98,4,4,0,0,29.1,33.9,24.1,4.75,4,8,1,7.97243027,0.318686183,0.13451353,No,No,Normal,Safe,Stable
07-04-2024 02:00,April,276.79,92.96,1,27.7,6.39,7.91,3.98,4,4,1,0,29.1,33.9,24.1,4.75,4,8,2,7.907110912,0.950411144,-0.041093521,Yes,No,Normal,Safe,Stable
07-04-2024 03:00,April,276.79,92.96,1,27.7,6.39,7.91,3.98,4,4,0,0,29.1,33.9,24.1,4.75,4,8,3,8.026842831,0.440784466,0.040669743,No,No,Normal,Safe,Stable
07-04-2024 04:00,April,276.79,92.96,1,27.7,6.39,7.91,3.98,4,4,0,0,29.1,33.9,24.1,4.75,4,8,4,8.225348412,0.289214246,0.940355878,Yes,No,Normal,Safe,Stable
07-04-2024 05:00,April,276.79,92.96,1,27.7,6.39,7.91,3.98,4,4,0,0,29.1,33.9,24.1,4.75,4,8,5,7.680727003,0.947124945,0.003862992,No,No,Normal,Safe,Stable
07-04-2024 06:00,April,276.79,92.96,1,27.7,6.39,7.91,3.98,4,4,0,0,29.1,33.9,24.1,4.75,4,8.052631579,4.736842105,7.699906914,0.919409184,0.005419002,Yes,No,Normal,Safe,Stable
07-04-2024 07:00,April,276.79,92.96,1,27.7,6.39,7.91,3.98,4,4,0,0,29.1,33.9,24.1,4.75,4,8.105263158,4.473684211,7.719086824,0.891693423,0.006975012,No,No,Normal,Safe,Stable
07-04-2024 08:00,April,276.79,92.96,1,27.7,6.39,7.91,3.98,4,4,0,0,29.1,33.9,24.1,4.75,4,8.157894737,4.210526316,7.738266734,0.863977661,0.008531022,Yes,No,Normal,Safe,Stable
07-04-2024 09:00,April,276.79,92.96,1,27.7,6.39,7.91,3.98,4,4,0,0,29.1,33.9,24.1,4.75,4,8.210526316,3.947368421,7.757446644,0.8362619,0.010087032,No,No,Normal,Safe,Stable
07-04-2024 10:00,April,276.79,92.96,1,27.7,6.39,7.91,3.98,4,4,1,0,29.1,33.9,24.1,4.75,4,8.263157895,3.684210526,7.776626555,0.808546139,0.011643042,Yes,No,Normal,Safe,Stable
07-04-2024 11:00,April,276.79,92.96,1,27.7,6.39,7.91,3.98,4,4,1,0,29.1,33.9,24.1,4.75,4,8.315789474,3.421052632,7.795806465,0.780830377,0.013199051,No,No,Normal,Safe,Stable
07-04-2024 12:00,April,276.79,92.96,1,27.7,6.39,7.91,3.98,4,4,0,0,29.1,33.9,24.1,4.75,4,8.368421053,3.157894737,7.814986375,0.753114616,0.014755061,Yes,No,Normal,Safe,Stable
07-04-2024 13:00,April,276.79,92.96,1,27.7,6.39,7.91,3.98,4,4,0,0,29.1,33.9,24.1,4.75,4,8.421052632,2.894736842,7.834166285,0.725398854,0.016311071,No,No,Normal,Safe,Stable
07-04-2024 14:00,April,276.79,92.96,1,27.7,6.39,7.91,3.98,4,4,0,0,29.1,33.9,24.1,4.75,4,8.473684211,2.631578947,7.853346196,0.697683093,0.017867081,Yes,No,Normal,Safe,Stable
07-04-2024 15:00,April,276.79,92.96,1,27.7,6.39,7.91,3.98,4,4,1,0,29.1,33.9,24.1,4.75,4,8.526315789,2.368421053,7.872526106,0.669967332,0.019423091,No,No,Normal,Safe,Stable
07-04-2024 16:00,April,276.79,92.96,1,27.7,6.39,7.91,3.98,4,4,0,0,29.1,33.9,24.1,4.75,4,8.578947368,2.105263158,7.891706016,0.64225157,0.020979101,Yes,No,Normal,Safe,Stable
07-04-2024 17:00,April,276.79,92.96,1,27.7,6.39,7.91,3.98,4,4,0,0,29.1,33.9,24.1,4.75,4,8.631578947,1.842105263,7.910885926,0.614535809,0.022535111,No,No,Normal,Safe,Stable
07-04-2024 18:00,April,276.79,92.96,1,27.7,6.39,7.91,3.98,4,4,1,0,29.1,33.9,24.1,4.75,4,8.684210526,1.578947368,7.930065837,0.586820048,0.024091121,Yes,No,Normal,Safe,Stable
07-04-2024 19:00,April,276.79,92.96,1,27.7,6.39,7.91,3.98,4,4,0,0,29.1,33.9,24.1,4.75,4,8.736842105,1.315789474,7.949245747,0.559104286,0.025647131,No,No,Normal,Safe,Stable
07-04-2024 20:00,April,276.79,92.96,1,27.7,6.39,7.91,3.98,4,4,0,0,29.1,33.9,24.1,4.75,4,8.789473684,1.052631579,7.968425657,0.531388525,0.027203141,Yes,No,Normal,Safe,Stable
07-04-2024 21:00,April,276.79,92.96,1,27.7,6.39,7.91,3.98,4,4,0,0,29.1,33.9,24.1,4.75,4,8.842105263,0.789473684,7.987605567,0.503672764,0.028759151,No,No,Normal,Safe,Stable
07-04-2024 22:00,April,276.79,92.96,1,27.7,6.39,7.91,3.98,4,4,0,1,29.1,33.9,24.1,4.75,4,8.894736842,0.526315789,8.006785478,0.475957002,0.030315161,Yes,No,Normal,Safe,Stable
07-04-2024 23:00,April,276.79,92.96,1,27.7,6.39,7.91,3.98,4,4,1,0,29.1,33.9,24.1,4.75,4,8.947368421,0.263157895,8.025965388,0.448241241,0.031871171,No,No,Normal,Safe,Stable
08-04-2024 00:00,April,276.79,92.96,1,27.7,6.39,7.91,3.98,4,4,0,0,29.1,33.9,24.1,4.75,4,9,0,8.045145298,0.420525479,0.03342718,Yes,No,Normal,Safe,Stable
08-04-2024 01:00,April,276.79,92.96,1,27.7,6.39,7.91,3.98,4,4,0,0,29.1,33.9,24.1,4.75,4,9,1,8.144082261,0.338977068,0.107673769,No,No,Normal,Safe,Stable
08-04-2024 02:00,April,276.79,92.96,1,27.7,6.39,7.91,3.98,4,4,0,0,29.1,33.9,24.1,4.75,4,9,2,7.894047197,0.94417317,0.002757445,Yes,No,Normal,Safe,Stable
08-04-2024 03:00,April,276.79,92.96,1,27.7,6.39,7.91,3.98,4,4,0,0,29.1,33.9,24.1,4.75,4,9,3,8.148479355,0.977963718,-0.030350692,No,No,Normal,Safe,Stable
08-04-2024 04:00,April,276.79,92.96,1,27.7,6.39,7.91,3.98,4,4,0,1,29.1,33.9,24.1,4.75,4,9,4,8.900171159,0.207937381,0.96484235,Yes,No,Normal,Safe,Stable
08-04-2024 05:00,April,276.79,92.96,1,27.7,6.39,7.91,3.98,4,4,1,1,29.1,33.9,24.1,4.75,4,9,5,8.286132393,0.381236441,0.025694802,No,No,Normal,Safe,Stable
08-04-2024 06:00,April,276.79,92.96,1,27.7,6.39,7.91,3.98,4,4,0,0,29.1,33.9,24.1,4.75,4,9.052631579,4.736842105,8.288466172,0.382325305,0.025219805,Yes,No,Normal,Safe,Stable
08-04-2024 07:00,April,276.79,92.96,1,27.7,6.39,7.91,3.98,4,4,0,0,29.1,33.9,24.1,4.75,4,9.105263158,4.473684211,8.29079995,0.383414168,0.024744808,No,No,Normal,Safe,Stable
08-04-2024 08:00,April,276.79,92.96,1,27.7,6.39,7.91,3.98,4,4,0,0,29.1,33.9,24.1,4.75,4,9.157894737,4.210526316,8.293133728,0.384503032,0.024269811,Yes,No,Normal,Safe,Stable
08-04-2024 09:00,April,276.79,92.96,1,27.7,6.39,7.91,3.98,4,4,0,0,29.1,33.9,24.1,4.75,4,9.210526316,3.947368421,8.295467506,0.385591896,0.023794814,No,No,Normal,Safe,Stable
08-04-2024 10:00,April,276.79,92.96,1,27.7,6.39,7.91,3.98,4,4,1,0,29.1,33.9,24.1,4.75,4,9.263157895,3.684210526,8.297801285,0.38668076,0.023319817,Yes,No,Normal,Safe,Stable
08-04-2024 11:00,April,276.79,92.96,1,27.7,6.39,7.91,3.98,4,4,0,0,29.1,33.9,24.1,4.75,4,9.315789474,3.421052632,8.300135063,0.387769624,0.02284482,No,No,Normal,Safe,Stable
08-04-2024 12:00,April,276.79,92.96,1,27.7,6.39,7.91,3.98,4,4,0,0,29.1,33.9,24.1,4.75,4,9.368421053,3.157894737,8.302468841,0.388858488,0.022369823,Yes,No,Normal,Safe,Stable
08-04-2024 13:00,April,276.79,92.96,1,27.7,6.39,7.91,3.98,4,4,0,0,29.1,33.9,24.1,4.75,4,9.421052632,2.894736842,8.304802619,0.389947352,0.021894826,No,No,Normal,Safe,Stable
08-04-2024 14:00,April,276.79,92.96,1,27.7,6.39,7.91,3.98,4,4,0,0,29.1,33.9,24.1,4.75,4,9.473684211,2.631578947,8.307136398,0.391036216,0.021419829,Yes,No,Normal,Safe,Stable
08-04-2024 15:00,April,276.79,92.96,1,27.7,6.39,7.91,3.98,4,4,1,0,29.1,33.9,24.1,4.75,4,9.526315789,2.368421053,8.309470176,0.39212508,0.020944832,No,No,Normal,Safe,Stable
08-04-2024 16:00,April,276.79,92.96,1,27.7,6.39,7.91,3.98,4,4,0,0,29.1,33.9,24.1,4.75,4,9.578947368,2.105263158,8.311803954,0.393213944,0.020469835,Yes,No,Normal,Safe,Stable
08-04-2024 17:00,April,276.79,92.96,1,27.7,6.39,7.91,3.98,4,4,0,0,29.1,33.9,24.1,4.75,4,9.631578947,1.842105263,8.314137733,0.394302808,0.019994838,No,No,Normal,Safe,Stable
08-04-2024 18:00,April,276.79,92.96,1,27.7,6.39,7.91,3.98,4,4,0,0,29.1,33.9,24.1,4.75,4,9.684210526,1.578947368,8.316471511,0.395391672,0.019519841,Yes,No,Normal,Safe,Stable
08-04-2024 19:00,April,276.79,92.96,1,27.7,6.39,7.91,3.98,4,4,1,0,29.1,33.9,24.1,4.75,4,9.736842105,1.315789474,8.318805289,0.396480535,0.019044844,No,No,Normal,Safe,Stable
08-04-2024 20:00,April,276.79,92.96,1,27.7,6.39,7.91,3.98,4,4,0,0,29.1,33.9,24.1,4.75,4,9.789473684,1.052631579,8.321139067,0.397569399,0.018569847,Yes,No,Normal,Safe,Stable
08-04-2024 21:00,April,276.79,92.96,1,27.7,6.39,7.91,3.98,4,4,1,0,29.1,33.9,24.1,4.75,4,9.842105263,0.789473684,8.323472846,0.398658263,0.01809485,No,No,Normal,Safe,Stable
08-04-2024 22:00,April,276.79,92.96,1,27.7,6.39,7.91,3.98,4,4,1,0,29.1,33.9,24.1,4.75,4,9.894736842,0.526315789,8.325806624,0.399747127,0.017619853,Yes,No,Normal,Safe,Stable
08-04-2024 23:00,April,276.79,92.96,1,27.7,6.39,7.91,3.98,4,4,0,0,29.1,33.9,24.1,4.75,4,9.947368421,0.263157895,8.328140402,0.400835991,0.017144856,No,No,Normal,Safe,Stable
09-04-2024 00:00,April,276.79,92.96,1,27.7,6.39,7.91,3.98,4,4,0,0,29.1,33.9,24.1,4.75,4,10,0,8.33047418,0.401924855,0.016669859,Yes,No,Normal,Safe,Stable
09-04-2024 01:00,April,276.79,92.96,1,27.7,6.39,7.91,3.98,4,4,0,0,29.1,33.9,24.1,4.75,4,10,1,8.312118553,0.322103926,0.133879001,No,No,Normal,Safe,Stable
09-04-2024 02:00,April,276.79,92.96,1,27.7,6.39,7.91,3.98,4,4,0,0,29.1,33.9,24.1,4.75,4,10,2,8.227707307,0.292652487,0.522478648,Yes,No,Normal,Safe,Stable
09-04-2024 03:00,April,276.79,92.96,1,27.7,6.39,7.91,3.98,4,4,0,0,29.1,33.9,24.1,4.75,4,10,3,7.907413334,0.323390321,0.845441669,No,No,Normal,Safe,Stable
09-04-2024 04:00,April,276.79,92.96,1,27.7,6.39,7.91,3.98,4,4,0,0,29.1,33.9,24.1,4.75,4,10,4,7.886980323,0.961180356,0.013881917,Yes,No,Normal,Safe,Stable
09-04-2024 05:00,April,276.79,92.96,1,27.7,6.39,7.91,3.98,4,4,0,0,29.1,33.9,24.1,4.75,4,10,5,8.587390758,0.397728609,-0.005730119,No,No,Normal,Safe,Stable
09-04-2024 06:00,April,276.79,92.96,1,27.7,6.39,7.91,3.98,4,4,0,0,29.1,33.9,24.1,4.75,4,10.05263158,4.736842105,8.53458494,0.426583669,-0.004666043,Yes,No,Normal,Safe,Stable
09-04-2024 07:00,April,276.79,92.96,1,27.7,6.39,7.91,3.98,4,4,0,0,29.1,33.9,24.1,4.75,4,10.10526316,4.473684211,8.481779121,0.455438729,-0.003601966,No,No,Normal,Safe,Stable
09-04-2024 08:00,April,276.79,92.96,1,27.7,6.39,7.91,3.98,4,4,1,0,29.1,33.9,24.1,4.75,4,10.15789474,4.210526316,8.428973303,0.484293789,-0.00253789,Yes,No,Normal,Safe,Stable
09-04-2024 09:00,April,276.79,92.96,1,27.7,6.39,7.91,3.98,4,4,1,1,29.1,33.9,24.1,4.75,4,10.21052632,3.947368421,8.376167485,0.513148849,-0.001473814,No,No,Normal,Safe,Stable
09-04-2024 10:00,April,276.79,92.96,1,27.7,6.39,7.91,3.98,4,4,0,0,29.1,33.9,24.1,4.75,4,10.26315789,3.684210526,8.323361666,0.542003909,-0.000409738,Yes,No,Normal,Safe,Stable
09-04-2024 11:00,April,276.79,92.96,1,27.7,6.39,7.91,3.98,4,4,0,0,29.1,33.9,24.1,4.75,4,10.31578947,3.421052632,8.270555848,0.570858969,0.000654339,No,No,Normal,Safe,Stable
09-04-2024 12:00,April,276.79,92.96,1,27.7,6.39,7.91,3.98,4,4,0,0,29.1,33.9,24.1,4.75,4,10.36842105,3.157894737,8.217750029,0.599714029,0.001718415,Yes,No,Normal,Safe,Stable
09-04-2024 13:00,April,276.79,92.96,1,27.7,6.39,7.91,3.98,4,4,0,0,29.1,33.9,24.1,4.75,4,10.42105263,2.894736842,8.164944211,0.628569089,0.002782491,No,No,Normal,Safe,Stable
09-04-2024 14:00,April,276.79,92.96,1,27.7,6.39,7.91,3.98,4,4,1,0,29.1,33.9,24.1,4.75,4,10.47368421,2.631578947,8.112138392,0.657424149,0.003846568,Yes,No,Normal,Safe,Stable
09-04-2024 15:00,April,276.79,92.96,1,27.7,6.39,7.91,3.98,4,4,0,0,29.1,33.9,24.1,4.75,4,10.52631579,2.368421053,8.059332574,0.686279209,0.004910644,No,No,Normal,Safe,Stable
09-04-2024 16:00,April,276.79,92.96,1,27.7,6.39,7.91,3.98,4,4,1,0,29.1,33.9,24.1,4.75,4,10.57894737,2.105263158,8.006526756,0.715134269,0.00597472,Yes,No,Normal,Safe,Stable
09-04-2024 17:00,April,276.79,92.96,1,27.7,6.39,7.91,3.98,4,4,0,1,29.1,33.9,24.1,4.75,4,10.63157895,1.842105263,7.953720937,0.743989329,0.007038797,No,No,Normal,Safe,Stable
09-04-2024 18:00,April,276.79,92.96,1,27.7,6.39,7.91,3.98,4,4,0,0,29.1,33.9,24.1,4.75,4,10.68421053,1.578947368,7.900915119,0.772844389,0.008102873,Yes,No,Normal,Safe,Stable
09-04-2024 19:00,April,276.79,92.96,1,27.7,6.39,7.91,3.98,4,4,0,0,29.1,33.9,24.1,4.75,4,10.73684211,1.315789474,7.8481093,0.801699449,0.009166949,No,No,Normal,Safe,Stable
09-04-2024 20:00,April,276.79,92.96,1,27.7,6.39,7.91,3.98,4,4,0,0,29.1,33.9,24.1,4.75,4,10.78947368,1.052631579,7.795303482,0.830554509,0.010231026,Yes,No,Normal,Safe,Stable
09-04-2024 21:00,April,276.79,92.96,1,27.7,6.39,7.91,3.98,4,4,0,0,29.1,33.9,24.1,4.75,4,10.84210526,0.789473684,7.742497663,0.859409569,0.011295102,No,No,Normal,Safe,Stable
09-04-2024 22:00,April,276.79,92.96,1,27.7,6.39,7.91,3.98,4,4,1,0,29.1,33.9,24.1,4.75,4,10.89473684,0.526315789,7.689691845,0.888264629,0.012359178,Yes,No,Normal,Safe,Stable
09-04-2024 23:00,April,276.79,92.96,1,27.7,6.39,7.91,3.98,4,4,0,0,29.1,33.9,24.1,4.75,4,10.94736842,0.263157895,7.636886027,0.917119689,0.013423255,No,No,Normal,Safe,Stable
10-04-2024 00:00,April,276.79,92.96,1,27.7,6.39,7.91,3.98,4,4,0,0,29.1,33.9,24.1,4.75,4,11,0,7.584080208,0.945974749,0.014487331,Yes,No,Normal,Safe,Stable
10-04-2024 01:00,April,276.79,92.96,1,27.7,6.39,7.91,3.98,4,4,0,1,29.1,33.9,24.1,4.75,4,11,1,8.45329271,0.314558859,0.157360967,No,No,Normal,Safe,Stable
10-04-2024 02:00,April,276.79,92.96,1,27.7,6.39,7.91,3.98,4,4,0,0,29.1,33.9,24.1,4.75,4,11,2,8.012247155,0.947613656,-0.0068964,Yes,No,Normal,Safe,Stable
10-04-2024 03:00,April,276.79,92.96,1,27.7,6.39,7.91,3.98,4,4,1,1,29.1,33.9,24.1,4.75,4,11,3,8.42614036,0.265434314,0.988765961,No,No,Normal,Safe,Stable
10-04-2024 04:00,April,276.79,92.96,1,27.7,6.39,7.91,3.98,4,4,0,0,29.1,33.9,24.1,4.75,4,11,4,7.620014441,0.974858462,0.010234154,Yes,No,Normal,Safe,Stable
10-04-2024 05:00,April,276.79,92.96,1,27.7,6.39,7.91,3.98,4,4,0,0,29.1,33.9,24.1,4.75,4,11,5,8.279411804,0.360355597,-0.008410749,No,No,Normal,Safe,Stable
10-04-2024 06:00,April,276.79,92.96,1,27.7,6.39,7.91,3.98,4,4,1,0,29.1,33.9,24.1,4.75,4,11.05263158,4.736842105,8.274462648,0.362964188,-0.005958499,Yes,No,Normal,Safe,Stable
10-04-2024 07:00,April,276.79,92.96,1,27.7,6.39,7.91,3.98,4,4,0,1,29.1,33.9,24.1,4.75,4,11.10526316,4.473684211,8.269513491,0.365572779,-0.003506248,No,No,Normal,Safe,Stable
10-04-2024 08:00,April,276.79,92.96,1,27.7,6.39,7.91,3.98,4,4,0,0,29.1,33.9,24.1,4.75,4,11.15789474,4.210526316,8.264564335,0.36818137,-0.001053998,Yes,No,Normal,Safe,Stable
10-04-2024 09:00,April,276.79,92.96,1,27.7,6.39,7.91,3.98,4,4,0,0,29.1,33.9,24.1,4.75,4,11.21052632,3.947368421,8.259615178,0.370789961,0.001398252,No,No,Normal,Safe,Stable
10-04-2024 10:00,April,276.79,92.96,1,27.7,6.39,7.91,3.98,4,4,0,0,29.1,33.9,24.1,4.75,4,11.26315789,3.684210526,8.254666021,0.373398552,0.003850503,Yes,No,Normal,Safe,Stable
10-04-2024 11:00,April,276.79,92.96,1,27.7,6.39,7.91,3.98,4,4,1,0,29.1,33.9,24.1,4.75,4,11.31578947,3.421052632,8.249716865,0.376007143,0.006302753,No,No,Normal,Safe,Stable
10-04-2024 12:00,April,276.79,92.96,1,27.7,6.39,7.91,3.98,4,4,1,0,29.1,33.9,24.1,4.75,4,11.36842105,3.157894737,8.244767708,0.378615734,0.008755003,Yes,No,Normal,Safe,Stable
10-04-2024 13:00,April,276.79,92.96,1,27.7,6.39,7.91,3.98,4,4,1,0,29.1,33.9,24.1,4.75,4,11.42105263,2.894736842,8.239818552,0.381224325,0.011207253,No,No,Normal,Safe,Stable
10-04-2024 14:00,April,276.79,92.96,1,27.7,6.39,7.91,3.98,4,4,0,0,29.1,33.9,24.1,4.75,4,11.47368421,2.631578947,8.234869395,0.383832916,0.013659504,Yes,No,Normal,Safe,Stable
10-04-2024 15:00,April,276.79,92.96,1,27.7,6.39,7.91,3.98,4,4,0,1,29.1,33.9,24.1,4.75,4,11.52631579,2.368421053,8.229920239,0.386441506,0.016111754,No,No,Normal,Safe,Stable
10-04-2024 16:00,April,276.79,92.96,1,27.7,6.39,7.91,3.98,4,4,1,0,29.1,33.9,24.1,4.75,4,11.57894737,2.105263158,8.224971082,0.389050097,0.018564004,Yes,No,Normal,Safe,Stable
10-04-2024 17:00,April,276.79,92.96,1,27.7,6.39,7.91,3.98,4,4,0,0,29.1,33.9,24.1,4.75,4,11.63157895,1.842105263,8.220021926,0.391658688,0.021016254,No,No,Normal,Safe,Stable
10-04-2024 18:00,April,276.79,92.96,1,27.7,6.39,7.91,3.98,4,4,1,0,29.1,33.9,24.1,4.75,4,11.68421053,1.578947368,8.215072769,0.394267279,0.023468505,Yes,No,Normal,Safe,Stable
10-04-2024 19:00,April,276.79,92.96,1,27.7,6.39,7.91,3.98,4,4,0,0,29.1,33.9,24.1,4.75,4,11.73684211,1.315789474,8.210123613,0.39687587,0.025920755,No,No,Normal,Safe,Stable
10-04-2024 20:00,April,276.79,92.96,1,27.7,6.39,7.91,3.98,4,4,0,0,29.1,33.9,24.1,4.75,4,11.78947368,1.052631579,8.205174456,0.399484461,0.028373005,Yes,No,Normal,Safe,Stable
10-04-2024 21:00,April,276.79,92.96,1,27.7,6.39,7.91,3.98,4,4,0,0,29.1,33.9,24.1,4.75,4,11.84210526,0.789473684,8.2002253,0.402093052,0.030825255,No,No,Normal,Safe,Stable
10-04-2024 22:00,April,276.79,92.96,1,27.7,6.39,7.91,3.98,4,4,1,0,29.1,33.9,24.1,4.75,4,11.89473684,0.526315789,8.195276143,0.404701643,0.033277506,Yes,No,Normal,Safe,Stable
10-04-2024 23:00,April,276.79,92.96,1,27.7,6.39,7.91,3.98,4,4,1,0,29.1,33.9,24.1,4.75,4,11.94736842,0.263157895,8.190326987,0.407310234,0.035729756,No,No,Normal,Safe,Stable
11-04-2024 00:00,April,276.79,92.96,1,27.7,6.39,7.91,3.98,4,4,0,0,29.1,33.9,24.1,4.75,4,12,0,8.18537783,0.409918825,0.038182006,Yes,No,Normal,Safe,Stable
11-04-2024 01:00,April,276.79,92.96,1,27.7,6.39,7.91,3.98,4,4,1,0,29.1,33.9,24.1,4.75,4,12,1,8.47518574,0.322073833,0.160345464,No,No,Normal,Safe,Stable
11-04-2024 02:00,April,276.79,92.96,1,27.7,6.39,7.91,3.98,4,4,0,1,29.1,33.9,24.1,4.75,4,12,2,8.080915023,0.978482245,0.01892244,Yes,No,Normal,Safe,Stable
11-04-2024 03:00,April,276.79,92.96,1,27.7,6.39,7.91,3.98,4,4,0,1,29.1,33.9,24.1,4.75,4,12,3,8.214497206,0.19453886,0.868706699,No,No,Normal,Safe,Stable
11-04-2024 04:00,April,276.79,92.96,1,27.7,6.39,7.91,3.98,4,4,0,0,29.1,33.9,24.1,4.75,4,12,4,8.345423731,0.302511919,0.919669453,Yes,No,Normal,Safe,Stable
11-04-2024 05:00,April,276.79,92.96,1,27.7,6.39,7.91,3.98,4,4,0,0,29.1,33.9,24.1,4.75,4,12,5,8.327052419,0.400638608,0.009404058,No,No,Normal,Safe,Stable
11-04-2024 06:00,April,276.79,92.96,1,27.7,6.39,7.91,3.98,4,4,0,0,29.1,33.9,24.1,4.75,4,12.05263158,4.736842105,8.32595642,0.401589161,0.008737369,Yes,No,Normal,Safe,Stable
11-04-2024 07:00,April,276.79,92.96,1,27.7,6.39,7.91,3.98,4,4,0,0,29.1,33.9,24.1,4.75,4,12.10526316,4.473684211,8.32486042,0.402539714,0.008070681,No,No,Normal,Safe,Stable
11-04-2024 08:00,April,276.79,92.96,1,27.7,6.39,7.91,3.98,4,4,0,0,29.1,33.9,24.1,4.75,4,12.15789474,4.210526316,8.323764421,0.403490267,0.007403992,Yes,No,Normal,Safe,Stable
11-04-2024 09:00,April,276.79,92.96,1,27.7,6.39,7.91,3.98,4,4,0,0,29.1,33.9,24.1,4.75,4,12.21052632,3.947368421,8.322668421,0.40444082,0.006737303,No,No,Normal,Safe,Stable
11-04-2024 10:00,April,276.79,92.96,1,27.7,6.39,7.91,3.98,4,4,0,0,29.1,33.9,24.1,4.75,4,12.26315789,3.684210526,8.321572422,0.405391373,0.006070615,Yes,No,Normal,Safe,Stable
11-04-2024 11:00,April,276.79,92.96,1,27.7,6.39,7.91,3.98,4,4,0,0,29.1,33.9,24.1,4.75,4,12.31578947,3.421052632,8.320476422,0.406341927,0.005403926,No,No,Normal,Safe,Stable
11-04-2024 12:00,April,276.79,92.96,1,27.7,6.39,7.91,3.98,4,4,0,0,29.1,33.9,24.1,4.75,4,12.36842105,3.157894737,8.319380423,0.40729248,0.004737238,Yes,No,Normal,Safe,Stable
11-04-2024 13:00,April,276.79,92.96,1,27.7,6.39,7.91,3.98,4,4,0,0,29.1,33.9,24.1,4.75,4,12.42105263,2.894736842,8.318284423,0.408243033,0.004070549,No,No,Normal,Safe,Stable
11-04-2024 14:00,April,276.79,92.96,1,27.7,6.39,7.91,3.98,4,4,0,0,29.1,33.9,24.1,4.75,4,12.47368421,2.631578947,8.317188423,0.409193586,0.00340386,Yes,No,Normal,Safe,Stable
11-04-2024 15:00,April,276.79,92.96,1,27.7,6.39,7.91,3.98,4,4,0,1,29.1,33.9,24.1,4.75,4,12.52631579,2.368421053,8.316092424,0.410144139,0.002737172,No,No,Normal,Safe,Stable
11-04-2024 16:00,April,276.79,92.96,1,27.7,6.39,7.91,3.98,4,4,0,0,29.1,33.9,24.1,4.75,4,12.57894737,2.105263158,8.314996424,0.411094692,0.002070483,Yes,No,Normal,Safe,Stable
11-04-2024 17:00,April,276.79,92.96,1,27.7,6.39,7.91,3.98,4,4,0,1,29.1,33.9,24.1,4.75,4,12.63157895,1.842105263,8.313900425,0.412045245,0.001403795,No,No,Normal,Safe,Stable
11-04-2024 18:00,April,276.79,92.96,1,27.7,6.39,7.91,3.98,4,4,0,0,29.1,33.9,24.1,4.75,4,12.68421053,1.578947368,8.312804425,0.412995798,0.000737106,Yes,No,Normal,Safe,Stable
11-04-2024 19:00,April,276.79,92.96,1,27.7,6.39,7.91,3.98,4,4,1,0,29.1,33.9,24.1,4.75,4,12.73684211,1.315789474,8.311708426,0.413946351,7.04E-05,No,No,Normal,Safe,Stable
11-04-2024 20:00,April,276.79,92.96,1,27.7,6.39,7.91,3.98,4,4,1,0,29.1,33.9,24.1,4.75,4,12.78947368,1.052631579,8.310612426,0.414896904,-0.000596271,Yes,No,Normal,Safe,Stable
11-04-2024 21:00,April,276.79,92.96,1,27.7,6.39,7.91,3.98,4,4,0,0,29.1,33.9,24.1,4.75,4,12.84210526,0.789473684,8.309516427,0.415847458,-0.00126296,No,No,Normal,Safe,Stable
11-04-2024 22:00,April,276.79,92.96,1,27.7,6.39,7.91,3.98,4,4,0,0,29.1,33.9,24.1,4.75,4,12.89473684,0.526315789,8.308420427,0.416798011,-0.001929648,Yes,No,Normal,Safe,Stable
11-04-2024 23:00,April,276.79,92.96,1,27.7,6.39,7.91,3.98,4,4,1,0,29.1,33.9,24.1,4.75,4,12.94736842,0.263157895,8.307324428,0.417748564,-0.002596337,No,No,Normal,Safe,Stable
12-04-2024 00:00,April,276.79,92.96,1,27.7,6.39,7.91,3.98,4,4,0,1,29.1,33.9,24.1,4.75,4,13,0,8.306228428,0.418699117,-0.003263025,Yes,No,Normal,Safe,Stable
12-04-2024 01:00,April,276.79,92.96,1,27.7,6.39,7.91,3.98,4,4,0,0,29.1,33.9,24.1,4.75,4,13,1,8.17170307,0.323030069,0.097749842,No,No,Normal,Safe,Stable
12-04-2024 02:00,April,276.79,92.96,1,27.7,6.39,7.91,3.98,4,4,0,0,29.1,33.9,24.1,4.75,4,13,2,8.110076232,0.938125213,-0.001740319,Yes,No,Normal,Safe,Stable
12-04-2024 03:00,April,276.79,92.96,1,27.7,6.39,7.91,3.98,4,4,0,1,29.1,33.9,24.1,4.75,4,13,3,7.996710349,0.964221329,0.006819587,No,No,Normal,Safe,Stable
12-04-2024 04:00,April,276.79,92.96,1,27.7,6.39,7.91,3.98,4,4,0,0,29.1,33.9,24.1,4.75,4,13,4,8.153839848,0.28121372,0.850389996,Yes,No,Normal,Safe,Stable
12-04-2024 05:00,April,276.79,92.96,1,27.7,6.39,7.91,3.98,4,4,1,0,29.1,33.9,24.1,4.75,4,13,5,8.597984396,0.352827734,0.054336045,No,No,Normal,Safe,Stable
12-04-2024 06:00,April,276.79,92.96,1,27.7,6.39,7.91,3.98,4,4,0,0,29.1,33.9,24.1,4.75,4,13.05263158,4.736842105,8.562371908,0.3533363,0.051140018,Yes,No,Normal,Safe,Stable
12-04-2024 07:00,April,276.79,92.96,1,27.7,6.39,7.91,3.98,4,4,0,0,29.1,33.9,24.1,4.75,4,13.10526316,4.473684211,8.526759421,0.353844867,0.047943992,No,No,Normal,Safe,Stable
12-04-2024 08:00,April,276.79,92.96,1,27.7,6.39,7.91,3.98,4,4,0,0,29.1,33.9,24.1,4.75,4,13.15789474,4.210526316,8.491146933,0.354353433,0.044747966,Yes,No,Normal,Safe,Stable
12-04-2024 09:00,April,276.79,92.96,1,27.7,6.39,7.91,3.98,4,4,0,0,29.1,33.9,24.1,4.75,4,13.21052632,3.947368421,8.455534446,0.354861999,0.041551939,No,No,Normal,Safe,Stable
12-04-2024 10:00,April,276.79,92.96,1,27.7,6.39,7.91,3.98,4,4,1,0,29.1,33.9,24.1,4.75,4,13.26315789,3.684210526,8.419921958,0.355370566,0.038355913,Yes,No,Normal,Safe,Stable
12-04-2024 11:00,April,276.79,92.96,1,27.7,6.39,7.91,3.98,4,4,0,0,29.1,33.9,24.1,4.75,4,13.31578947,3.421052632,8.384309471,0.355879132,0.035159887,No,No,Normal,Safe,Stable
12-04-2024 12:00,April,276.79,92.96,1,27.7,6.39,7.91,3.98,4,4,0,0,29.1,33.9,24.1,4.75,4,13.36842105,3.157894737,8.348696983,0.356387698,0.03196386,Yes,No,Normal,Safe,Stable
12-04-2024 13:00,April,276.79,92.96,1,27.7,6.39,7.91,3.98,4,4,0,1,29.1,33.9,24.1,4.75,4,13.42105263,2.894736842,8.313084496,0.356896264,0.028767834,No,No,Normal,Safe,Stable
12-04-2024 14:00,April,276.79,92.96,1,27.7,6.39,7.91,3.98,4,4,0,0,29.1,33.9,24.1,4.75,4,13.47368421,2.631578947,8.277472008,0.357404831,0.025571807,Yes,No,Normal,Safe,Stable
12-04-2024 15:00,April,276.79,92.96,1,27.7,6.39,7.91,3.98,4,4,0,0,29.1,33.9,24.1,4.75,4,13.52631579,2.368421053,8.241859521,0.357913397,0.022375781,No,No,Normal,Safe,Stable
12-04-2024 16:00,April,276.79,92.96,1,27.7,6.39,7.91,3.98,4,4,0,0,29.1,33.9,24.1,4.75,4,13.57894737,2.105263158,8.206247033,0.358421963,0.019179755,Yes,No,Normal,Safe,Stable
12-04-2024 17:00,April,276.79,92.96,1,27.7,6.39,7.91,3.98,4,4,1,0,29.1,33.9,24.1,4.75,4,13.63157895,1.842105263,8.170634546,0.35893053,0.015983728,No,No,Normal,Safe,Stable
12-04-2024 18:00,April,276.79,92.96,1,27.7,6.39,7.91,3.98,4,4,0,0,29.1,33.9,24.1,4.75,4,13.68421053,1.578947368,8.135022058,0.359439096,0.012787702,Yes,No,Normal,Safe,Stable
12-04-2024 19:00,April,276.79,92.96,1,27.7,6.39,7.91,3.98,4,4,1,0,29.1,33.9,24.1,4.75,4,13.73684211,1.315789474,8.099409571,0.359947662,0.009591676,No,No,Normal,Safe,Stable
12-04-2024 20:00,April,276.79,92.96,1,27.7,6.39,7.91,3.98,4,4,0,0,29.1,33.9,24.1,4.75,4,13.78947368,1.052631579,8.063797083,0.360456228,0.006395649,Yes,No,Normal,Safe,Stable
12-04-2024 21:00,April,276.79,92.96,1,27.7,6.39,7.91,3.98,4,4,0,0,29.1,33.9,24.1,4.75,4,13.84210526,0.789473684,8.028184596,0.360964795,0.003199623,No,No,Normal,Safe,Stable
12-04-2024 22:00,April,276.79,92.96,1,27.7,6.39,7.91,3.98,4,4,0,0,29.1,33.9,24.1,4.75,4,13.89473684,0.526315789,7.992572108,0.361473361,3.60E-06,Yes,No,Normal,Safe,Stable
12-04-2024 23:00,April,276.79,92.96,1,27.7,6.39,7.91,3.98,4,4,0,0,29.1,33.9,24.1,4.75,4,13.94736842,0.263157895,7.956959621,0.361981927,-0.00319243,No,No,Normal,Safe,Stable
13-04-2024 00:00,April,276.79,92.96,1,27.7,6.39,7.91,3.98,4,4,0,0,29.1,33.9,24.1,4.75,4,14,0,7.921347133,0.362490493,-0.006388456,Yes,No,Normal,Safe,Stable
13-04-2024 01:00,April,276.79,92.96,1,27.7,6.39,7.91,3.98,4,4,0,0,29.1,33.9,24.1,4.75,4,14,1,7.967109073,0.316879818,0.125036897,No,No,Normal,Safe,Stable
13-04-2024 02:00,April,276.79,92.96,1,27.7,6.39,7.91,3.98,4,4,0,0,29.1,33.9,24.1,4.75,4,14,2,8.417821193,0.33817934,0.44231468,Yes,No,Normal,Safe,Stable
13-04-2024 03:00,April,276.79,92.96,1,27.7,6.39,7.91,3.98,4,4,0,0,29.1,33.9,24.1,4.75,4,14,3,7.942959437,0.606981343,0.123647801,No,No,Normal,Safe,Stable
13-04-2024 04:00,April,276.79,92.96,1,27.7,6.39,7.91,3.98,4,4,0,0,29.1,33.9,24.1,4.75,4,14,4,7.875685113,0.97454359,0.016051198,Yes,No,Normal,Safe,Stable
13-04-2024 05:00,April,276.79,92.96,1,27.7,6.39,7.91,3.98,4,4,0,0,29.1,33.9,24.1,4.75,4,14,5,8.246801206,0.411395799,-0.007127942,No,No,Normal,Safe,Stable
13-04-2024 06:00,April,276.79,92.96,1,27.7,6.39,7.91,3.98,4,4,1,0,29.1,33.9,24.1,4.75,4,14.05263158,4.736842105,8.215753303,0.410634975,-0.005482248,Yes,No,Normal,Safe,Stable
13-04-2024 07:00,April,276.79,92.96,1,27.7,6.39,7.91,3.98,4,4,1,0,29.1,33.9,24.1,4.75,4,14.10526316,4.473684211,8.184705401,0.409874151,-0.003836555,No,No,Normal,Safe,Stable
13-04-2024 08:00,April,276.79,92.96,1,27.7,6.39,7.91,3.98,4,4,0,0,29.1,33.9,24.1,4.75,4,14.15789474,4.210526316,8.153657498,0.409113327,-0.002190862,Yes,No,Normal,Safe,Stable
13-04-2024 09:00,April,276.79,92.96,1,27.7,6.39,7.91,3.98,4,4,0,0,29.1,33.9,24.1,4.75,4,14.21052632,3.947368421,8.122609596,0.408352503,-0.000545168,No,No,Normal,Safe,Stable
13-04-2024 10:00,April,276.79,92.96,1,27.7,6.39,7.91,3.98,4,4,0,1,29.1,33.9,24.1,4.75,4,14.26315789,3.684210526,8.091561693,0.407591679,0.001100525,Yes,No,Normal,Safe,Stable
13-04-2024 11:00,April,276.79,92.96,1,27.7,6.39,7.91,3.98,4,4,0,0,29.1,33.9,24.1,4.75,4,14.31578947,3.421052632,8.060513791,0.406830855,0.002746219,No,No,Normal,Safe,Stable
13-04-2024 12:00,April,276.79,92.96,1,27.7,6.39,7.91,3.98,4,4,1,0,29.1,33.9,24.1,4.75,4,14.36842105,3.157894737,8.029465888,0.406070031,0.004391912,Yes,No,Normal,Safe,Stable
13-04-2024 13:00,April,276.79,92.96,1,27.7,6.39,7.91,3.98,4,4,0,0,29.1,33.9,24.1,4.75,4,14.42105263,2.894736842,7.998417986,0.405309207,0.006037606,No,No,Normal,Safe,Stable
13-04-2024 14:00,April,276.79,92.96,1,27.7,6.39,7.91,3.98,4,4,0,0,29.1,33.9,24.1,4.75,4,14.47368421,2.631578947,7.967370083,0.404548383,0.007683299,Yes,No,Normal,Safe,Stable
13-04-2024 15:00,April,276.79,92.96,1,27.7,6.39,7.91,3.98,4,4,0,0,29.1,33.9,24.1,4.75,4,14.52631579,2.368421053,7.936322181,0.403787558,0.009328993,No,No,Normal,Safe,Stable
13-04-2024 16:00,April,276.79,92.96,1,27.7,6.39,7.91,3.98,4,4,1,0,29.1,33.9,24.1,4.75,4,14.57894737,2.105263158,7.905274278,0.403026734,0.010974686,Yes,No,Normal,Safe,Stable
13-04-2024 17:00,April,276.79,92.96,1,27.7,6.39,7.91,3.98,4,4,0,0,29.1,33.9,24.1,4.75,4,14.63157895,1.842105263,7.874226375,0.40226591,0.01262038,No,No,Normal,Safe,Stable
13-04-2024 18:00,April,276.79,92.96,1,27.7,6.39,7.91,3.98,4,4,0,0,29.1,33.9,24.1,4.75,4,14.68421053,1.578947368,7.843178473,0.401505086,0.014266073,Yes,No,Normal,Safe,Stable
13-04-2024 19:00,April,276.79,92.96,1,27.7,6.39,7.91,3.98,4,4,1,1,29.1,33.9,24.1,4.75,4,14.73684211,1.315789474,7.81213057,0.400744262,0.015911767,No,No,Normal,Safe,Stable
13-04-2024 20:00,April,276.79,92.96,1,27.7,6.39,7.91,3.98,4,4,0,0,29.1,33.9,24.1,4.75,4,14.78947368,1.052631579,7.781082668,0.399983438,0.01755746,Yes,No,Normal,Safe,Stable
13-04-2024 21:00,April,276.79,92.96,1,27.7,6.39,7.91,3.98,4,4,0,0,29.1,33.9,24.1,4.75,4,14.84210526,0.789473684,7.750034765,0.399222614,0.019203154,No,No,Normal,Safe,Stable
13-04-2024 22:00,April,276.79,92.96,1,27.7,6.39,7.91,3.98,4,4,1,0,29.1,33.9,24.1,4.75,4,14.89473684,0.526315789,7.718986863,0.39846179,0.020848847,Yes,No,Normal,Safe,Stable
13-04-2024 23:00,April,276.79,92.96,1,27.7,6.39,7.91,3.98,4,4,0,1,29.1,33.9,24.1,4.75,4,14.94736842,0.263157895,7.68793896,0.397700966,0.022494541,No,No,Normal,Safe,Stable
14-04-2024 00:00,April,276.79,92.96,1,27.7,6.39,7.91,3.98,4,4,1,0,29.1,33.9,24.1,4.75,4,15,0,7.656891058,0.396940142,0.024140234,Yes,No,Normal,Safe,Stable
14-04-2024 01:00,April,276.79,92.96,1,27.7,6.39,7.91,3.98,4,4,0,0,29.1,33.9,24.1,4.75,4,15,1,8.323421479,0.410422635,0.07313376,No,No,Normal,Safe,Stable
14-04-2024 02:00,April,276.79,92.96,1,27.7,6.39,7.91,3.98,4,4,0,0,29.1,33.9,24.1,4.75,4,15,2,8.063791915,0.319379053,0.475317504,Yes,No,Normal,Safe,Stable
14-04-2024 03:00,April,276.79,92.96,1,27.7,6.39,7.91,3.98,4,4,0,0,29.1,33.9,24.1,4.75,4,15,3,8.069368194,0.521911214,-0.03234397,No,No,Normal,Safe,Stable
14-04-2024 04:00,April,276.79,92.96,1,27.7,6.39,7.91,3.98,4,4,1,0,29.1,33.9,24.1,4.75,4,15,4,8.176411251,0.232704576,0.855651858,Yes,No,Normal,Safe,Stable
14-04-2024 05:00,April,276.79,92.96,1,27.7,6.39,7.91,3.98,4,4,0,0,29.1,33.9,24.1,4.75,4,15,5,8.215457116,0.362175795,0.013629725,No,No,Normal,Safe,Stable
14-04-2024 06:00,April,276.79,92.96,1,27.7,6.39,7.91,3.98,4,4,0,0,29.1,33.9,24.1,4.75,4,15.05263158,4.736842105,8.217556586,0.363370953,0.012122356,Yes,No,Normal,Safe,Stable
14-04-2024 07:00,April,276.79,92.96,1,27.7,6.39,7.91,3.98,4,4,0,0,29.1,33.9,24.1,4.75,4,15.10526316,4.473684211,8.219656056,0.36456611,0.010614988,No,No,Normal,Safe,Stable
14-04-2024 08:00,April,276.79,92.96,1,27.7,6.39,7.91,3.98,4,4,1,0,29.1,33.9,24.1,4.75,4,15.15789474,4.210526316,8.221755526,0.365761268,0.00910762,Yes,No,Normal,Safe,Stable
14-04-2024 09:00,April,276.79,92.96,1,27.7,6.39,7.91,3.98,4,4,0,0,29.1,33.9,24.1,4.75,4,15.21052632,3.947368421,8.223854996,0.366956425,0.007600252,No,No,Normal,Safe,Stable
14-04-2024 10:00,April,276.79,92.96,1,27.7,6.39,7.91,3.98,4,4,0,0,29.1,33.9,24.1,4.75,4,15.26315789,3.684210526,8.225954466,0.368151583,0.006092883,Yes,No,Normal,Safe,Stable
14-04-2024 11:00,April,276.79,92.96,1,27.7,6.39,7.91,3.98,4,4,0,0,29.1,33.9,24.1,4.75,4,15.31578947,3.421052632,8.228053935,0.36934674,0.004585515,No,No,Normal,Safe,Stable
14-04-2024 12:00,April,276.79,92.96,1,27.7,6.39,7.91,3.98,4,4,0,0,29.1,33.9,24.1,4.75,4,15.36842105,3.157894737,8.230153405,0.370541898,0.003078147,Yes,No,Normal,Safe,Stable
14-04-2024 13:00,April,276.79,92.96,1,27.7,6.39,7.91,3.98,4,4,0,0,29.1,33.9,24.1,4.75,4,15.42105263,2.894736842,8.232252875,0.371737055,0.001570779,No,No,Normal,Safe,Stable
14-04-2024 14:00,April,276.79,92.96,1,27.7,6.39,7.91,3.98,4,4,0,0,29.1,33.9,24.1,4.75,4,15.47368421,2.631578947,8.234352345,0.372932213,6.34E-05,Yes,No,Normal,Safe,Stable
14-04-2024 15:00,April,276.79,92.96,1,27.7,6.39,7.91,3.98,4,4,0,0,29.1,33.9,24.1,4.75,4,15.52631579,2.368421053,8.236451815,0.37412737,-0.001443958,No,No,Normal,Safe,Stable
14-04-2024 16:00,April,276.79,92.96,1,27.7,6.39,7.91,3.98,4,4,0,0,29.1,33.9,24.1,4.75,4,15.57894737,2.105263158,8.238551285,0.375322528,-0.002951326,Yes,No,Normal,Safe,Stable
14-04-2024 17:00,April,276.79,92.96,1,27.7,6.39,7.91,3.98,4,4,0,0,29.1,33.9,24.1,4.75,4,15.63157895,1.842105263,8.240650755,0.376517685,-0.004458694,No,No,Normal,Safe,Stable
14-04-2024 18:00,April,276.79,92.96,1,27.7,6.39,7.91,3.98,4,4,0,0,29.1,33.9,24.1,4.75,4,15.68421053,1.578947368,8.242750224,0.377712843,-0.005966062,Yes,No,Normal,Safe,Stable
14-04-2024 19:00,April,276.79,92.96,1,27.7,6.39,7.91,3.98,4,4,1,0,29.1,33.9,24.1,4.75,4,15.73684211,1.315789474,8.244849694,0.378908,-0.00747343,No,No,Normal,Safe,Stable
14-04-2024 20:00,April,276.79,92.96,1,27.7,6.39,7.91,3.98,4,4,0,0,29.1,33.9,24.1,4.75,4,15.78947368,1.052631579,8.246949164,0.380103157,-0.008980799,Yes,No,Normal,Safe,Stable
14-04-2024 21:00,April,276.79,92.96,1,27.7,6.39,7.91,3.98,4,4,1,0,29.1,33.9,24.1,4.75,4,15.84210526,0.789473684,8.249048634,0.381298315,-0.010488167,No,No,Normal,Safe,Stable
14-04-2024 22:00,April,276.79,92.96,1,27.7,6.39,7.91,3.98,4,4,0,0,29.1,33.9,24.1,4.75,4,15.89473684,0.526315789,8.251148104,0.382493472,-0.011995535,Yes,No,Normal,Safe,Stable
14-04-2024 23:00,April,276.79,92.96,1,27.7,6.39,7.91,3.98,4,4,0,0,29.1,33.9,24.1,4.75,4,15.94736842,0.263157895,8.253247574,0.38368863,-0.013502903,No,No,Normal,Safe,Stable
15-04-2024 00:00,April,276.79,92.96,1,27.7,6.39,7.91,3.98,4,4,0,0,29.1,33.9,24.1,4.75,4,16,0,8.255347044,0.384883787,-0.015010271,Yes,No,Normal,Safe,Stable
15-04-2024 01:00,April,276.79,92.96,1,27.7,6.39,7.91,3.98,4,4,0,0,29.1,33.9,24.1,4.75,4,16,1,8.431123022,0.34857806,0.113092339,No,No,Normal,Safe,Stable
15-04-2024 02:00,April,276.79,92.96,1,27.7,6.39,7.91,3.98,4,4,0,0,29.1,33.9,24.1,4.75,4,16,2,8.257805522,0.30750507,0.513150275,Yes,No,Normal,Safe,Stable
15-04-2024 03:00,April,276.79,92.96,1,27.7,6.39,7.91,3.98,4,4,0,0,29.1,33.9,24.1,4.75,4,16,3,8.09979406,0.512837451,0.010682502,No,No,Normal,Safe,Stable
15-04-2024 04:00,April,276.79,92.96,1,27.7,6.39,7.91,3.98,4,4,1,0,29.1,33.9,24.1,4.75,4,16,4,8.162796768,0.95273989,0.009092059,Yes,No,Normal,Safe,Stable
15-04-2024 05:00,April,276.79,92.96,1,27.7,6.39,7.91,3.98,4,4,0,0,29.1,33.9,24.1,4.75,4,16,5,7.944055366,0.967712596,0.015170206,No,No,Normal,Safe,Stable
15-04-2024 06:00,April,276.79,92.96,1,27.7,6.39,7.91,3.98,4,4,0,0,29.1,33.9,24.1,4.75,4,16.05263158,4.736842105,7.952983258,0.967630857,0.014387825,Yes,No,Normal,Safe,Stable
15-04-2024 07:00,April,276.79,92.96,1,27.7,6.39,7.91,3.98,4,4,1,0,29.1,33.9,24.1,4.75,4,16.10526316,4.473684211,7.961911151,0.967549118,0.013605445,No,No,Normal,Safe,Stable
15-04-2024 08:00,April,276.79,92.96,1,27.7,6.39,7.91,3.98,4,4,0,0,29.1,33.9,24.1,4.75,4,16.15789474,4.210526316,7.970839044,0.967467379,0.012823064,Yes,No,Normal,Safe,Stable
15-04-2024 09:00,April,276.79,92.96,1,27.7,6.39,7.91,3.98,4,4,0,0,29.1,33.9,24.1,4.75,4,16.21052632,3.947368421,7.979766936,0.96738564,0.012040683,No,No,Normal,Safe,Stable
15-04-2024 10:00,April,276.79,92.96,1,27.7,6.39,7.91,3.98,4,4,0,0,29.1,33.9,24.1,4.75,4,16.26315789,3.684210526,7.988694829,0.9673039,0.011258303,Yes,No,Normal,Safe,Stable
15-04-2024 11:00,April,276.79,92.96,1,27.7,6.39,7.91,3.98,4,4,0,0,29.1,33.9,24.1,4.75,4,16.31578947,3.421052632,7.997622721,0.967222161,0.010475922,No,No,Normal,Safe,Stable
15-04-2024 12:00,April,276.79,92.96,1,27.7,6.39,7.91,3.98,4,4,0,1,29.1,33.9,24.1,4.75,4,16.36842105,3.157894737,8.006550614,0.967140422,0.009693542,Yes,No,Normal,Safe,Stable
15-04-2024 13:00,April,276.79,92.96,1,27.7,6.39,7.91,3.98,4,4,0,0,29.1,33.9,24.1,4.75,4,16.42105263,2.894736842,8.015478507,0.967058683,0.008911161,No,No,Normal,Safe,Stable
15-04-2024 14:00,April,276.79,92.96,1,27.7,6.39,7.91,3.98,4,4,0,0,29.1,33.9,24.1,4.75,4,16.47368421,2.631578947,8.024406399,0.966976944,0.008128781,Yes,No,Normal,Safe,Stable
15-04-2024 15:00,April,276.79,92.96,1,27.7,6.39,7.91,3.98,4,4,1,0,29.1,33.9,24.1,4.75,4,16.52631579,2.368421053,8.033334292,0.966895204,0.0073464,No,No,Normal,Safe,Stable
15-04-2024 16:00,April,276.79,92.96,1,27.7,6.39,7.91,3.98,4,4,0,0,29.1,33.9,24.1,4.75,4,16.57894737,2.105263158,8.042262184,0.966813465,0.00656402,Yes,No,Normal,Safe,Stable
15-04-2024 17:00,April,276.79,92.96,1,27.7,6.39,7.91,3.98,4,4,1,1,29.1,33.9,24.1,4.75,4,16.63157895,1.842105263,8.051190077,0.966731726,0.005781639,No,No,Normal,Safe,Stable
15-04-2024 18:00,April,276.79,92.96,1,27.7,6.39,7.91,3.98,4,4,0,1,29.1,33.9,24.1,4.75,4,16.68421053,1.578947368,8.06011797,0.966649987,0.004999259,Yes,No,Normal,Safe,Stable
15-04-2024 19:00,April,276.79,92.96,1,27.7,6.39,7.91,3.98,4,4,0,0,29.1,33.9,24.1,4.75,4,16.73684211,1.315789474,8.069045862,0.966568248,0.004216878,No,No,Normal,Safe,Stable
15-04-2024 20:00,April,276.79,92.96,1,27.7,6.39,7.91,3.98,4,4,0,0,29.1,33.9,24.1,4.75,4,16.78947368,1.052631579,8.077973755,0.966486508,0.003434498,Yes,No,Normal,Safe,Stable
15-04-2024 21:00,April,276.79,92.96,1,27.7,6.39,7.91,3.98,4,4,0,0,29.1,33.9,24.1,4.75,4,16.84210526,0.789473684,8.086901648,0.966404769,0.002652117,No,No,Normal,Safe,Stable
15-04-2024 22:00,April,276.79,92.96,1,27.7,6.39,7.91,3.98,4,4,0,0,29.1,33.9,24.1,4.75,4,16.89473684,0.526315789,8.09582954,0.96632303,0.001869736,Yes,No,Normal,Safe,Stable
15-04-2024 23:00,April,276.79,92.96,1,27.7,6.39,7.91,3.98,4,4,0,0,29.1,33.9,24.1,4.75,4,16.94736842,0.263157895,8.104757433,0.966241291,0.001087356,No,No,Normal,Safe,Stable
16-04-2024 00:00,April,276.79,92.96,1,27.7,6.39,7.91,3.98,4,4,0,1,29.1,33.9,24.1,4.75,4,17,0,8.113685325,0.966159552,0.000304975,Yes,No,Normal,Safe,Stable
16-04-2024 01:00,April,276.79,92.96,1,27.7,6.39,7.91,3.98,4,4,1,1,29.1,33.9,24.1,4.75,4,17,1,7.949091548,1.002226578,-0.002532577,No,No,Normal,Safe,Stable
16-04-2024 02:00,April,276.79,92.96,1,27.7,6.39,7.91,3.98,4,4,0,0,29.1,33.9,24.1,4.75,4,17,2,7.923259905,0.942390247,0.012952146,Yes,No,Normal,Safe,Stable
16-04-2024 03:00,April,276.79,92.96,1,27.7,6.39,7.91,3.98,4,4,0,0,29.1,33.9,24.1,4.75,4,17,3,8.236409229,0.312306569,0.953745522,No,No,Normal,Safe,Stable
16-04-2024 04:00,April,276.79,92.96,1,27.7,6.39,7.91,3.98,4,4,0,1,29.1,33.9,24.1,4.75,4,17,4,8.22601338,0.303093542,0.869671629,Yes,No,Normal,Safe,Stable
16-04-2024 05:00,April,276.79,92.96,1,27.7,6.39,7.91,3.98,4,4,0,0,29.1,33.9,24.1,4.75,4,17,5,8.276095774,0.390126366,0.029512823,No,No,Normal,Safe,Stable
16-04-2024 06:00,April,276.79,92.96,1,27.7,6.39,7.91,3.98,4,4,0,0,29.1,33.9,24.1,4.75,4,17.05263158,4.736842105,8.259612847,0.389251195,0.028507561,Yes,No,Normal,Safe,Stable
16-04-2024 07:00,April,276.79,92.96,1,27.7,6.39,7.91,3.98,4,4,0,0,29.1,33.9,24.1,4.75,4,17.10526316,4.473684211,8.243129919,0.388376024,0.027502299,No,No,Normal,Safe,Stable
16-04-2024 08:00,April,276.79,92.96,1,27.7,6.39,7.91,3.98,4,4,0,0,29.1,33.9,24.1,4.75,4,17.15789474,4.210526316,8.226646992,0.387500853,0.026497037,Yes,No,Normal,Safe,Stable
16-04-2024 09:00,April,276.79,92.96,1,27.7,6.39,7.91,3.98,4,4,0,0,29.1,33.9,24.1,4.75,4,17.21052632,3.947368421,8.210164065,0.386625682,0.025491776,No,No,Normal,Safe,Stable
16-04-2024 10:00,April,276.79,92.96,1,27.7,6.39,7.91,3.98,4,4,0,0,29.1,33.9,24.1,4.75,4,17.26315789,3.684210526,8.193681137,0.385750511,0.024486514,Yes,No,Normal,Safe,Stable
16-04-2024 11:00,April,276.79,92.96,1,27.7,6.39,7.91,3.98,4,4,0,0,29.1,33.9,24.1,4.75,4,17.31578947,3.421052632,8.17719821,0.38487534,0.023481252,No,No,Normal,Safe,Stable
16-04-2024 12:00,April,276.79,92.96,1,27.7,6.39,7.91,3.98,4,4,0,0,29.1,33.9,24.1,4.75,4,17.36842105,3.157894737,8.160715282,0.384000169,0.02247599,Yes,No,Normal,Safe,Stable
16-04-2024 13:00,April,276.79,92.96,1,27.7,6.39,7.91,3.98,4,4,0,0,29.1,33.9,24.1,4.75,4,17.42105263,2.894736842,8.144232355,0.383124997,0.021470728,No,No,Normal,Safe,Stable
16-04-2024 14:00,April,276.79,92.96,1,27.7,6.39,7.91,3.98,4,4,1,0,29.1,33.9,24.1,4.75,4,17.47368421,2.631578947,8.127749427,0.382249826,0.020465466,Yes,No,Normal,Safe,Stable
16-04-2024 15:00,April,276.79,92.96,1,27.7,6.39,7.91,3.98,4,4,0,0,29.1,33.9,24.1,4.75,4,17.52631579,2.368421053,8.1112665,0.381374655,0.019460204,No,No,Normal,Safe,Stable
16-04-2024 16:00,April,276.79,92.96,1,27.7,6.39,7.91,3.98,4,4,0,0,29.1,33.9,24.1,4.75,4,17.57894737,2.105263158,8.094783573,0.380499484,0.018454942,Yes,No,Normal,Safe,Stable
16-04-2024 17:00,April,276.79,92.96,1,27.7,6.39,7.91,3.98,4,4,0,0,29.1,33.9,24.1,4.75,4,17.63157895,1.842105263,8.078300645,0.379624313,0.017449681,No,No,Normal,Safe,Stable
16-04-2024 18:00,April,276.79,92.96,1,27.7,6.39,7.91,3.98,4,4,0,0,29.1,33.9,24.1,4.75,4,17.68421053,1.578947368,8.061817718,0.378749142,0.016444419,Yes,No,Normal,Safe,Stable
16-04-2024 19:00,April,276.79,92.96,1,27.7,6.39,7.91,3.98,4,4,0,0,29.1,33.9,24.1,4.75,4,17.73684211,1.315789474,8.04533479,0.377873971,0.015439157,No,No,Normal,Safe,Stable
16-04-2024 20:00,April,276.79,92.96,1,27.7,6.39,7.91,3.98,4,4,0,0,29.1,33.9,24.1,4.75,4,17.78947368,1.052631579,8.028851863,0.3769988,0.014433895,Yes,No,Normal,Safe,Stable
16-04-2024 21:00,April,276.79,92.96,1,27.7,6.39,7.91,3.98,4,4,0,0,29.1,33.9,24.1,4.75,4,17.84210526,0.789473684,8.012368935,0.376123629,0.013428633,No,No,Normal,Safe,Stable
16-04-2024 22:00,April,276.79,92.96,1,27.7,6.39,7.91,3.98,4,4,1,0,29.1,33.9,24.1,4.75,4,17.89473684,0.526315789,7.995886008,0.375248458,0.012423371,Yes,No,Normal,Safe,Stable
16-04-2024 23:00,April,276.79,92.96,1,27.7,6.39,7.91,3.98,4,4,0,1,29.1,33.9,24.1,4.75,4,17.94736842,0.263157895,7.979403081,0.374373287,0.011418109,No,No,Normal,Safe,Stable
17-04-2024 00:00,April,276.79,92.96,1,27.7,6.39,7.91,3.98,4,4,0,0,29.1,33.9,24.1,4.75,4,18,0,7.962920153,0.373498116,0.010412847,Yes,No,Normal,Safe,Stable
17-04-2024 01:00,April,276.79,92.96,1,27.7,6.39,7.91,3.98,4,4,0,0,29.1,33.9,24.1,4.75,4,18,1,8.307715684,1.029118414,0.008450827,No,No,Normal,Safe,Stable
17-04-2024 02:00,April,276.79,92.96,1,27.7,6.39,7.91,3.98,4,4,0,1,29.1,33.9,24.1,4.75,4,18,2,7.941049957,0.970250731,-0.034353414,Yes,No,Normal,Safe,Stable
17-04-2024 03:00,April,276.79,92.96,1,27.7,6.39,7.91,3.98,4,4,0,0,29.1,33.9,24.1,4.75,4,18,3,8.003682723,0.270875085,0.987454212,No,No,Normal,Safe,Stable
17-04-2024 04:00,April,276.79,92.96,1,27.7,6.39,7.91,3.98,4,4,0,0,29.1,33.9,24.1,4.75,4,18,4,7.907627353,0.301033639,0.828012271,Yes,No,Normal,Safe,Stable
17-04-2024 05:00,April,276.79,92.96,1,27.7,6.39,7.91,3.98,4,4,0,0,29.1,33.9,24.1,4.75,4,18,5,8.076851473,0.366010317,0.001396844,No,No,Normal,Safe,Stable
17-04-2024 06:00,April,276.79,92.96,1,27.7,6.39,7.91,3.98,4,4,0,0,29.1,33.9,24.1,4.75,4,18.05263158,4.736842105,8.077043485,0.367630417,-0.000122798,Yes,No,Normal,Safe,Stable
17-04-2024 07:00,April,276.79,92.96,1,27.7,6.39,7.91,3.98,4,4,0,0,29.1,33.9,24.1,4.75,4,18.10526316,4.473684211,8.077235497,0.369250517,-0.001642439,No,No,Normal,Safe,Stable
17-04-2024 08:00,April,276.79,92.96,1,27.7,6.39,7.91,3.98,4,4,0,0,29.1,33.9,24.1,4.75,4,18.15789474,4.210526316,8.07742751,0.370870618,-0.003162081,Yes,No,Normal,Safe,Stable
17-04-2024 09:00,April,276.79,92.96,1,27.7,6.39,7.91,3.98,4,4,0,1,29.1,33.9,24.1,4.75,4,18.21052632,3.947368421,8.077619522,0.372490718,-0.004681722,No,No,Normal,Safe,Stable
17-04-2024 10:00,April,276.79,92.96,1,27.7,6.39,7.91,3.98,4,4,0,0,29.1,33.9,24.1,4.75,4,18.26315789,3.684210526,8.077811535,0.374110818,-0.006201364,Yes,No,Normal,Safe,Stable
17-04-2024 11:00,April,276.79,92.96,1,27.7,6.39,7.91,3.98,4,4,0,0,29.1,33.9,24.1,4.75,4,18.31578947,3.421052632,8.078003547,0.375730919,-0.007721005,No,No,Normal,Safe,Stable
17-04-2024 12:00,April,276.79,92.96,1,27.7,6.39,7.91,3.98,4,4,0,0,29.1,33.9,24.1,4.75,4,18.36842105,3.157894737,8.078195559,0.377351019,-0.009240647,Yes,No,Normal,Safe,Stable
17-04-2024 13:00,April,276.79,92.96,1,27.7,6.39,7.91,3.98,4,4,0,0,29.1,33.9,24.1,4.75,4,18.42105263,2.894736842,8.078387572,0.378971119,-0.010760288,No,No,Normal,Safe,Stable
17-04-2024 14:00,April,276.79,92.96,1,27.7,6.39,7.91,3.98,4,4,1,1,29.1,33.9,24.1,4.75,4,18.47368421,2.631578947,8.078579584,0.38059122,-0.01227993,Yes,No,Normal,Safe,Stable
17-04-2024 15:00,April,276.79,92.96,1,27.7,6.39,7.91,3.98,4,4,0,0,29.1,33.9,24.1,4.75,4,18.52631579,2.368421053,8.078771596,0.38221132,-0.013799571,No,No,Normal,Safe,Stable
17-04-2024 16:00,April,276.79,92.96,1,27.7,6.39,7.91,3.98,4,4,1,1,29.1,33.9,24.1,4.75,4,18.57894737,2.105263158,8.078963609,0.38383142,-0.015319212,Yes,No,Normal,Safe,Stable
17-04-2024 17:00,April,276.79,92.96,1,27.7,6.39,7.91,3.98,4,4,0,0,29.1,33.9,24.1,4.75,4,18.63157895,1.842105263,8.079155621,0.385451521,-0.016838854,No,No,Normal,Safe,Stable
17-04-2024 18:00,April,276.79,92.96,1,27.7,6.39,7.91,3.98,4,4,0,0,29.1,33.9,24.1,4.75,4,18.68421053,1.578947368,8.079347634,0.387071621,-0.018358495,Yes,No,Normal,Safe,Stable
17-04-2024 19:00,April,276.79,92.96,1,27.7,6.39,7.91,3.98,4,4,0,0,29.1,33.9,24.1,4.75,4,18.73684211,1.315789474,8.079539646,0.388691721,-0.019878137,No,No,Normal,Safe,Stable
17-04-2024 20:00,April,276.79,92.96,1,27.7,6.39,7.91,3.98,4,4,0,0,29.1,33.9,24.1,4.75,4,18.78947368,1.052631579,8.079731658,0.390311822,-0.021397778,Yes,No,Normal,Safe,Stable
17-04-2024 21:00,April,276.79,92.96,1,27.7,6.39,7.91,3.98,4,4,0,0,29.1,33.9,24.1,4.75,4,18.84210526,0.789473684,8.079923671,0.391931922,-0.02291742,No,No,Normal,Safe,Stable
17-04-2024 22:00,April,276.79,92.96,1,27.7,6.39,7.91,3.98,4,4,0,0,29.1,33.9,24.1,4.75,4,18.89473684,0.526315789,8.080115683,0.393552022,-0.024437061,Yes,No,Normal,Safe,Stable
17-04-2024 23:00,April,276.79,92.96,1,27.7,6.39,7.91,3.98,4,4,0,0,29.1,33.9,24.1,4.75,4,18.94736842,0.263157895,8.080307696,0.395172123,-0.025956703,No,No,Normal,Safe,Stable
18-04-2024 00:00,April,276.79,92.96,1,27.7,6.39,7.91,3.98,4,4,0,0,29.1,33.9,24.1,4.75,4,19,0,8.080499708,0.396792223,-0.027476344,Yes,No,Normal,Safe,Stable
18-04-2024 01:00,April,276.79,92.96,1,27.7,6.39,7.91,3.98,4,4,1,0,29.1,33.9,24.1,4.75,4,19,1,8.504916234,0.344207884,0.413535166,No,No,Normal,Safe,Stable
18-04-2024 02:00,April,276.79,92.96,1,27.7,6.39,7.91,3.98,4,4,0,0,29.1,33.9,24.1,4.75,4,19,2,7.88724371,0.304124353,0.444787097,Yes,No,Normal,Safe,Stable
18-04-2024 03:00,April,276.79,92.96,1,27.7,6.39,7.91,3.98,4,4,0,0,29.1,33.9,24.1,4.75,4,19,3,8.40446648,0.1753301,0.900770495,No,No,Normal,Safe,Stable
18-04-2024 04:00,April,276.79,92.96,1,27.7,6.39,7.91,3.98,4,4,0,0,29.1,33.9,24.1,4.75,4,19,4,7.862581993,0.95041319,0.005317209,Yes,No,Normal,Safe,Stable
18-04-2024 05:00,April,276.79,92.96,1,27.7,6.39,7.91,3.98,4,4,1,0,29.1,33.9,24.1,4.75,4,19,5,8.21784697,0.966362002,-0.011431909,No,No,Normal,Safe,Stable
18-04-2024 06:00,April,276.79,92.96,1,27.7,6.39,7.91,3.98,4,4,1,0,29.1,33.9,24.1,4.75,4,19.05263158,4.736842105,8.200619133,0.965892657,-0.011964947,Yes,No,Normal,Safe,Stable
18-04-2024 07:00,April,276.79,92.96,1,27.7,6.39,7.91,3.98,4,4,0,0,29.1,33.9,24.1,4.75,4,19.10526316,4.473684211,8.183391296,0.965423313,-0.012497985,No,No,Normal,Safe,Stable
18-04-2024 08:00,April,276.79,92.96,1,27.7,6.39,7.91,3.98,4,4,0,0,29.1,33.9,24.1,4.75,4,19.15789474,4.210526316,8.166163459,0.964953969,-0.013031024,Yes,No,Normal,Safe,Stable
18-04-2024 09:00,April,276.79,92.96,1,27.7,6.39,7.91,3.98,4,4,1,0,29.1,33.9,24.1,4.75,4,19.21052632,3.947368421,8.148935621,0.964484625,-0.013564062,No,No,Normal,Safe,Stable
18-04-2024 10:00,April,276.79,92.96,1,27.7,6.39,7.91,3.98,4,4,0,0,29.1,33.9,24.1,4.75,4,19.26315789,3.684210526,8.131707784,0.964015281,-0.0140971,Yes,No,Normal,Safe,Stable
18-04-2024 11:00,April,276.79,92.96,1,27.7,6.39,7.91,3.98,4,4,0,0,29.1,33.9,24.1,4.75,4,19.31578947,3.421052632,8.114479947,0.963545936,-0.014630138,No,No,Normal,Safe,Stable
18-04-2024 12:00,April,276.79,92.96,1,27.7,6.39,7.91,3.98,4,4,1,0,29.1,33.9,24.1,4.75,4,19.36842105,3.157894737,8.09725211,0.963076592,-0.015163176,Yes,No,Normal,Safe,Stable
18-04-2024 13:00,April,276.79,92.96,1,27.7,6.39,7.91,3.98,4,4,0,0,29.1,33.9,24.1,4.75,4,19.42105263,2.894736842,8.080024273,0.962607248,-0.015696215,No,No,Normal,Safe,Stable
18-04-2024 14:00,April,276.79,92.96,1,27.7,6.39,7.91,3.98,4,4,0,1,29.1,33.9,24.1,4.75,4,19.47368421,2.631578947,8.062796436,0.962137904,-0.016229253,Yes,No,Normal,Safe,Stable
18-04-2024 15:00,April,276.79,92.96,1,27.7,6.39,7.91,3.98,4,4,1,0,29.1,33.9,24.1,4.75,4,19.52631579,2.368421053,8.045568599,0.96166856,-0.016762291,No,No,Normal,Safe,Stable
18-04-2024 16:00,April,276.79,92.96,1,27.7,6.39,7.91,3.98,4,4,0,0,29.1,33.9,24.1,4.75,4,19.57894737,2.105263158,8.028340762,0.961199215,-0.017295329,Yes,No,Normal,Safe,Stable
18-04-2024 17:00,April,276.79,92.96,1,27.7,6.39,7.91,3.98,4,4,1,0,29.1,33.9,24.1,4.75,4,19.63157895,1.842105263,8.011112925,0.960729871,-0.017828367,No,No,Normal,Safe,Stable
18-04-2024 18:00,April,276.79,92.96,1,27.7,6.39,7.91,3.98,4,4,0,0,29.1,33.9,24.1,4.75,4,19.68421053,1.578947368,7.993885088,0.960260527,-0.018361406,Yes,No,Normal,Safe,Stable
18-04-2024 19:00,April,276.79,92.96,1,27.7,6.39,7.91,3.98,4,4,0,0,29.1,33.9,24.1,4.75,4,19.73684211,1.315789474,7.976657251,0.959791183,-0.018894444,No,No,Normal,Safe,Stable
18-04-2024 20:00,April,276.79,92.96,1,27.7,6.39,7.91,3.98,4,4,0,0,29.1,33.9,24.1,4.75,4,19.78947368,1.052631579,7.959429414,0.959321839,-0.019427482,Yes,No,Normal,Safe,Stable
18-04-2024 21:00,April,276.79,92.96,1,27.7,6.39,7.91,3.98,4,4,0,0,29.1,33.9,24.1,4.75,4,19.84210526,0.789473684,7.942201576,0.958852495,-0.01996052,No,No,Normal,Safe,Stable
18-04-2024 22:00,April,276.79,92.96,1,27.7,6.39,7.91,3.98,4,4,0,0,29.1,33.9,24.1,4.75,4,19.89473684,0.526315789,7.924973739,0.95838315,-0.020493559,Yes,No,Normal,Safe,Stable
18-04-2024 23:00,April,276.79,92.96,1,27.7,6.39,7.91,3.98,4,4,0,0,29.1,33.9,24.1,4.75,4,19.94736842,0.263157895,7.907745902,0.957913806,-0.021026597,No,No,Normal,Safe,Stable
19-04-2024 00:00,April,276.79,92.96,1,27.7,6.39,7.91,3.98,4,4,0,0,29.1,33.9,24.1,4.75,4,20,0,7.890518065,0.957444462,-0.021559635,Yes,No,Normal,Safe,Stable
19-04-2024 01:00,April,276.79,92.96,1,27.7,6.39,7.91,3.98,4,4,0,0,29.1,33.9,24.1,4.75,4,20,1,8.146476846,0.979802738,-0.027839116,No,No,Normal,Safe,Stable
19-04-2024 02:00,April,276.79,92.96,1,27.7,6.39,7.91,3.98,4,4,1,0,29.1,33.9,24.1,4.75,4,20,2,7.920729382,0.978169551,-0.024353961,Yes,No,Normal,Safe,Stable
19-04-2024 03:00,April,276.79,92.96,1,27.7,6.39,7.91,3.98,4,4,1,0,29.1,33.9,24.1,4.75,4,20,3,8.239304831,0.312960957,0.891614882,No,No,Normal,Safe,Stable
19-04-2024 04:00,April,276.79,92.96,1,27.7,6.39,7.91,3.98,4,4,0,0,29.1,33.9,24.1,4.75,4,20,4,8.420944783,0.292941261,0.852310085,Yes,No,Normal,Safe,Stable
19-04-2024 05:00,April,276.79,92.96,1,27.7,6.39,7.91,3.98,4,4,0,0,29.1,33.9,24.1,4.75,4,20,5,8.23045805,0.420473954,0.009379075,No,No,Normal,Safe,Stable
19-04-2024 06:00,April,276.79,92.96,1,27.7,6.39,7.91,3.98,4,4,1,0,29.1,33.9,24.1,4.75,4,20.05263158,4.736842105,8.219837919,0.420681849,0.009523141,Yes,No,Normal,Safe,Stable
19-04-2024 07:00,April,276.79,92.96,1,27.7,6.39,7.91,3.98,4,4,0,0,29.1,33.9,24.1,4.75,4,20.10526316,4.473684211,8.209217788,0.420889744,0.009667206,No,No,Normal,Safe,Stable
19-04-2024 08:00,April,276.79,92.96,1,27.7,6.39,7.91,3.98,4,4,1,0,29.1,33.9,24.1,4.75,4,20.15789474,4.210526316,8.198597657,0.42109764,0.009811272,Yes,No,Normal,Safe,Stable
19-04-2024 09:00,April,276.79,92.96,1,27.7,6.39,7.91,3.98,4,4,0,0,29.1,33.9,24.1,4.75,4,20.21052632,3.947368421,8.187977526,0.421305535,0.009955338,No,No,Normal,Safe,Stable
19-04-2024 10:00,April,276.79,92.96,1,27.7,6.39,7.91,3.98,4,4,0,0,29.1,33.9,24.1,4.75,4,20.26315789,3.684210526,8.177357395,0.42151343,0.010099403,Yes,No,Normal,Safe,Stable
19-04-2024 11:00,April,276.79,92.96,1,27.7,6.39,7.91,3.98,4,4,0,0,29.1,33.9,24.1,4.75,4,20.31578947,3.421052632,8.166737265,0.421721326,0.010243469,No,No,Normal,Safe,Stable
19-04-2024 12:00,April,276.79,92.96,1,27.7,6.39,7.91,3.98,4,4,1,0,29.1,33.9,24.1,4.75,4,20.36842105,3.157894737,8.156117134,0.421929221,0.010387535,Yes,No,Normal,Safe,Stable
19-04-2024 13:00,April,276.79,92.96,1,27.7,6.39,7.91,3.98,4,4,1,0,29.1,33.9,24.1,4.75,4,20.42105263,2.894736842,8.145497003,0.422137117,0.0105316,No,No,Normal,Safe,Stable
19-04-2024 14:00,April,276.79,92.96,1,27.7,6.39,7.91,3.98,4,4,0,0,29.1,33.9,24.1,4.75,4,20.47368421,2.631578947,8.134876872,0.422345012,0.010675666,Yes,No,Normal,Safe,Stable
19-04-2024 15:00,April,276.79,92.96,1,27.7,6.39,7.91,3.98,4,4,1,0,29.1,33.9,24.1,4.75,4,20.52631579,2.368421053,8.124256741,0.422552907,0.010819731,No,No,Normal,Safe,Stable
19-04-2024 16:00,April,276.79,92.96,1,27.7,6.39,7.91,3.98,4,4,1,0,29.1,33.9,24.1,4.75,4,20.57894737,2.105263158,8.11363661,0.422760803,0.010963797,Yes,No,Normal,Safe,Stable
19-04-2024 17:00,April,276.79,92.96,1,27.7,6.39,7.91,3.98,4,4,0,0,29.1,33.9,24.1,4.75,4,20.63157895,1.842105263,8.103016479,0.422968698,0.011107863,No,No,Normal,Safe,Stable
19-04-2024 18:00,April,276.79,92.96,1,27.7,6.39,7.91,3.98,4,4,0,0,29.1,33.9,24.1,4.75,4,20.68421053,1.578947368,8.092396348,0.423176593,0.011251928,Yes,No,Normal,Safe,Stable
19-04-2024 19:00,April,276.79,92.96,1,27.7,6.39,7.91,3.98,4,4,0,0,29.1,33.9,24.1,4.75,4,20.73684211,1.315789474,8.081776217,0.423384489,0.011395994,No,No,Normal,Safe,Stable
19-04-2024 20:00,April,276.79,92.96,1,27.7,6.39,7.91,3.98,4,4,0,0,29.1,33.9,24.1,4.75,4,20.78947368,1.052631579,8.071156087,0.423592384,0.011540059,Yes,No,Normal,Safe,Stable
19-04-2024 21:00,April,276.79,92.96,1,27.7,6.39,7.91,3.98,4,4,0,0,29.1,33.9,24.1,4.75,4,20.84210526,0.789473684,8.060535956,0.423800279,0.011684125,No,No,Normal,Safe,Stable
19-04-2024 22:00,April,276.79,92.96,1,27.7,6.39,7.91,3.98,4,4,0,0,29.1,33.9,24.1,4.75,4,20.89473684,0.526315789,8.049915825,0.424008175,0.011828191,Yes,No,Normal,Safe,Stable
19-04-2024 23:00,April,276.79,92.96,1,27.7,6.39,7.91,3.98,4,4,0,0,29.1,33.9,24.1,4.75,4,20.94736842,0.263157895,8.039295694,0.42421607,0.011972256,No,No,Normal,Safe,Stable
20-04-2024 00:00,April,276.79,92.96,1,27.7,6.39,7.91,3.98,4,4,0,0,29.1,33.9,24.1,4.75,4,21,0,8.028675563,0.424423965,0.012116322,Yes,No,Normal,Safe,Stable
20-04-2024 01:00,April,276.79,92.96,1,27.7,6.39,7.91,3.98,4,4,1,0,29.1,33.9,24.1,4.75,4,21,1,8.614159634,0.328068212,0.1327382,No,No,Normal,Safe,Stable
20-04-2024 02:00,April,276.79,92.96,1,27.7,6.39,7.91,3.98,4,4,0,0,29.1,33.9,24.1,4.75,4,21,2,7.522896416,1.006555788,0.010493099,Yes,No,Normal,Safe,Stable
20-04-2024 03:00,April,276.79,92.96,1,27.7,6.39,7.91,3.98,4,4,0,0,29.1,33.9,24.1,4.75,4,21,3,8.157639573,0.33911358,0.860726071,No,No,Normal,Safe,Stable
20-04-2024 04:00,April,276.79,92.96,1,27.7,6.39,7.91,3.98,4,4,0,0,29.1,33.9,24.1,4.75,4,21,4,7.867142733,0.251099992,0.953102791,Yes,No,Normal,Safe,Stable
20-04-2024 05:00,April,276.79,92.96,1,27.7,6.39,7.91,3.98,4,4,0,0,29.1,33.9,24.1,4.75,4,21,5,8.368617298,0.39317367,0.032682731,No,No,Normal,Safe,Stable
20-04-2024 06:00,April,276.79,92.96,1,27.7,6.39,7.91,3.98,4,4,0,0,29.1,33.9,24.1,4.75,4,21.05263158,4.736842105,8.355164844,0.423349021,0.029805842,Yes,No,Normal,Safe,Stable
20-04-2024 07:00,April,276.79,92.96,1,27.7,6.39,7.91,3.98,4,4,1,1,29.1,33.9,24.1,4.75,4,21.10526316,4.473684211,8.34171239,0.453524372,0.026928954,No,No,Normal,Safe,Stable
20-04-2024 08:00,April,276.79,92.96,1,27.7,6.39,7.91,3.98,4,4,0,0,29.1,33.9,24.1,4.75,4,21.15789474,4.210526316,8.328259937,0.483699723,0.024052065,Yes,No,Normal,Safe,Stable
20-04-2024 09:00,April,276.79,92.96,1,27.7,6.39,7.91,3.98,4,4,0,0,29.1,33.9,24.1,4.75,4,21.21052632,3.947368421,8.314807483,0.513875074,0.021175177,No,No,Normal,Safe,Stable
20-04-2024 10:00,April,276.79,92.96,1,27.7,6.39,7.91,3.98,4,4,0,0,29.1,33.9,24.1,4.75,4,21.26315789,3.684210526,8.301355029,0.544050426,0.018298288,Yes,No,Normal,Safe,Stable
20-04-2024 11:00,April,276.79,92.96,1,27.7,6.39,7.91,3.98,4,4,0,0,29.1,33.9,24.1,4.75,4,21.31578947,3.421052632,8.287902575,0.574225777,0.0154214,No,No,Normal,Safe,Stable
20-04-2024 12:00,April,276.79,92.96,1,27.7,6.39,7.91,3.98,4,4,1,0,29.1,33.9,24.1,4.75,4,21.36842105,3.157894737,8.274450122,0.604401128,0.012544512,Yes,No,Normal,Safe,Stable
20-04-2024 13:00,April,276.79,92.96,1,27.7,6.39,7.91,3.98,4,4,0,0,29.1,33.9,24.1,4.75,4,21.42105263,2.894736842,8.260997668,0.634576479,0.009667623,No,No,Normal,Safe,Stable
20-04-2024 14:00,April,276.79,92.96,1,27.7,6.39,7.91,3.98,4,4,0,0,29.1,33.9,24.1,4.75,4,21.47368421,2.631578947,8.247545214,0.66475183,0.006790735,Yes,No,Normal,Safe,Stable
20-04-2024 15:00,April,276.79,92.96,1,27.7,6.39,7.91,3.98,4,4,0,0,29.1,33.9,24.1,4.75,4,21.52631579,2.368421053,8.23409276,0.694927182,0.003913846,No,No,Normal,Safe,Stable
20-04-2024 16:00,April,276.79,92.96,1,27.7,6.39,7.91,3.98,4,4,0,0,29.1,33.9,24.1,4.75,4,21.57894737,2.105263158,8.220640306,0.725102533,0.001036958,Yes,No,Normal,Safe,Stable
20-04-2024 17:00,April,276.79,92.96,1,27.7,6.39,7.91,3.98,4,4,0,0,29.1,33.9,24.1,4.75,4,21.63157895,1.842105263,8.207187853,0.755277884,-0.001839931,No,No,Normal,Safe,Stable
20-04-2024 18:00,April,276.79,92.96,1,27.7,6.39,7.91,3.98,4,4,0,0,29.1,33.9,24.1,4.75,4,21.68421053,1.578947368,8.193735399,0.785453235,-0.004716819,Yes,No,Normal,Safe,Stable
20-04-2024 19:00,April,276.79,92.96,1,27.7,6.39,7.91,3.98,4,4,0,1,29.1,33.9,24.1,4.75,4,21.73684211,1.315789474,8.180282945,0.815628586,-0.007593708,No,No,Normal,Safe,Stable
20-04-2024 20:00,April,276.79,92.96,1,27.7,6.39,7.91,3.98,4,4,0,0,29.1,33.9,24.1,4.75,4,21.78947368,1.052631579,8.166830491,0.845803938,-0.010470596,Yes,No,Normal,Safe,Stable
20-04-2024 21:00,April,276.79,92.96,1,27.7,6.39,7.91,3.98,4,4,0,0,29.1,33.9,24.1,4.75,4,21.84210526,0.789473684,8.153378038,0.875979289,-0.013347485,No,No,Normal,Safe,Stable
20-04-2024 22:00,April,276.79,92.96,1,27.7,6.39,7.91,3.98,4,4,1,0,29.1,33.9,24.1,4.75,4,21.89473684,0.526315789,8.139925584,0.90615464,-0.016224373,Yes,No,Normal,Safe,Stable
20-04-2024 23:00,April,276.79,92.96,1,27.7,6.39,7.91,3.98,4,4,0,0,29.1,33.9,24.1,4.75,4,21.94736842,0.263157895,8.12647313,0.936329991,-0.019101261,No,No,Normal,Safe,Stable
21-04-2024 00:00,April,276.79,92.96,1,27.7,6.39,7.91,3.98,4,4,0,0,29.1,33.9,24.1,4.75,4,22,0,8.113020676,0.966505343,-0.02197815,Yes,No,Normal,Safe,Stable
21-04-2024 01:00,April,276.79,92.96,1,27.7,6.39,7.91,3.98,4,4,0,0,29.1,33.9,24.1,4.75,4,22,1,8.124295799,0.353594483,0.139319127,No,No,Normal,Safe,Stable
21-04-2024 02:00,April,276.79,92.96,1,27.7,6.39,7.91,3.98,4,4,0,0,29.1,33.9,24.1,4.75,4,22,2,8.233393477,0.971899845,0.014151916,Yes,No,Normal,Safe,Stable
21-04-2024 03:00,April,276.79,92.96,1,27.7,6.39,7.91,3.98,4,4,0,0,29.1,33.9,24.1,4.75,4,22,3,8.283454355,0.269709975,0.844458957,No,No,Normal,Safe,Stable
21-04-2024 04:00,April,276.79,92.96,1,27.7,6.39,7.91,3.98,4,4,0,0,29.1,33.9,24.1,4.75,4,22,4,7.895636968,0.258509078,0.970970861,Yes,No,Normal,Safe,Stable
21-04-2024 05:00,April,276.79,92.96,1,27.7,6.39,7.91,3.98,4,4,1,0,29.1,33.9,24.1,4.75,4,22,5,8.219174378,0.406444492,0.042404829,No,No,Normal,Safe,Stable
21-04-2024 06:00,April,276.79,92.96,1,27.7,6.39,7.91,3.98,4,4,0,0,29.1,33.9,24.1,4.75,4,22.05263158,4.736842105,8.216701445,0.436618337,0.039735853,Yes,No,Normal,Safe,Stable
21-04-2024 07:00,April,276.79,92.96,1,27.7,6.39,7.91,3.98,4,4,0,0,29.1,33.9,24.1,4.75,4,22.10526316,4.473684211,8.214228512,0.466792182,0.037066877,No,No,Normal,Safe,Stable
21-04-2024 08:00,April,276.79,92.96,1,27.7,6.39,7.91,3.98,4,4,1,0,29.1,33.9,24.1,4.75,4,22.15789474,4.210526316,8.211755578,0.496966026,0.034397901,Yes,No,Normal,Safe,Stable
21-04-2024 09:00,April,276.79,92.96,1,27.7,6.39,7.91,3.98,4,4,0,0,29.1,33.9,24.1,4.75,4,22.21052632,3.947368421,8.209282645,0.527139871,0.031728925,No,No,Normal,Safe,Stable
21-04-2024 10:00,April,276.79,92.96,1,27.7,6.39,7.91,3.98,4,4,0,1,29.1,33.9,24.1,4.75,4,22.26315789,3.684210526,8.206809712,0.557313715,0.029059949,Yes,No,Normal,Safe,Stable
21-04-2024 11:00,April,276.79,92.96,1,27.7,6.39,7.91,3.98,4,4,0,0,29.1,33.9,24.1,4.75,4,22.31578947,3.421052632,8.204336778,0.58748756,0.026390973,No,No,Normal,Safe,Stable
21-04-2024 12:00,April,276.79,92.96,1,27.7,6.39,7.91,3.98,4,4,1,0,29.1,33.9,24.1,4.75,4,22.36842105,3.157894737,8.201863845,0.617661404,0.023721997,Yes,No,Normal,Safe,Stable
21-04-2024 13:00,April,276.79,92.96,1,27.7,6.39,7.91,3.98,4,4,0,0,29.1,33.9,24.1,4.75,4,22.42105263,2.894736842,8.199390912,0.647835249,0.021053021,No,No,Normal,Safe,Stable
21-04-2024 14:00,April,276.79,92.96,1,27.7,6.39,7.91,3.98,4,4,0,0,29.1,33.9,24.1,4.75,4,22.47368421,2.631578947,8.196917979,0.678009093,0.018384045,Yes,No,Normal,Safe,Stable
21-04-2024 15:00,April,276.79,92.96,1,27.7,6.39,7.91,3.98,4,4,0,0,29.1,33.9,24.1,4.75,4,22.52631579,2.368421053,8.194445045,0.708182938,0.015715069,No,No,Normal,Safe,Stable
21-04-2024 16:00,April,276.79,92.96,1,27.7,6.39,7.91,3.98,4,4,0,0,29.1,33.9,24.1,4.75,4,22.57894737,2.105263158,8.191972112,0.738356782,0.013046093,Yes,No,Normal,Safe,Stable
21-04-2024 17:00,April,276.79,92.96,1,27.7,6.39,7.91,3.98,4,4,0,0,29.1,33.9,24.1,4.75,4,22.63157895,1.842105263,8.189499179,0.768530627,0.010377117,No,No,Normal,Safe,Stable
21-04-2024 18:00,April,276.79,92.96,1,27.7,6.39,7.91,3.98,4,4,0,0,29.1,33.9,24.1,4.75,4,22.68421053,1.578947368,8.187026245,0.798704471,0.007708141,Yes,No,Normal,Safe,Stable
21-04-2024 19:00,April,276.79,92.96,1,27.7,6.39,7.91,3.98,4,4,1,0,29.1,33.9,24.1,4.75,4,22.73684211,1.315789474,8.184553312,0.828878316,0.005039165,No,No,Normal,Safe,Stable
21-04-2024 20:00,April,276.79,92.96,1,27.7,6.39,7.91,3.98,4,4,0,1,29.1,33.9,24.1,4.75,4,22.78947368,1.052631579,8.182080379,0.859052161,0.002370188,Yes,No,Normal,Safe,Stable
21-04-2024 21:00,April,276.79,92.96,1,27.7,6.39,7.91,3.98,4,4,0,0,29.1,33.9,24.1,4.75,4,22.84210526,0.789473684,8.179607446,0.889226005,-0.000298788,No,No,Normal,Safe,Stable
21-04-2024 22:00,April,276.79,92.96,1,27.7,6.39,7.91,3.98,4,4,1,0,29.1,33.9,24.1,4.75,4,22.89473684,0.526315789,8.177134512,0.91939985,-0.002967764,Yes,No,Normal,Safe,Stable
21-04-2024 23:00,April,276.79,92.96,1,27.7,6.39,7.91,3.98,4,4,0,0,29.1,33.9,24.1,4.75,4,22.94736842,0.263157895,8.174661579,0.949573694,-0.00563674,No,No,Normal,Safe,Stable
22-04-2024 00:00,April,276.79,92.96,1,27.7,6.39,7.91,3.98,4,4,1,0,29.1,33.9,24.1,4.75,4,23,0,8.172188646,0.979747539,-0.008305716,Yes,No,Normal,Safe,Stable
22-04-2024 01:00,April,276.79,92.96,1,27.7,6.39,7.91,3.98,4,4,0,0,29.1,33.9,24.1,4.75,4,23,1,7.604021191,0.951137954,0.015971091,No,No,Normal,Safe,Stable
22-04-2024 02:00,April,276.79,92.96,1,27.7,6.39,7.91,3.98,4,4,1,0,29.1,33.9,24.1,4.75,4,23,2,7.81806106,0.324000927,0.433705422,Yes,No,Normal,Safe,Stable
22-04-2024 03:00,April,276.79,92.96,1,27.7,6.39,7.91,3.98,4,4,0,0,29.1,33.9,24.1,4.75,4,23,3,8.062859059,0.97561767,0.002797902,No,No,Normal,Safe,Stable
22-04-2024 04:00,April,276.79,92.96,1,27.7,6.39,7.91,3.98,4,4,0,0,29.1,33.9,24.1,4.75,4,23,4,7.82330557,0.965396443,0.027358262,Yes,No,Normal,Safe,Stable
22-04-2024 05:00,April,276.79,92.96,1,27.7,6.39,7.91,3.98,4,4,1,0,29.1,33.9,24.1,4.75,4,23,5,8.435857788,0.392457803,0.020125357,No,No,Normal,Safe,Stable
22-04-2024 06:00,April,276.79,92.96,1,27.7,6.39,7.91,3.98,4,4,0,0,29.1,33.9,24.1,4.75,4,23.05263158,4.736842105,8.439039725,0.394030594,0.020346257,Yes,No,Normal,Safe,Stable
22-04-2024 07:00,April,276.79,92.96,1,27.7,6.39,7.91,3.98,4,4,0,0,29.1,33.9,24.1,4.75,4,23.10526316,4.473684211,8.442221661,0.395603385,0.020567157,No,No,Normal,Safe,Stable
22-04-2024 08:00,April,276.79,92.96,1,27.7,6.39,7.91,3.98,4,4,0,0,29.1,33.9,24.1,4.75,4,23.15789474,4.210526316,8.445403598,0.397176177,0.020788057,Yes,No,Normal,Safe,Stable
22-04-2024 09:00,April,276.79,92.96,1,27.7,6.39,7.91,3.98,4,4,0,0,29.1,33.9,24.1,4.75,4,23.21052632,3.947368421,8.448585535,0.398748968,0.021008957,No,No,Normal,Safe,Stable
22-04-2024 10:00,April,276.79,92.96,1,27.7,6.39,7.91,3.98,4,4,1,0,29.1,33.9,24.1,4.75,4,23.26315789,3.684210526,8.451767472,0.400321759,0.021229857,Yes,No,Normal,Safe,Stable
22-04-2024 11:00,April,276.79,92.96,1,27.7,6.39,7.91,3.98,4,4,0,0,29.1,33.9,24.1,4.75,4,23.31578947,3.421052632,8.454949409,0.40189455,0.021450757,No,No,Normal,Safe,Stable
22-04-2024 12:00,April,276.79,92.96,1,27.7,6.39,7.91,3.98,4,4,0,0,29.1,33.9,24.1,4.75,4,23.36842105,3.157894737,8.458131346,0.403467341,0.021671657,Yes,No,Normal,Safe,Stable
22-04-2024 13:00,April,276.79,92.96,1,27.7,6.39,7.91,3.98,4,4,0,0,29.1,33.9,24.1,4.75,4,23.42105263,2.894736842,8.461313282,0.405040133,0.021892557,No,No,Normal,Safe,Stable
22-04-2024 14:00,April,276.79,92.96,1,27.7,6.39,7.91,3.98,4,4,0,0,29.1,33.9,24.1,4.75,4,23.47368421,2.631578947,8.464495219,0.406612924,0.022113457,Yes,No,Normal,Safe,Stable
22-04-2024 15:00,April,276.79,92.96,1,27.7,6.39,7.91,3.98,4,4,0,0,29.1,33.9,24.1,4.75,4,23.52631579,2.368421053,8.467677156,0.408185715,0.022334357,No,No,Normal,Safe,Stable
22-04-2024 16:00,April,276.79,92.96,1,27.7,6.39,7.91,3.98,4,4,1,0,29.1,33.9,24.1,4.75,4,23.57894737,2.105263158,8.470859093,0.409758506,0.022555257,Yes,No,Normal,Safe,Stable
22-04-2024 17:00,April,276.79,92.96,1,27.7,6.39,7.91,3.98,4,4,0,0,29.1,33.9,24.1,4.75,4,23.63157895,1.842105263,8.47404103,0.411331297,0.022776157,No,No,Normal,Safe,Stable
22-04-2024 18:00,April,276.79,92.96,1,27.7,6.39,7.91,3.98,4,4,1,1,29.1,33.9,24.1,4.75,4,23.68421053,1.578947368,8.477222966,0.412904089,0.022997057,Yes,No,Normal,Safe,Stable
22-04-2024 19:00,April,276.79,92.96,1,27.7,6.39,7.91,3.98,4,4,0,0,29.1,33.9,24.1,4.75,4,23.73684211,1.315789474,8.480404903,0.41447688,0.023217958,No,No,Normal,Safe,Stable
22-04-2024 20:00,April,276.79,92.96,1,27.7,6.39,7.91,3.98,4,4,0,0,29.1,33.9,24.1,4.75,4,23.78947368,1.052631579,8.48358684,0.416049671,0.023438858,Yes,No,Normal,Safe,Stable
22-04-2024 21:00,April,276.79,92.96,1,27.7,6.39,7.91,3.98,4,4,0,0,29.1,33.9,24.1,4.75,4,23.84210526,0.789473684,8.486768777,0.417622462,0.023659758,No,No,Normal,Safe,Stable
22-04-2024 22:00,April,276.79,92.96,1,27.7,6.39,7.91,3.98,4,4,0,0,29.1,33.9,24.1,4.75,4,23.89473684,0.526315789,8.489950714,0.419195253,0.023880658,Yes,No,Normal,Safe,Stable
22-04-2024 23:00,April,276.79,92.96,1,27.7,6.39,7.91,3.98,4,4,1,1,29.1,33.9,24.1,4.75,4,23.94736842,0.263157895,8.493132651,0.420768045,0.024101558,No,No,Normal,Safe,Stable
23-04-2024 00:00,April,276.79,92.96,1,27.7,6.39,7.91,3.98,4,4,0,0,29.1,33.9,24.1,4.75,4,24,0,8.496314587,0.422340836,0.024322458,Yes,No,Normal,Safe,Stable
23-04-2024 01:00,April,276.79,92.96,1,27.7,6.39,7.91,3.98,4,4,0,0,29.1,33.9,24.1,4.75,4,24,1,8.263924618,0.322309183,0.10315361,No,No,Normal,Safe,Stable
23-04-2024 02:00,April,276.79,92.96,1,27.7,6.39,7.91,3.98,4,4,0,0,29.1,33.9,24.1,4.75,4,24,2,8.180650927,0.375674481,0.480684574,Yes,No,Normal,Safe,Stable
23-04-2024 03:00,April,276.79,92.96,1,27.7,6.39,7.91,3.98,4,4,0,0,29.1,33.9,24.1,4.75,4,24,3,8.45161327,0.231130567,0.988073348,No,No,Normal,Safe,Stable
23-04-2024 04:00,April,276.79,92.96,1,27.7,6.39,7.91,3.98,4,4,0,0,29.1,33.9,24.1,4.75,4,24,4,8.076772078,0.29042327,0.873248842,Yes,No,Normal,Safe,Stable
23-04-2024 05:00,April,276.79,92.96,1,27.7,6.39,7.91,3.98,4,4,0,0,29.1,33.9,24.1,4.75,4,24,5,8.510173385,0.369714757,0.003122068,No,No,Normal,Safe,Stable
23-04-2024 06:00,April,276.79,92.96,1,27.7,6.39,7.91,3.98,4,4,0,0,29.1,33.9,24.1,4.75,4,24.05263158,4.736842105,8.490408164,0.37126056,0.005461889,Yes,No,Normal,Safe,Stable
23-04-2024 07:00,April,276.79,92.96,1,27.7,6.39,7.91,3.98,4,4,0,1,29.1,33.9,24.1,4.75,4,24.10526316,4.473684211,8.470642943,0.372806364,0.00780171,No,No,Normal,Safe,Stable
23-04-2024 08:00,April,276.79,92.96,1,27.7,6.39,7.91,3.98,4,4,0,0,29.1,33.9,24.1,4.75,4,24.15789474,4.210526316,8.450877723,0.374352168,0.010141531,Yes,No,Normal,Safe,Stable
23-04-2024 09:00,April,276.79,92.96,1,27.7,6.39,7.91,3.98,4,4,0,0,29.1,33.9,24.1,4.75,4,24.21052632,3.947368421,8.431112502,0.375897972,0.012481353,No,No,Normal,Safe,Stable
23-04-2024 10:00,April,276.79,92.96,1,27.7,6.39,7.91,3.98,4,4,0,0,29.1,33.9,24.1,4.75,4,24.26315789,3.684210526,8.411347281,0.377443776,0.014821174,Yes,No,Normal,Safe,Stable
23-04-2024 11:00,April,276.79,92.96,1,27.7,6.39,7.91,3.98,4,4,1,0,29.1,33.9,24.1,4.75,4,24.31578947,3.421052632,8.39158206,0.37898958,0.017160995,No,No,Normal,Safe,Stable
23-04-2024 12:00,April,276.79,92.96,1,27.7,6.39,7.91,3.98,4,4,0,0,29.1,33.9,24.1,4.75,4,24.36842105,3.157894737,8.371816839,0.380535384,0.019500816,Yes,No,Normal,Safe,Stable
23-04-2024 13:00,April,276.79,92.96,1,27.7,6.39,7.91,3.98,4,4,0,0,29.1,33.9,24.1,4.75,4,24.42105263,2.894736842,8.352051618,0.382081188,0.021840637,No,No,Normal,Safe,Stable
23-04-2024 14:00,April,276.79,92.96,1,27.7,6.39,7.91,3.98,4,4,0,0,29.1,33.9,24.1,4.75,4,24.47368421,2.631578947,8.332286397,0.383626992,0.024180458,Yes,No,Normal,Safe,Stable
23-04-2024 15:00,April,276.79,92.96,1,27.7,6.39,7.91,3.98,4,4,0,0,29.1,33.9,24.1,4.75,4,24.52631579,2.368421053,8.312521176,0.385172796,0.026520279,No,No,Normal,Safe,Stable
23-04-2024 16:00,April,276.79,92.96,1,27.7,6.39,7.91,3.98,4,4,0,0,29.1,33.9,24.1,4.75,4,24.57894737,2.105263158,8.292755955,0.3867186,0.028860101,Yes,No,Normal,Safe,Stable
23-04-2024 17:00,April,276.79,92.96,1,27.7,6.39,7.91,3.98,4,4,1,0,29.1,33.9,24.1,4.75,4,24.63157895,1.842105263,8.272990734,0.388264404,0.031199922,No,No,Normal,Safe,Stable
23-04-2024 18:00,April,276.79,92.96,1,27.7,6.39,7.91,3.98,4,4,1,0,29.1,33.9,24.1,4.75,4,24.68421053,1.578947368,8.253225513,0.389810207,0.033539743,Yes,No,Normal,Safe,Stable
23-04-2024 19:00,April,276.79,92.96,1,27.7,6.39,7.91,3.98,4,4,0,0,29.1,33.9,24.1,4.75,4,24.73684211,1.315789474,8.233460292,0.391356011,0.035879564,No,No,Normal,Safe,Stable
23-04-2024 20:00,April,276.79,92.96,1,27.7,6.39,7.91,3.98,4,4,1,0,29.1,33.9,24.1,4.75,4,24.78947368,1.052631579,8.213695071,0.392901815,0.038219385,Yes,No,Normal,Safe,Stable
23-04-2024 21:00,April,276.79,92.96,1,27.7,6.39,7.91,3.98,4,4,1,0,29.1,33.9,24.1,4.75,4,24.84210526,0.789473684,8.193929851,0.394447619,0.040559206,No,No,Normal,Safe,Stable
23-04-2024 22:00,April,276.79,92.96,1,27.7,6.39,7.91,3.98,4,4,0,0,29.1,33.9,24.1,4.75,4,24.89473684,0.526315789,8.17416463,0.395993423,0.042899027,Yes,No,Normal,Safe,Stable
23-04-2024 23:00,April,276.79,92.96,1,27.7,6.39,7.91,3.98,4,4,0,0,29.1,33.9,24.1,4.75,4,24.94736842,0.263157895,8.154399409,0.397539227,0.045238848,No,No,Normal,Safe,Stable
24-04-2024 00:00,April,276.79,92.96,1,27.7,6.39,7.91,3.98,4,4,0,0,29.1,33.9,24.1,4.75,4,25,0,8.134634188,0.399085031,0.04757867,Yes,No,Normal,Safe,Stable
24-04-2024 01:00,April,276.79,92.96,1,27.7,6.39,7.91,3.98,4,4,0,0,29.1,33.9,24.1,4.75,4,25,1,8.303853392,0.310974316,0.135410156,No,No,Normal,Safe,Stable
24-04-2024 02:00,April,276.79,92.96,1,27.7,6.39,7.91,3.98,4,4,0,0,29.1,33.9,24.1,4.75,4,25,2,8.01768379,0.366038002,0.452875545,Yes,No,Normal,Safe,Stable
24-04-2024 03:00,April,276.79,92.96,1,27.7,6.39,7.91,3.98,4,4,0,0,29.1,33.9,24.1,4.75,4,25,3,8.216639311,0.266839774,0.863157867,No,No,Normal,Safe,Stable
24-04-2024 04:00,April,276.79,92.96,1,27.7,6.39,7.91,3.98,4,4,1,0,29.1,33.9,24.1,4.75,4,25,4,8.074495082,0.960808367,0.004589993,Yes,No,Normal,Safe,Stable
24-04-2024 05:00,April,276.79,92.96,1,27.7,6.39,7.91,3.98,4,4,0,0,29.1,33.9,24.1,4.75,4,25,5,7.828489042,0.415166195,0.0384194,No,No,Normal,Safe,Stable
24-04-2024 06:00,April,276.79,92.96,1,27.7,6.39,7.91,3.98,4,4,0,0,29.1,33.9,24.1,4.75,4,25.05263158,4.736842105,7.843117612,0.444838666,0.034947445,Yes,No,Normal,Safe,Stable
24-04-2024 07:00,April,276.79,92.96,1,27.7,6.39,7.91,3.98,4,4,0,0,29.1,33.9,24.1,4.75,4,25.10526316,4.473684211,7.857746182,0.474511136,0.03147549,No,No,Normal,Safe,Stable
24-04-2024 08:00,April,276.79,92.96,1,27.7,6.39,7.91,3.98,4,4,0,0,29.1,33.9,24.1,4.75,4,25.15789474,4.210526316,7.872374753,0.504183607,0.028003535,Yes,No,Normal,Safe,Stable
24-04-2024 09:00,April,276.79,92.96,1,27.7,6.39,7.91,3.98,4,4,0,0,29.1,33.9,24.1,4.75,4,25.21052632,3.947368421,7.887003323,0.533856078,0.024531579,No,No,Normal,Safe,Stable
24-04-2024 10:00,April,276.79,92.96,1,27.7,6.39,7.91,3.98,4,4,0,0,29.1,33.9,24.1,4.75,4,25.26315789,3.684210526,7.901631893,0.563528548,0.021059624,Yes,No,Normal,Safe,Stable
24-04-2024 11:00,April,276.79,92.96,1,27.7,6.39,7.91,3.98,4,4,0,0,29.1,33.9,24.1,4.75,4,25.31578947,3.421052632,7.916260463,0.593201019,0.017587669,No,No,Normal,Safe,Stable
24-04-2024 12:00,April,276.79,92.96,1,27.7,6.39,7.91,3.98,4,4,0,0,29.1,33.9,24.1,4.75,4,25.36842105,3.157894737,7.930889033,0.62287349,0.014115714,Yes,No,Normal,Safe,Stable
24-04-2024 13:00,April,276.79,92.96,1,27.7,6.39,7.91,3.98,4,4,0,0,29.1,33.9,24.1,4.75,4,25.42105263,2.894736842,7.945517603,0.65254596,0.010643759,No,No,Normal,Safe,Stable
24-04-2024 14:00,April,276.79,92.96,1,27.7,6.39,7.91,3.98,4,4,0,0,29.1,33.9,24.1,4.75,4,25.47368421,2.631578947,7.960146173,0.682218431,0.007171803,Yes,No,Normal,Safe,Stable
24-04-2024 15:00,April,276.79,92.96,1,27.7,6.39,7.91,3.98,4,4,1,0,29.1,33.9,24.1,4.75,4,25.52631579,2.368421053,7.974774744,0.711890901,0.003699848,No,No,Normal,Safe,Stable
24-04-2024 16:00,April,276.79,92.96,1,27.7,6.39,7.91,3.98,4,4,0,0,29.1,33.9,24.1,4.75,4,25.57894737,2.105263158,7.989403314,0.741563372,0.000227893,Yes,No,Normal,Safe,Stable
24-04-2024 17:00,April,276.79,92.96,1,27.7,6.39,7.91,3.98,4,4,0,0,29.1,33.9,24.1,4.75,4,25.63157895,1.842105263,8.004031884,0.771235843,-0.003244062,No,No,Normal,Safe,Stable
24-04-2024 18:00,April,276.79,92.96,1,27.7,6.39,7.91,3.98,4,4,0,0,29.1,33.9,24.1,4.75,4,25.68421053,1.578947368,8.018660454,0.800908313,-0.006716018,Yes,No,Normal,Safe,Stable
24-04-2024 19:00,April,276.79,92.96,1,27.7,6.39,7.91,3.98,4,4,1,0,29.1,33.9,24.1,4.75,4,25.73684211,1.315789474,8.033289024,0.830580784,-0.010187973,No,No,Normal,Safe,Stable
24-04-2024 20:00,April,276.79,92.96,1,27.7,6.39,7.91,3.98,4,4,0,0,29.1,33.9,24.1,4.75,4,25.78947368,1.052631579,8.047917594,0.860253255,-0.013659928,Yes,No,Normal,Safe,Stable
24-04-2024 21:00,April,276.79,92.96,1,27.7,6.39,7.91,3.98,4,4,0,0,29.1,33.9,24.1,4.75,4,25.84210526,0.789473684,8.062546165,0.889925725,-0.017131883,No,No,Normal,Safe,Stable
24-04-2024 22:00,April,276.79,92.96,1,27.7,6.39,7.91,3.98,4,4,0,0,29.1,33.9,24.1,4.75,4,25.89473684,0.526315789,8.077174735,0.919598196,-0.020603838,Yes,No,Normal,Safe,Stable
24-04-2024 23:00,April,276.79,92.96,1,27.7,6.39,7.91,3.98,4,4,0,0,29.1,33.9,24.1,4.75,4,25.94736842,0.263157895,8.091803305,0.949270666,-0.024075794,No,No,Normal,Safe,Stable
25-04-2024 00:00,April,276.79,92.96,1,27.7,6.39,7.91,3.98,4,4,0,0,29.1,33.9,24.1,4.75,4,26,0,8.106431875,0.978943137,-0.027547749,Yes,No,Normal,Safe,Stable
25-04-2024 01:00,April,276.79,92.96,1,27.7,6.39,7.91,3.98,4,4,0,0,29.1,33.9,24.1,4.75,4,26,1,8.001488596,0.370818539,0.147973703,No,No,Normal,Safe,Stable
25-04-2024 02:00,April,276.79,92.96,1,27.7,6.39,7.91,3.98,4,4,0,0,29.1,33.9,24.1,4.75,4,26,2,7.943200145,0.945469459,-0.001675455,Yes,No,Normal,Safe,Stable
25-04-2024 03:00,April,276.79,92.96,1,27.7,6.39,7.91,3.98,4,4,0,0,29.1,33.9,24.1,4.75,4,26,3,8.023816903,0.293748298,0.961918133,No,No,Normal,Safe,Stable
25-04-2024 04:00,April,276.79,92.96,1,27.7,6.39,7.91,3.98,4,4,1,0,29.1,33.9,24.1,4.75,4,26,4,8.076771963,0.207213163,0.964235758,Yes,No,Normal,Safe,Stable
25-04-2024 05:00,April,276.79,92.96,1,27.7,6.39,7.91,3.98,4,4,1,0,29.1,33.9,24.1,4.75,4,26,5,7.831213685,0.395047416,-0.003037519,No,No,Normal,Safe,Stable
25-04-2024 06:00,April,276.79,92.96,1,27.7,6.39,7.91,3.98,4,4,0,0,29.1,33.9,24.1,4.75,4,26.05263158,4.736842105,7.830249233,0.393524099,-0.002454579,Yes,No,Normal,Safe,Stable
25-04-2024 07:00,April,276.79,92.96,1,27.7,6.39,7.91,3.98,4,4,0,0,29.1,33.9,24.1,4.75,4,26.10526316,4.473684211,7.82928478,0.392000782,-0.00187164,No,No,Normal,Safe,Stable
25-04-2024 08:00,April,276.79,92.96,1,27.7,6.39,7.91,3.98,4,4,1,0,29.1,33.9,24.1,4.75,4,26.15789474,4.210526316,7.828320328,0.390477464,-0.0012887,Yes,No,Normal,Safe,Stable
25-04-2024 09:00,April,276.79,92.96,1,27.7,6.39,7.91,3.98,4,4,0,0,29.1,33.9,24.1,4.75,4,26.21052632,3.947368421,7.827355876,0.388954147,-0.000705761,No,No,Normal,Safe,Stable
25-04-2024 10:00,April,276.79,92.96,1,27.7,6.39,7.91,3.98,4,4,0,0,29.1,33.9,24.1,4.75,4,26.26315789,3.684210526,7.826391424,0.38743083,-0.000122821,Yes,No,Normal,Safe,Stable
25-04-2024 11:00,April,276.79,92.96,1,27.7,6.39,7.91,3.98,4,4,0,0,29.1,33.9,24.1,4.75,4,26.31578947,3.421052632,7.825426972,0.385907512,0.000460119,No,No,Normal,Safe,Stable
25-04-2024 12:00,April,276.79,92.96,1,27.7,6.39,7.91,3.98,4,4,0,0,29.1,33.9,24.1,4.75,4,26.36842105,3.157894737,7.82446252,0.384384195,0.001043058,Yes,No,Normal,Safe,Stable
25-04-2024 13:00,April,276.79,92.96,1,27.7,6.39,7.91,3.98,4,4,0,1,29.1,33.9,24.1,4.75,4,26.42105263,2.894736842,7.823498067,0.382860878,0.001625998,No,No,Normal,Safe,Stable
25-04-2024 14:00,April,276.79,92.96,1,27.7,6.39,7.91,3.98,4,4,1,0,29.1,33.9,24.1,4.75,4,26.47368421,2.631578947,7.822533615,0.38133756,0.002208938,Yes,No,Normal,Safe,Stable
25-04-2024 15:00,April,276.79,92.96,1,27.7,6.39,7.91,3.98,4,4,0,0,29.1,33.9,24.1,4.75,4,26.52631579,2.368421053,7.821569163,0.379814243,0.002791877,No,No,Normal,Safe,Stable
25-04-2024 16:00,April,276.79,92.96,1,27.7,6.39,7.91,3.98,4,4,0,0,29.1,33.9,24.1,4.75,4,26.57894737,2.105263158,7.820604711,0.378290925,0.003374817,Yes,No,Normal,Safe,Stable
25-04-2024 17:00,April,276.79,92.96,1,27.7,6.39,7.91,3.98,4,4,1,0,29.1,33.9,24.1,4.75,4,26.63157895,1.842105263,7.819640259,0.376767608,0.003957756,No,No,Normal,Safe,Stable
25-04-2024 18:00,April,276.79,92.96,1,27.7,6.39,7.91,3.98,4,4,0,0,29.1,33.9,24.1,4.75,4,26.68421053,1.578947368,7.818675806,0.375244291,0.004540696,Yes,No,Normal,Safe,Stable
25-04-2024 19:00,April,276.79,92.96,1,27.7,6.39,7.91,3.98,4,4,0,0,29.1,33.9,24.1,4.75,4,26.73684211,1.315789474,7.817711354,0.373720973,0.005123636,No,No,Normal,Safe,Stable
25-04-2024 20:00,April,276.79,92.96,1,27.7,6.39,7.91,3.98,4,4,0,0,29.1,33.9,24.1,4.75,4,26.78947368,1.052631579,7.816746902,0.372197656,0.005706575,Yes,No,Normal,Safe,Stable
25-04-2024 21:00,April,276.79,92.96,1,27.7,6.39,7.91,3.98,4,4,0,0,29.1,33.9,24.1,4.75,4,26.84210526,0.789473684,7.81578245,0.370674339,0.006289515,No,No,Normal,Safe,Stable
25-04-2024 22:00,April,276.79,92.96,1,27.7,6.39,7.91,3.98,4,4,0,0,29.1,33.9,24.1,4.75,4,26.89473684,0.526315789,7.814817998,0.369151021,0.006872455,Yes,No,Normal,Safe,Stable
25-04-2024 23:00,April,276.79,92.96,1,27.7,6.39,7.91,3.98,4,4,1,0,29.1,33.9,24.1,4.75,4,26.94736842,0.263157895,7.813853545,0.367627704,0.007455394,No,No,Normal,Safe,Stable
26-04-2024 00:00,April,276.79,92.96,1,27.7,6.39,7.91,3.98,4,4,0,0,29.1,33.9,24.1,4.75,4,27,0,7.812889093,0.366104386,0.008038334,Yes,No,Normal,Safe,Stable
26-04-2024 01:00,April,276.79,92.96,1,27.7,6.39,7.91,3.98,4,4,0,0,29.1,33.9,24.1,4.75,4,27,1,7.966664937,0.963867015,-0.030185988,No,No,Normal,Safe,Stable
26-04-2024 02:00,April,276.79,92.96,1,27.7,6.39,7.91,3.98,4,4,0,0,29.1,33.9,24.1,4.75,4,27,2,8.27848701,0.311261197,0.485677478,Yes,No,Normal,Safe,Stable
26-04-2024 03:00,April,276.79,92.96,1,27.7,6.39,7.91,3.98,4,4,0,0,29.1,33.9,24.1,4.75,4,27,3,8.276468472,0.327417437,0.811733913,No,No,Normal,Safe,Stable
26-04-2024 04:00,April,276.79,92.96,1,27.7,6.39,7.91,3.98,4,4,0,0,29.1,33.9,24.1,4.75,4,27,4,8.316619764,0.273848155,0.962341891,Yes,No,Normal,Safe,Stable
26-04-2024 05:00,April,276.79,92.96,1,27.7,6.39,7.91,3.98,4,4,0,0,29.1,33.9,24.1,4.75,4,27,5,7.833308999,0.393415513,0.050229093,No,No,Normal,Safe,Stable
26-04-2024 06:00,April,276.79,92.96,1,27.7,6.39,7.91,3.98,4,4,1,0,29.1,33.9,24.1,4.75,4,27.05263158,4.736842105,7.847356663,0.392984259,0.046405035,Yes,No,Normal,Safe,Stable
26-04-2024 07:00,April,276.79,92.96,1,27.7,6.39,7.91,3.98,4,4,0,0,29.1,33.9,24.1,4.75,4,27.10526316,4.473684211,7.861404328,0.392553004,0.042580977,No,No,Normal,Safe,Stable
26-04-2024 08:00,April,276.79,92.96,1,27.7,6.39,7.91,3.98,4,4,0,0,29.1,33.9,24.1,4.75,4,27.15789474,4.210526316,7.875451992,0.392121749,0.03875692,Yes,No,Normal,Safe,Stable
26-04-2024 09:00,April,276.79,92.96,1,27.7,6.39,7.91,3.98,4,4,0,0,29.1,33.9,24.1,4.75,4,27.21052632,3.947368421,7.889499656,0.391690494,0.034932862,No,No,Normal,Safe,Stable
26-04-2024 10:00,April,276.79,92.96,1,27.7,6.39,7.91,3.98,4,4,0,1,29.1,33.9,24.1,4.75,4,27.26315789,3.684210526,7.90354732,0.391259239,0.031108804,Yes,No,Normal,Safe,Stable
26-04-2024 11:00,April,276.79,92.96,1,27.7,6.39,7.91,3.98,4,4,0,0,29.1,33.9,24.1,4.75,4,27.31578947,3.421052632,7.917594985,0.390827985,0.027284746,No,No,Normal,Safe,Stable
26-04-2024 12:00,April,276.79,92.96,1,27.7,6.39,7.91,3.98,4,4,0,0,29.1,33.9,24.1,4.75,4,27.36842105,3.157894737,7.931642649,0.39039673,0.023460689,Yes,No,Normal,Safe,Stable
26-04-2024 13:00,April,276.79,92.96,1,27.7,6.39,7.91,3.98,4,4,0,0,29.1,33.9,24.1,4.75,4,27.42105263,2.894736842,7.945690313,0.389965475,0.019636631,No,No,Normal,Safe,Stable
26-04-2024 14:00,April,276.79,92.96,1,27.7,6.39,7.91,3.98,4,4,0,0,29.1,33.9,24.1,4.75,4,27.47368421,2.631578947,7.959737977,0.38953422,0.015812573,Yes,No,Normal,Safe,Stable
26-04-2024 15:00,April,276.79,92.96,1,27.7,6.39,7.91,3.98,4,4,0,0,29.1,33.9,24.1,4.75,4,27.52631579,2.368421053,7.973785642,0.389102966,0.011988516,No,No,Normal,Safe,Stable
26-04-2024 16:00,April,276.79,92.96,1,27.7,6.39,7.91,3.98,4,4,0,0,29.1,33.9,24.1,4.75,4,27.57894737,2.105263158,7.987833306,0.388671711,0.008164458,Yes,No,Normal,Safe,Stable
26-04-2024 17:00,April,276.79,92.96,1,27.7,6.39,7.91,3.98,4,4,1,0,29.1,33.9,24.1,4.75,4,27.63157895,1.842105263,8.00188097,0.388240456,0.0043404,No,No,Normal,Safe,Stable
26-04-2024 18:00,April,276.79,92.96,1,27.7,6.39,7.91,3.98,4,4,0,0,29.1,33.9,24.1,4.75,4,27.68421053,1.578947368,8.015928634,0.387809201,0.000516343,Yes,No,Normal,Safe,Stable
26-04-2024 19:00,April,276.79,92.96,1,27.7,6.39,7.91,3.98,4,4,0,0,29.1,33.9,24.1,4.75,4,27.73684211,1.315789474,8.029976299,0.387377946,-0.003307715,No,No,Normal,Safe,Stable
26-04-2024 20:00,April,276.79,92.96,1,27.7,6.39,7.91,3.98,4,4,0,0,29.1,33.9,24.1,4.75,4,27.78947368,1.052631579,8.044023963,0.386946692,-0.007131773,Yes,No,Normal,Safe,Stable
26-04-2024 21:00,April,276.79,92.96,1,27.7,6.39,7.91,3.98,4,4,0,0,29.1,33.9,24.1,4.75,4,27.84210526,0.789473684,8.058071627,0.386515437,-0.01095583,No,No,Normal,Safe,Stable
26-04-2024 22:00,April,276.79,92.96,1,27.7,6.39,7.91,3.98,4,4,0,0,29.1,33.9,24.1,4.75,4,27.89473684,0.526315789,8.072119291,0.386084182,-0.014779888,Yes,No,Normal,Safe,Stable
26-04-2024 23:00,April,276.79,92.96,1,27.7,6.39,7.91,3.98,4,4,0,0,29.1,33.9,24.1,4.75,4,27.94736842,0.263157895,8.086166956,0.385652927,-0.018603946,No,No,Normal,Safe,Stable
27-04-2024 00:00,April,276.79,92.96,1,27.7,6.39,7.91,3.98,4,4,0,0,29.1,33.9,24.1,4.75,4,28,0,8.10021462,0.385221673,-0.022428003,Yes,No,Normal,Safe,Stable
27-04-2024 01:00,April,276.79,92.96,1,27.7,6.39,7.91,3.98,4,4,0,0,29.1,33.9,24.1,4.75,4,28,1,7.955756015,0.363156859,0.452186312,No,No,Normal,Safe,Stable
27-04-2024 02:00,April,276.79,92.96,1,27.7,6.39,7.91,3.98,4,4,0,0,29.1,33.9,24.1,4.75,4,28,2,8.064306067,0.979332952,0.009904566,Yes,No,Normal,Safe,Stable
27-04-2024 03:00,April,276.79,92.96,1,27.7,6.39,7.91,3.98,4,4,0,0,29.1,33.9,24.1,4.75,4,28,3,8.491848201,0.166993706,0.89159928,No,No,Normal,Safe,Stable
27-04-2024 04:00,April,276.79,92.96,1,27.7,6.39,7.91,3.98,4,4,0,0,29.1,33.9,24.1,4.75,4,28,4,7.83581693,0.952380377,-0.004059684,Yes,No,Normal,Safe,Stable
27-04-2024 05:00,April,276.79,92.96,1,27.7,6.39,7.91,3.98,4,4,0,0,29.1,33.9,24.1,4.75,4,28,5,8.227560537,0.402992265,0.040809056,No,No,Normal,Safe,Stable
27-04-2024 06:00,April,276.57,92.95955224,1,27.68358209,6.394328358,7.909701493,3.968208955,4.014925373,4.014925373,0,0,29.1,33.9,24.1,4.768059701,4.014925373,27.59701493,4.925373134,8.225007573,0.403181116,0.040027388,Yes,No,Normal,Safe,Stable
27-04-2024 07:00,April,276.35,92.95910448,1,27.66716418,6.398656716,7.909402985,3.95641791,4.029850746,4.029850746,0,1,29.1,33.9,24.1,4.786119403,4.029850746,27.19402985,4.850746269,8.222454608,0.403369968,0.039245721,No,No,Normal,Safe,Stable
27-04-2024 08:00,April,276.13,92.95865672,1,27.65074627,6.402985075,7.909104478,3.944626866,4.044776119,4.044776119,0,0,29.1,33.9,24.1,4.804179104,4.044776119,26.79104478,4.776119403,8.219901643,0.403558819,0.038464054,Yes,No,Normal,Safe,Stable
27-04-2024 09:00,April,275.91,92.95820896,1,27.63432836,6.407313433,7.90880597,3.932835821,4.059701493,4.059701493,0,0,29.1,33.9,24.1,4.822238806,4.059701493,26.3880597,4.701492537,8.217348678,0.40374767,0.037682386,No,No,Normal,Safe,Stable
27-04-2024 10:00,April,275.69,92.95776119,1,27.61791045,6.411641791,7.908507463,3.921044776,4.074626866,4.074626866,0,0,29.1,33.9,24.1,4.840298507,4.074626866,25.98507463,4.626865672,8.214795714,0.403936521,0.036900719,Yes,No,Normal,Safe,Stable
27-04-2024 11:00,April,275.47,92.95731343,1,27.60149254,6.415970149,7.908208955,3.909253731,4.089552239,4.089552239,0,0,29.1,33.9,24.1,4.858358209,4.089552239,25.58208955,4.552238806,8.212242749,0.404125373,0.036119052,No,No,Normal,Safe,Stable
27-04-2024 12:00,April,275.25,92.95686567,1,27.58507463,6.420298507,7.907910448,3.897462687,4.104477612,4.104477612,1,1,29.1,33.9,24.1,4.87641791,4.104477612,25.17910448,4.47761194,8.209689784,0.404314224,0.035337384,Yes,No,Normal,Safe,Stable
27-04-2024 13:00,April,275.03,92.95641791,1,27.56865672,6.424626866,7.90761194,3.885671642,4.119402985,4.119402985,0,0,29.1,33.9,24.1,4.894477612,4.119402985,24.7761194,4.402985075,8.207136819,0.404503075,0.034555717,No,No,Normal,Safe,Stable
27-04-2024 14:00,April,274.81,92.95597015,1,27.55223881,6.428955224,7.907313433,3.873880597,4.134328358,4.134328358,1,0,29.1,33.9,24.1,4.912537313,4.134328358,24.37313433,4.328358209,8.204583855,0.404691926,0.03377405,Yes,No,Normal,Safe,Stable
27-04-2024 15:00,April,274.59,92.95552239,1,27.5358209,6.433283582,7.907014925,3.862089552,4.149253731,4.149253731,0,0,29.1,33.9,24.1,4.930597015,4.149253731,23.97014925,4.253731343,8.20203089,0.404880778,0.032992382,No,No,Normal,Safe,Stable
27-04-2024 16:00,April,274.37,92.95507463,1,27.51940299,6.43761194,7.906716418,3.850298507,4.164179104,4.164179104,0,0,29.1,33.9,24.1,4.948656716,4.164179104,23.56716418,4.179104478,8.199477925,0.405069629,0.032210715,Yes,No,Normal,Safe,Stable
27-04-2024 17:00,April,274.15,92.95462687,1,27.50298507,6.441940299,7.90641791,3.838507463,4.179104478,4.179104478,0,0,29.1,33.9,24.1,4.966716418,4.179104478,23.1641791,4.104477612,8.196924961,0.40525848,0.031429048,No,No,Normal,Safe,Stable
27-04-2024 18:00,April,273.93,92.9541791,1,27.48656716,6.446268657,7.906119403,3.826716418,4.194029851,4.194029851,0,0,29.1,33.9,24.1,4.984776119,4.194029851,22.76119403,4.029850746,8.194371996,0.405447331,0.03064738,Yes,No,Normal,Safe,Stable
27-04-2024 19:00,April,273.71,92.95373134,1,27.47014925,6.450597015,7.905820896,3.814925373,4.208955224,4.208955224,0,0,29.1,33.9,24.1,5.002835821,4.208955224,22.35820896,3.955223881,8.191819031,0.405636183,0.029865713,No,No,Normal,Safe,Stable
27-04-2024 20:00,April,273.49,92.95328358,1,27.45373134,6.454925373,7.905522388,3.803134328,4.223880597,4.223880597,1,0,29.1,33.9,24.1,5.020895522,4.223880597,21.95522388,3.880597015,8.189266066,0.405825034,0.029084046,Yes,No,Normal,Safe,Stable
27-04-2024 21:00,April,273.27,92.95283582,1,27.43731343,6.459253731,7.905223881,3.791343284,4.23880597,4.23880597,1,0,29.1,33.9,24.1,5.038955224,4.23880597,21.55223881,3.805970149,8.186713102,0.406013885,0.028302378,No,No,Normal,Safe,Stable
27-04-2024 22:00,April,273.05,92.95238806,1,27.42089552,6.46358209,7.904925373,3.779552239,4.253731343,4.253731343,0,0,29.1,33.9,24.1,5.057014925,4.253731343,21.14925373,3.731343284,8.184160137,0.406202736,0.027520711,Yes,No,Normal,Safe,Stable
27-04-2024 23:00,April,272.83,92.9519403,1,27.40447761,6.467910448,7.904626866,3.767761194,4.268656716,4.268656716,0,1,29.1,33.9,24.1,5.075074627,4.268656716,20.74626866,3.656716418,8.181607172,0.406391588,0.026739044,No,No,Normal,Safe,Stable
28-04-2024 00:00,April,272.61,92.95149254,1,27.3880597,6.472238806,7.904328358,3.755970149,4.28358209,4.28358209,1,0,29.1,33.9,24.1,5.093134328,4.28358209,20.34328358,3.582089552,8.179054207,0.406580439,0.025957376,Yes,No,Normal,Safe,Stable
28-04-2024 01:00,April,272.39,92.95104478,1,27.37164179,6.476567164,7.904029851,3.744179104,4.298507463,4.298507463,0,0,29.1,33.9,24.1,5.11119403,4.298507463,19.94029851,3.507462687,8.176501243,0.40676929,0.025175709,No,No,Normal,Safe,Stable
28-04-2024 02:00,April,272.17,92.95059701,1,27.35522388,6.480895522,7.903731343,3.73238806,4.313432836,4.313432836,0,1,29.1,33.9,24.1,5.129253731,4.313432836,19.53731343,3.432835821,8.173948278,0.406958141,0.024394042,Yes,No,Normal,Safe,Stable
28-04-2024 03:00,April,271.95,92.95014925,1,27.33880597,6.485223881,7.903432836,3.720597015,4.328358209,4.328358209,0,0,29.1,33.9,24.1,5.147313433,4.328358209,19.13432836,3.358208955,8.171395313,0.407146992,0.023612375,No,No,Normal,Safe,Stable
28-04-2024 04:00,April,271.73,92.94970149,1,27.32238806,6.489552239,7.903134328,3.70880597,4.343283582,4.343283582,0,0,29.1,33.9,24.1,5.165373134,4.343283582,18.73134328,3.28358209,8.168842348,0.407335844,0.022830707,Yes,No,Normal,Safe,Stable
28-04-2024 05:00,April,271.51,92.94925373,1,27.30597015,6.493880597,7.902835821,3.697014925,4.358208955,4.358208955,1,1,29.1,33.9,24.1,5.183432836,4.358208955,18.32835821,3.208955224,8.166289384,0.407524695,0.02204904,No,No,Normal,Safe,Stable
28-04-2024 06:00,April,271.29,92.94880597,1,27.28955224,6.498208955,7.902537313,3.685223881,4.373134328,4.373134328,0,0,29.1,33.9,24.1,5.201492537,4.373134328,17.92537313,3.134328358,8.163736419,0.407713546,0.021267373,Yes,No,Normal,Safe,Stable
28-04-2024 07:00,April,271.07,92.94835821,1,27.27313433,6.502537313,7.902238806,3.673432836,4.388059701,4.388059701,1,0,29.1,33.9,24.1,5.219552239,4.388059701,17.52238806,3.059701493,8.161183454,0.407902397,0.020485705,No,No,Normal,Safe,Stable
28-04-2024 08:00,April,270.85,92.94791045,1,27.25671642,6.506865672,7.901940299,3.661641791,4.402985075,4.402985075,0,0,29.1,33.9,24.1,5.23761194,4.402985075,17.11940299,2.985074627,8.158630489,0.408091249,0.019704038,Yes,No,Normal,Safe,Stable
28-04-2024 09:00,April,270.63,92.94746269,1,27.24029851,6.51119403,7.901641791,3.649850746,4.417910448,4.417910448,0,0,29.1,33.9,24.1,5.255671642,4.417910448,16.71641791,2.910447761,8.156077525,0.4082801,0.018922371,No,No,Normal,Safe,Stable
28-04-2024 10:00,April,270.41,92.94701493,1,27.2238806,6.515522388,7.901343284,3.638059701,4.432835821,4.432835821,0,0,29.1,33.9,24.1,5.273731343,4.432835821,16.31343284,2.835820896,8.15352456,0.408468951,0.018140703,Yes,No,Normal,Safe,Stable
28-04-2024 11:00,April,270.19,92.94656716,1,27.20746269,6.519850746,7.901044776,3.626268657,4.447761194,4.447761194,0,0,29.1,33.9,24.1,5.291791045,4.447761194,15.91044776,2.76119403,8.150971595,0.408657802,0.017359036,No,No,Normal,Safe,Stable
28-04-2024 12:00,April,269.97,92.9461194,1,27.19104478,6.524179104,7.900746269,3.614477612,4.462686567,4.462686567,1,0,29.1,33.9,24.1,5.309850746,4.462686567,15.50746269,2.686567164,8.14841863,0.408846654,0.016577369,Yes,No,Normal,Safe,Stable
28-04-2024 13:00,April,269.75,92.94567164,1,27.17462687,6.528507463,7.900447761,3.602686567,4.47761194,4.47761194,0,1,29.1,33.9,24.1,5.327910448,4.47761194,15.10447761,2.611940299,8.145865666,0.409035505,0.015795701,No,No,Normal,Safe,Stable
28-04-2024 14:00,April,269.53,92.94522388,1,27.15820896,6.532835821,7.900149254,3.590895522,4.492537313,4.492537313,0,0,29.1,33.9,24.1,5.345970149,4.492537313,14.70149254,2.537313433,8.143312701,0.409224356,0.015014034,Yes,No,Normal,Safe,Stable
28-04-2024 15:00,April,269.31,92.94477612,1,27.14179104,6.537164179,7.899850746,3.579104478,4.507462687,4.507462687,0,0,29.1,33.9,24.1,5.364029851,4.507462687,14.29850746,2.462686567,8.140759736,0.409413207,0.014232367,No,No,Normal,Safe,Stable
28-04-2024 16:00,April,269.09,92.94432836,1,27.12537313,6.541492537,7.899552239,3.567313433,4.52238806,4.52238806,0,0,29.1,33.9,24.1,5.382089552,4.52238806,13.89552239,2.388059701,8.138206772,0.409602059,0.013450699,Yes,No,Normal,Safe,Stable
28-04-2024 17:00,April,268.87,92.9438806,1,27.10895522,6.545820896,7.899253731,3.555522388,4.537313433,4.537313433,0,0,29.1,33.9,24.1,5.400149254,4.537313433,13.49253731,2.313432836,8.135653807,0.40979091,0.012669032,No,No,Normal,Safe,Stable
28-04-2024 18:00,April,268.65,92.94343284,1,27.09253731,6.550149254,7.898955224,3.543731343,4.552238806,4.552238806,0,0,29.1,33.9,24.1,5.418208955,4.552238806,13.08955224,2.23880597,8.133100842,0.409979761,0.011887365,Yes,No,Normal,Safe,Stable
28-04-2024 19:00,April,268.43,92.94298507,1,27.0761194,6.554477612,7.898656716,3.531940299,4.567164179,4.567164179,1,0,29.1,33.9,24.1,5.436268657,4.567164179,12.68656716,2.164179104,8.130547877,0.410168612,0.011105697,No,No,Normal,Safe,Stable
28-04-2024 20:00,April,268.21,92.94253731,1,27.05970149,6.55880597,7.898358209,3.520149254,4.582089552,4.582089552,0,0,29.1,33.9,24.1,5.454328358,4.582089552,12.28358209,2.089552239,8.127994913,0.410357464,0.01032403,Yes,No,Normal,Safe,Stable
28-04-2024 21:00,April,267.99,92.94208955,1,27.04328358,6.563134328,7.898059701,3.508358209,4.597014925,4.597014925,1,0,29.1,33.9,24.1,5.47238806,4.597014925,11.88059701,2.014925373,8.125441948,0.410546315,0.009542363,No,No,Normal,Safe,Stable
28-04-2024 22:00,April,267.77,92.94164179,1,27.02686567,6.567462687,7.897761194,3.496567164,4.611940299,4.611940299,0,0,29.1,33.9,24.1,5.490447761,4.611940299,11.47761194,1.940298507,8.122888983,0.410735166,0.008760695,Yes,No,Normal,Safe,Stable
28-04-2024 23:00,April,267.55,92.94119403,1,27.01044776,6.571791045,7.897462687,3.484776119,4.626865672,4.626865672,0,0,29.1,33.9,24.1,5.508507463,4.626865672,11.07462687,1.865671642,8.120336018,0.410924017,0.007979028,No,No,Normal,Safe,Stable
29-04-2024 00:00,April,267.33,92.94074627,1,26.99402985,6.576119403,7.897164179,3.472985075,4.641791045,4.641791045,0,0,29.1,33.9,24.1,5.526567164,4.641791045,10.67164179,1.791044776,8.117783054,0.411112869,0.007197361,Yes,No,Normal,Safe,Stable
29-04-2024 01:00,April,267.11,92.94029851,1,26.97761194,6.580447761,7.896865672,3.46119403,4.656716418,4.656716418,1,0,29.1,33.9,24.1,5.544626866,4.656716418,10.26865672,1.71641791,8.115230089,0.41130172,0.006415693,No,No,Normal,Safe,Stable
29-04-2024 02:00,April,266.89,92.93985075,1,26.96119403,6.584776119,7.896567164,3.449402985,4.671641791,4.671641791,1,0,29.1,33.9,24.1,5.562686567,4.671641791,9.865671642,1.641791045,8.112677124,0.411490571,0.005634026,Yes,No,Normal,Safe,Stable
29-04-2024 03:00,April,266.67,92.93940299,1,26.94477612,6.589104478,7.896268657,3.43761194,4.686567164,4.686567164,0,0,29.1,33.9,24.1,5.580746269,4.686567164,9.462686567,1.567164179,8.110124159,0.411679422,0.004852359,No,No,Normal,Safe,Stable
29-04-2024 04:00,April,266.45,92.93895522,1,26.92835821,6.593432836,7.895970149,3.425820896,4.701492537,4.701492537,0,0,29.1,33.9,24.1,5.59880597,4.701492537,9.059701493,1.492537313,8.107571195,0.411868273,0.004070691,Yes,No,Normal,Safe,Stable
29-04-2024 05:00,April,266.23,92.93850746,1,26.9119403,6.597761194,7.895671642,3.414029851,4.71641791,4.71641791,0,1,29.1,33.9,24.1,5.616865672,4.71641791,8.656716418,1.417910448,8.10501823,0.412057125,0.003289024,No,No,Normal,Safe,Stable
29-04-2024 06:00,April,266.01,92.9380597,1,26.89552239,6.602089552,7.895373134,3.402238806,4.731343284,4.731343284,0,1,29.1,33.9,24.1,5.634925373,4.731343284,8.253731343,1.343283582,8.102465265,0.412245976,0.002507357,Yes,No,Normal,Safe,Stable
29-04-2024 07:00,April,265.79,92.93761194,1,26.87910448,6.60641791,7.895074627,3.390447761,4.746268657,4.746268657,0,0,29.1,33.9,24.1,5.652985075,4.746268657,7.850746269,1.268656716,8.0999123,0.412434827,0.001725689,No,No,Normal,Safe,Stable
29-04-2024 08:00,April,265.57,92.93716418,1,26.86268657,6.610746269,7.894776119,3.378656716,4.76119403,4.76119403,0,0,29.1,33.9,24.1,5.671044776,4.76119403,7.447761194,1.194029851,8.097359336,0.412623678,0.000944022,Yes,No,Normal,Safe,Stable
29-04-2024 09:00,April,265.35,92.93671642,1,26.84626866,6.615074627,7.894477612,3.366865672,4.776119403,4.776119403,0,0,29.1,33.9,24.1,5.689104478,4.776119403,7.044776119,1.119402985,8.094806371,0.41281253,0.000162355,No,No,Normal,Safe,Stable
29-04-2024 10:00,April,265.13,92.93626866,1,26.82985075,6.619402985,7.894179104,3.355074627,4.791044776,4.791044776,0,0,29.1,33.9,24.1,5.707164179,4.791044776,6.641791045,1.044776119,8.092253406,0.413001381,-0.000619313,Yes,No,Normal,Safe,Stable
29-04-2024 11:00,April,264.91,92.9358209,1,26.81343284,6.623731343,7.893880597,3.343283582,4.805970149,4.805970149,0,0,29.1,33.9,24.1,5.725223881,4.805970149,6.23880597,0.970149254,8.089700441,0.413190232,-0.00140098,No,No,Normal,Safe,Stable
29-04-2024 12:00,April,264.69,92.93537313,1,26.79701493,6.628059701,7.89358209,3.331492537,4.820895522,4.820895522,0,0,29.1,33.9,24.1,5.743283582,4.820895522,5.835820896,0.895522388,8.087147477,0.413379083,-0.002182647,Yes,No,Normal,Safe,Stable
29-04-2024 13:00,April,264.47,92.93492537,1,26.78059701,6.63238806,7.893283582,3.319701493,4.835820896,4.835820896,0,0,29.1,33.9,24.1,5.761343284,4.835820896,5.432835821,0.820895522,8.084594512,0.413567935,-0.002964315,No,No,Normal,Safe,Stable
29-04-2024 14:00,April,264.25,92.93447761,1,26.7641791,6.636716418,7.892985075,3.307910448,4.850746269,4.850746269,0,0,29.1,33.9,24.1,5.779402985,4.850746269,5.029850746,0.746268657,8.082041547,0.413756786,-0.003745982,Yes,No,Normal,Safe,Stable
29-04-2024 15:00,April,264.03,92.93402985,1,26.74776119,6.641044776,7.892686567,3.296119403,4.865671642,4.865671642,0,0,29.1,33.9,24.1,5.797462687,4.865671642,4.626865672,0.671641791,8.079488582,0.413945637,-0.004527649,No,No,Normal,Safe,Stable
29-04-2024 16:00,April,263.81,92.93358209,1,26.73134328,6.645373134,7.89238806,3.284328358,4.880597015,4.880597015,0,0,29.1,33.9,24.1,5.815522388,4.880597015,4.223880597,0.597014925,8.076935618,0.414134488,-0.005309317,Yes,No,Normal,Safe,Stable
29-04-2024 17:00,April,263.59,92.93313433,1,26.71492537,6.649701493,7.892089552,3.272537313,4.895522388,4.895522388,1,0,29.1,33.9,24.1,5.83358209,4.895522388,3.820895522,0.52238806,8.074382653,0.41432334,-0.006090984,No,No,Normal,Safe,Stable
29-04-2024 18:00,April,263.37,92.93268657,1,26.69850746,6.654029851,7.891791045,3.260746269,4.910447761,4.910447761,0,0,29.1,33.9,24.1,5.851641791,4.910447761,3.417910448,0.447761194,8.071829688,0.414512191,-0.006872651,Yes,No,Normal,Safe,Stable
29-04-2024 19:00,April,263.15,92.93223881,1,26.68208955,6.658358209,7.891492537,3.248955224,4.925373134,4.925373134,0,0,29.1,33.9,24.1,5.869701493,4.925373134,3.014925373,0.373134328,8.069276724,0.414701042,-0.007654319,No,No,Normal,Safe,Stable
29-04-2024 20:00,April,262.93,92.93179104,1,26.66567164,6.662686567,7.89119403,3.237164179,4.940298507,4.940298507,1,0,29.1,33.9,24.1,5.887761194,4.940298507,2.611940299,0.298507463,8.066723759,0.414889893,-0.008435986,Yes,No,Normal,Safe,Stable
29-04-2024 21:00,April,262.71,92.93134328,1,26.64925373,6.667014925,7.890895522,3.225373134,4.955223881,4.955223881,0,0,29.1,33.9,24.1,5.905820896,4.955223881,2.208955224,0.223880597,8.064170794,0.415078745,-0.009217653,No,No,Normal,Safe,Stable
29-04-2024 22:00,April,262.49,92.93089552,1,26.63283582,6.671343284,7.890597015,3.21358209,4.970149254,4.970149254,0,0,29.1,33.9,24.1,5.923880597,4.970149254,1.805970149,0.149253731,8.061617829,0.415267596,-0.00999932,Yes,No,Normal,Safe,Stable
29-04-2024 23:00,April,262.27,92.93044776,1,26.61641791,6.675671642,7.890298507,3.201791045,4.985074627,4.985074627,0,0,29.1,33.9,24.1,5.941940299,4.985074627,1.402985075,0.074626866,8.059064865,0.415456447,-0.010780988,No,No,Normal,Safe,Stable
30-04-2024 00:00,May,262.05,92.93,1,26.6,6.68,7.89,3.19,5,5,1,0,29.1,33.9,24.1,5.96,5,1,0,8.0565119,0.415645298,-0.011562655,Yes,Yes,Normal,Safe,Stable
30-04-2024 01:00,May,262.05,92.93,1,26.6,6.68,7.89,3.19,5,5,0,0,29.1,33.9,24.1,5.96,5,1,1,8.144956417,0.313927671,0.116619324,No,No,Normal,Safe,Stable
30-04-2024 02:00,May,262.05,92.93,1,26.6,6.68,7.89,3.19,5,5,0,0,29.1,33.9,24.1,5.96,5,1,2,8.237350535,0.333388962,0.445263381,Yes,No,Normal,Safe,Stable
30-04-2024 03:00,May,262.05,92.93,1,26.6,6.68,7.89,3.19,5,5,0,0,29.1,33.9,24.1,5.96,5,1,3,7.789159975,0.93097072,-0.004990127,No,No,Normal,Safe,Stable
30-04-2024 04:00,May,262.05,92.93,1,26.6,6.68,7.89,3.19,5,5,0,1,29.1,33.9,24.1,5.96,5,1,4,7.911274494,0.22434838,0.934021815,Yes,No,Normal,Safe,Stable
30-04-2024 05:00,May,262.05,92.93,1,26.6,6.68,7.89,3.19,5,5,0,0,29.1,33.9,24.1,5.96,5,1,5,8.107996345,0.3843397,0.001966263,No,No,Normal,Safe,Stable
30-04-2024 06:00,May,262.05,92.93,1,26.6,6.68,7.89,3.19,5,5,0,0,29.1,33.9,24.1,5.96,5,1.052631579,4.736842105,8.117520153,0.385694547,0.001133718,Yes,Yes,Normal,Safe,Stable
30-04-2024 07:00,May,262.05,92.93,1,26.6,6.68,7.89,3.19,5,5,0,0,29.1,33.9,24.1,5.96,5,1.105263158,4.473684211,8.127043961,0.387049394,0.000301174,No,No,Normal,Safe,Stable
30-04-2024 08:00,May,262.05,92.93,1,26.6,6.68,7.89,3.19,5,5,0,0,29.1,33.9,24.1,5.96,5,1.157894737,4.210526316,8.136567768,0.388404241,-0.000531371,Yes,No,Normal,Safe,Stable
30-04-2024 09:00,May,262.05,92.93,1,26.6,6.68,7.89,3.19,5,5,1,0,29.1,33.9,24.1,5.96,5,1.210526316,3.947368421,8.146091576,0.389759088,-0.001363915,No,No,Normal,Safe,Stable
30-04-2024 10:00,May,262.05,92.93,1,26.6,6.68,7.89,3.19,5,5,0,0,29.1,33.9,24.1,5.96,5,1.263157895,3.684210526,8.155615384,0.391113935,-0.00219646,Yes,No,Normal,Safe,Stable
30-04-2024 11:00,May,262.05,92.93,1,26.6,6.68,7.89,3.19,5,5,0,0,29.1,33.9,24.1,5.96,5,1.315789474,3.421052632,8.165139192,0.392468781,-0.003029005,No,No,Normal,Safe,Stable
30-04-2024 12:00,May,262.05,92.93,1,26.6,6.68,7.89,3.19,5,5,0,0,29.1,33.9,24.1,5.96,5,1.368421053,3.157894737,8.174663,0.393823628,-0.003861549,Yes,Yes,Normal,Safe,Stable
30-04-2024 13:00,May,262.05,92.93,1,26.6,6.68,7.89,3.19,5,5,1,0,29.1,33.9,24.1,5.96,5,1.421052632,2.894736842,8.184186808,0.395178475,-0.004694094,No,No,Normal,Safe,Stable
30-04-2024 14:00,May,262.05,92.93,1,26.6,6.68,7.89,3.19,5,5,0,0,29.1,33.9,24.1,5.96,5,1.473684211,2.631578947,8.193710615,0.396533322,-0.005526638,Yes,No,Normal,Safe,Stable
30-04-2024 15:00,May,262.05,92.93,1,26.6,6.68,7.89,3.19,5,5,0,0,29.1,33.9,24.1,5.96,5,1.526315789,2.368421053,8.203234423,0.397888169,-0.006359183,No,No,Normal,Safe,Stable
30-04-2024 16:00,May,262.05,92.93,1,26.6,6.68,7.89,3.19,5,5,0,0,29.1,33.9,24.1,5.96,5,1.578947368,2.105263158,8.212758231,0.399243015,-0.007191728,Yes,No,Normal,Safe,Stable
30-04-2024 17:00,May,262.05,92.93,1,26.6,6.68,7.89,3.19,5,5,1,1,29.1,33.9,24.1,5.96,5,1.631578947,1.842105263,8.222282039,0.400597862,-0.008024272,No,No,Normal,Safe,Stable
30-04-2024 18:00,May,262.05,92.93,1,26.6,6.68,7.89,3.19,5,5,0,1,29.1,33.9,24.1,5.96,5,1.684210526,1.578947368,8.231805847,0.401952709,-0.008856817,Yes,Yes,Normal,Safe,Stable
30-04-2024 19:00,May,262.05,92.93,1,26.6,6.68,7.89,3.19,5,5,1,1,29.1,33.9,24.1,5.96,5,1.736842105,1.315789474,8.241329655,0.403307556,-0.009689361,No,No,Normal,Safe,Stable
30-04-2024 20:00,May,262.05,92.93,1,26.6,6.68,7.89,3.19,5,5,0,0,29.1,33.9,24.1,5.96,5,1.789473684,1.052631579,8.250853462,0.404662403,-0.010521906,Yes,No,Normal,Safe,Stable
30-04-2024 21:00,May,262.05,92.93,1,26.6,6.68,7.89,3.19,5,5,1,0,29.1,33.9,24.1,5.96,5,1.842105263,0.789473684,8.26037727,0.406017249,-0.011354451,No,No,Normal,Safe,Stable
30-04-2024 22:00,May,262.05,92.93,1,26.6,6.68,7.89,3.19,5,5,0,0,29.1,33.9,24.1,5.96,5,1.894736842,0.526315789,8.269901078,0.407372096,-0.012186995,Yes,No,Normal,Safe,Stable
30-04-2024 23:00,May,262.05,92.93,1,26.6,6.68,7.89,3.19,5,5,0,0,29.1,33.9,24.1,5.96,5,1.947368421,0.263157895,8.279424886,0.408726943,-0.01301954,No,No,Normal,Safe,Stable
01-05-2024 00:00,May,262.05,92.93,1,26.6,6.68,7.89,3.19,5,5,0,4,29.1,33.9,24.1,5.96,5,2,0,8.288948694,0.41008179,-0.013852084,Yes,Yes,Normal,Safe,Stable
01-05-2024 01:00,May,262.05,92.93,1,26.6,6.68,7.89,3.19,5,5,0,1,29.1,33.9,24.1,5.96,5,2,1,8.565808854,0.336708299,0.12597593,No,No,Normal,Safe,Stable
01-05-2024 02:00,May,262.05,92.93,1,26.6,6.68,7.89,3.19,5,5,0,1,29.1,33.9,24.1,5.96,5,2,2,7.868865987,0.990939895,-0.013352985,Yes,No,Normal,Safe,Stable
01-05-2024 03:00,May,262.05,92.93,1,26.6,6.68,7.89,3.19,5,5,0,4,29.1,33.9,24.1,5.96,5,2,3,8.275217078,0.522585187,0.011172343,No,No,Normal,Safe,Stable
01-05-2024 04:00,May,262.05,92.93,1,26.6,6.68,7.89,3.19,5,5,0,5,29.1,33.9,24.1,5.96,5,2,4,8.225876052,0.313495088,0.929005184,Yes,No,Normal,Safe,Stable
01-05-2024 05:00,May,262.05,92.93,1,26.6,6.68,7.89,3.19,5,5,1,6,29.1,33.9,24.1,5.96,5,2,5,8.547898491,0.403603735,0.001662972,No,No,Normal,Safe,Stable
01-05-2024 06:00,May,262.05,92.93,1,26.6,6.68,7.89,3.19,5,5,0,5,29.1,33.9,24.1,5.96,5,2.052631579,4.736842105,8.508924789,0.404476193,0.004461674,Yes,Yes,Normal,Safe,Stable
01-05-2024 07:00,May,262.05,92.93,1,26.6,6.68,7.89,3.19,5,5,0,4,29.1,33.9,24.1,5.96,5,2.105263158,4.473684211,8.469951088,0.405348652,0.007260377,No,No,Normal,Safe,Stable
01-05-2024 08:00,May,262.05,92.93,1,26.6,6.68,7.89,3.19,5,5,0,5,29.1,33.9,24.1,5.96,5,2.157894737,4.210526316,8.430977387,0.40622111,0.01005908,Yes,No,Normal,Safe,Stable
01-05-2024 09:00,May,262.05,92.93,1,26.6,6.68,7.89,3.19,5,5,1,2,29.1,33.9,24.1,5.96,5,2.210526316,3.947368421,8.392003685,0.407093568,0.012857782,No,No,Normal,Safe,Stable
01-05-2024 10:00,May,262.05,92.93,1,26.6,6.68,7.89,3.19,5,5,0,5,29.1,33.9,24.1,5.96,5,2.263157895,3.684210526,8.353029984,0.407966027,0.015656485,Yes,No,Normal,Safe,Stable
01-05-2024 11:00,May,262.05,92.93,1,26.6,6.68,7.89,3.19,5,5,0,4,29.1,33.9,24.1,5.96,5,2.315789474,3.421052632,8.314056283,0.408838485,0.018455187,No,No,Normal,Safe,Stable
01-05-2024 12:00,May,262.05,92.93,1,26.6,6.68,7.89,3.19,5,5,0,2,29.1,33.9,24.1,5.96,5,2.368421053,3.157894737,8.275082582,0.409710943,0.02125389,Yes,Yes,Normal,Safe,Stable
01-05-2024 13:00,May,262.05,92.93,1,26.6,6.68,7.89,3.19,5,5,1,4,29.1,33.9,24.1,5.96,5,2.421052632,2.894736842,8.23610888,0.410583402,0.024052593,No,No,Normal,Safe,Stable
01-05-2024 14:00,May,262.05,92.93,1,26.6,6.68,7.89,3.19,5,5,0,5,29.1,33.9,24.1,5.96,5,2.473684211,2.631578947,8.197135179,0.41145586,0.026851295,Yes,No,Normal,Safe,Stable
01-05-2024 15:00,May,262.05,92.93,1,26.6,6.68,7.89,3.19,5,5,0,2,29.1,33.9,24.1,5.96,5,2.526315789,2.368421053,8.158161478,0.412328319,0.029649998,No,No,Normal,Safe,Stable
01-05-2024 16:00,May,262.05,92.93,1,26.6,6.68,7.89,3.19,5,5,1,5,29.1,33.9,24.1,5.96,5,2.578947368,2.105263158,8.119187776,0.413200777,0.0324487,Yes,No,Normal,Safe,Stable
01-05-2024 17:00,May,262.05,92.93,1,26.6,6.68,7.89,3.19,5,5,0,5,29.1,33.9,24.1,5.96,5,2.631578947,1.842105263,8.080214075,0.414073235,0.035247403,No,No,Normal,Safe,Stable
01-05-2024 18:00,May,262.05,92.93,1,26.6,6.68,7.89,3.19,5,5,0,5,29.1,33.9,24.1,5.96,5,2.684210526,1.578947368,8.041240374,0.414945694,0.038046106,Yes,Yes,Normal,Safe,Stable
01-05-2024 19:00,May,262.05,92.93,1,26.6,6.68,7.89,3.19,5,5,0,4,29.1,33.9,24.1,5.96,5,2.736842105,1.315789474,8.002266672,0.415818152,0.040844808,No,No,Normal,Safe,Stable
01-05-2024 20:00,May,262.05,92.93,1,26.6,6.68,7.89,3.19,5,5,1,2,29.1,33.9,24.1,5.96,5,2.789473684,1.052631579,7.963292971,0.41669061,0.043643511,Yes,No,Normal,Safe,Stable
01-05-2024 21:00,May,262.05,92.93,1,26.6,6.68,7.89,3.19,5,5,0,4,29.1,33.9,24.1,5.96,5,2.842105263,0.789473684,7.92431927,0.417563069,0.046442213,No,No,Normal,Safe,Stable
01-05-2024 22:00,May,262.05,92.93,1,26.6,6.68,7.89,3.19,5,5,0,2,29.1,33.9,24.1,5.96,5,2.894736842,0.526315789,7.885345568,0.418435527,0.049240916,Yes,No,Normal,Safe,Stable
01-05-2024 23:00,May,262.05,92.93,1,26.6,6.68,7.89,3.19,5,5,0,4,29.1,33.9,24.1,5.96,5,2.947368421,0.263157895,7.846371867,0.419307986,0.052039618,No,No,Normal,Safe,Stable
02-05-2024 00:00,May,262.05,92.93,1,26.6,6.68,7.89,3.19,5,5,1,4,29.1,33.9,24.1,5.96,5,3,0,7.807398166,0.420180444,0.054838321,Yes,Yes,Normal,Safe,Stable
02-05-2024 01:00,May,262.05,92.93,1,26.6,6.68,7.89,3.19,5,5,1,4,29.1,33.9,24.1,5.96,5,3,1,8.482021094,0.330838873,0.140497862,No,No,Normal,Safe,Stable
02-05-2024 02:00,May,262.05,92.93,1,26.6,6.68,7.89,3.19,5,5,0,2,29.1,33.9,24.1,5.96,5,3,2,8.362192118,0.963766495,-0.021288487,Yes,No,Normal,Safe,Stable
02-05-2024 03:00,May,262.05,92.93,1,26.6,6.68,7.89,3.19,5,5,0,2,29.1,33.9,24.1,5.96,5,3,3,8.375562943,0.183636791,0.940823999,No,No,Normal,Safe,Stable
02-05-2024 04:00,May,262.05,92.93,1,26.6,6.68,7.89,3.19,5,5,0,6,29.1,33.9,24.1,5.96,5,3,4,8.32740564,0.303697628,0.83060116,Yes,No,Normal,Safe,Stable
02-05-2024 05:00,May,262.05,92.93,1,26.6,6.68,7.89,3.19,5,5,1,4,29.1,33.9,24.1,5.96,5,3,5,8.242882927,0.404752506,0.02550017,No,No,Normal,Safe,Stable
02-05-2024 06:00,May,262.05,92.93,1,26.6,6.68,7.89,3.19,5,5,0,5,29.1,33.9,24.1,5.96,5,3.052631579,4.736842105,8.222557423,0.435387699,0.024649174,Yes,Yes,Normal,Safe,Stable
02-05-2024 07:00,May,262.05,92.93,1,26.6,6.68,7.89,3.19,5,5,1,5,29.1,33.9,24.1,5.96,5,3.105263158,4.473684211,8.20223192,0.466022892,0.023798177,No,No,Normal,Safe,Stable
02-05-2024 08:00,May,262.05,92.93,1,26.6,6.68,7.89,3.19,5,5,0,2,29.1,33.9,24.1,5.96,5,3.157894737,4.210526316,8.181906417,0.496658084,0.022947181,Yes,No,Normal,Safe,Stable
02-05-2024 09:00,May,262.05,92.93,1,26.6,6.68,7.89,3.19,5,5,0,4,29.1,33.9,24.1,5.96,5,3.210526316,3.947368421,8.161580914,0.527293277,0.022096184,No,No,Normal,Safe,Stable
02-05-2024 10:00,May,262.05,92.93,1,26.6,6.68,7.89,3.19,5,5,0,6,29.1,33.9,24.1,5.96,5,3.263157895,3.684210526,8.141255411,0.557928469,0.021245187,Yes,No,Normal,Safe,Stable
02-05-2024 11:00,May,262.05,92.93,1,26.6,6.68,7.89,3.19,5,5,0,1,29.1,33.9,24.1,5.96,5,3.315789474,3.421052632,8.120929907,0.588563662,0.020394191,No,No,Normal,Safe,Stable
02-05-2024 12:00,May,262.05,92.93,1,26.6,6.68,7.89,3.19,5,5,1,5,29.1,33.9,24.1,5.96,5,3.368421053,3.157894737,8.100604404,0.619198855,0.019543194,Yes,Yes,Normal,Safe,Stable
02-05-2024 13:00,May,262.05,92.93,1,26.6,6.68,7.89,3.19,5,5,0,6,29.1,33.9,24.1,5.96,5,3.421052632,2.894736842,8.080278901,0.649834047,0.018692198,No,No,Normal,Safe,Stable
02-05-2024 14:00,May,262.05,92.93,1,26.6,6.68,7.89,3.19,5,5,0,5,29.1,33.9,24.1,5.96,5,3.473684211,2.631578947,8.059953398,0.68046924,0.017841201,Yes,No,Normal,Safe,Stable
02-05-2024 15:00,May,262.05,92.93,1,26.6,6.68,7.89,3.19,5,5,0,5,29.1,33.9,24.1,5.96,5,3.526315789,2.368421053,8.039627895,0.711104433,0.016990204,No,No,Normal,Safe,Stable
02-05-2024 16:00,May,262.05,92.93,1,26.6,6.68,7.89,3.19,5,5,1,2,29.1,33.9,24.1,5.96,5,3.578947368,2.105263158,8.019302391,0.741739625,0.016139208,Yes,No,Normal,Safe,Stable
02-05-2024 17:00,May,262.05,92.93,1,26.6,6.68,7.89,3.19,5,5,0,5,29.1,33.9,24.1,5.96,5,3.631578947,1.842105263,7.998976888,0.772374818,0.015288211,No,No,Normal,Safe,Stable
02-05-2024 18:00,May,262.05,92.93,1,26.6,6.68,7.89,3.19,5,5,0,6,29.1,33.9,24.1,5.96,5,3.684210526,1.578947368,7.978651385,0.80301001,0.014437215,Yes,Yes,Normal,Safe,Stable
02-05-2024 19:00,May,262.05,92.93,1,26.6,6.68,7.89,3.19,5,5,0,4,29.1,33.9,24.1,5.96,5,3.736842105,1.315789474,7.958325882,0.833645203,0.013586218,No,No,Normal,Safe,Stable
02-05-2024 20:00,May,262.05,92.93,1,26.6,6.68,7.89,3.19,5,5,0,5,29.1,33.9,24.1,5.96,5,3.789473684,1.052631579,7.938000379,0.864280396,0.012735222,Yes,No,Normal,Safe,Stable
02-05-2024 21:00,May,262.05,92.93,1,26.6,6.68,7.89,3.19,5,5,0,2,29.1,33.9,24.1,5.96,5,3.842105263,0.789473684,7.917674876,0.894915588,0.011884225,No,No,Normal,Safe,Stable
02-05-2024 22:00,May,262.05,92.93,1,26.6,6.68,7.89,3.19,5,5,0,2,29.1,33.9,24.1,5.96,5,3.894736842,0.526315789,7.897349372,0.925550781,0.011033228,Yes,No,Normal,Safe,Stable
02-05-2024 23:00,May,262.05,92.93,1,26.6,6.68,7.89,3.19,5,5,0,4,29.1,33.9,24.1,5.96,5,3.947368421,0.263157895,7.877023869,0.956185974,0.010182232,No,No,Normal,Safe,Stable
03-05-2024 00:00,May,262.05,92.93,1,26.6,6.68,7.89,3.19,5,5,0,2,29.1,33.9,24.1,5.96,5,4,0,7.856698366,0.986821166,0.009331235,Yes,Yes,Normal,Safe,Stable
03-05-2024 01:00,May,262.05,92.93,1,26.6,6.68,7.89,3.19,5,5,0,4,29.1,33.9,24.1,5.96,5,4,1,7.98294435,0.282180294,0.132974345,No,No,Normal,Safe,Stable
03-05-2024 02:00,May,262.05,92.93,1,26.6,6.68,7.89,3.19,5,5,0,2,29.1,33.9,24.1,5.96,5,4,2,8.387666758,0.350968402,0.449597147,Yes,No,Normal,Safe,Stable
03-05-2024 03:00,May,262.05,92.93,1,26.6,6.68,7.89,3.19,5,5,1,2,29.1,33.9,24.1,5.96,5,4,3,8.352532606,0.310989858,0.820784574,No,No,Normal,Safe,Stable
03-05-2024 04:00,May,262.05,92.93,1,26.6,6.68,7.89,3.19,5,5,0,4,29.1,33.9,24.1,5.96,5,4,4,8.154056498,0.312662104,0.832237426,Yes,No,Normal,Safe,Stable
03-05-2024 05:00,May,262.05,92.93,1,26.6,6.68,7.89,3.19,5,5,0,5,29.1,33.9,24.1,5.96,5,4,5,8.399930103,0.425803895,-0.006181135,No,No,Normal,Safe,Stable
03-05-2024 06:00,May,262.05,92.93,1,26.6,6.68,7.89,3.19,5,5,1,2,29.1,33.9,24.1,5.96,5,4.052631579,4.736842105,8.369145399,0.425160205,-0.005520741,Yes,Yes,Normal,Safe,Stable
03-05-2024 07:00,May,262.05,92.93,1,26.6,6.68,7.89,3.19,5,5,0,6,29.1,33.9,24.1,5.96,5,4.105263158,4.473684211,8.338360696,0.424516515,-0.004860347,No,No,Normal,Safe,Stable
03-05-2024 08:00,May,262.05,92.93,1,26.6,6.68,7.89,3.19,5,5,0,5,29.1,33.9,24.1,5.96,5,4.157894737,4.210526316,8.307575993,0.423872825,-0.004199953,Yes,No,Normal,Safe,Stable
03-05-2024 09:00,May,262.05,92.93,1,26.6,6.68,7.89,3.19,5,5,0,1,29.1,33.9,24.1,5.96,5,4.210526316,3.947368421,8.27679129,0.423229135,-0.003539559,No,No,Normal,Safe,Stable
03-05-2024 10:00,May,262.05,92.93,1,26.6,6.68,7.89,3.19,5,5,0,2,29.1,33.9,24.1,5.96,5,4.263157895,3.684210526,8.246006586,0.422585446,-0.002879165,Yes,No,Normal,Safe,Stable
03-05-2024 11:00,May,262.05,92.93,1,26.6,6.68,7.89,3.19,5,5,0,6,29.1,33.9,24.1,5.96,5,4.315789474,3.421052632,8.215221883,0.421941756,-0.002218771,No,No,Normal,Safe,Stable
03-05-2024 12:00,May,262.05,92.93,1,26.6,6.68,7.89,3.19,5,5,0,1,29.1,33.9,24.1,5.96,5,4.368421053,3.157894737,8.18443718,0.421298066,-0.001558377,Yes,Yes,Normal,Safe,Stable
03-05-2024 13:00,May,262.05,92.93,1,26.6,6.68,7.89,3.19,5,5,1,4,29.1,33.9,24.1,5.96,5,4.421052632,2.894736842,8.153652477,0.420654376,-0.000897983,No,No,Normal,Safe,Stable
03-05-2024 14:00,May,262.05,92.93,1,26.6,6.68,7.89,3.19,5,5,0,2,29.1,33.9,24.1,5.96,5,4.473684211,2.631578947,8.122867774,0.420010686,-0.00023759,Yes,No,Normal,Safe,Stable
03-05-2024 15:00,May,262.05,92.93,1,26.6,6.68,7.89,3.19,5,5,0,4,29.1,33.9,24.1,5.96,5,4.526315789,2.368421053,8.09208307,0.419366997,0.000422804,No,No,Normal,Safe,Stable
03-05-2024 16:00,May,262.05,92.93,1,26.6,6.68,7.89,3.19,5,5,0,2,29.1,33.9,24.1,5.96,5,4.578947368,2.105263158,8.061298367,0.418723307,0.001083198,Yes,No,Normal,Safe,Stable
03-05-2024 17:00,May,262.05,92.93,1,26.6,6.68,7.89,3.19,5,5,0,2,29.1,33.9,24.1,5.96,5,4.631578947,1.842105263,8.030513664,0.418079617,0.001743592,No,No,Normal,Safe,Stable
03-05-2024 18:00,May,262.05,92.93,1,26.6,6.68,7.89,3.19,5,5,0,2,29.1,33.9,24.1,5.96,5,4.684210526,1.578947368,7.999728961,0.417435927,0.002403986,Yes,Yes,Normal,Safe,Stable
03-05-2024 19:00,May,262.05,92.93,1,26.6,6.68,7.89,3.19,5,5,0,5,29.1,33.9,24.1,5.96,5,4.736842105,1.315789474,7.968944257,0.416792237,0.00306438,No,No,Normal,Safe,Stable
03-05-2024 20:00,May,262.05,92.93,1,26.6,6.68,7.89,3.19,5,5,0,5,29.1,33.9,24.1,5.96,5,4.789473684,1.052631579,7.938159554,0.416148548,0.003724774,Yes,No,Normal,Safe,Stable
03-05-2024 21:00,May,262.05,92.93,1,26.6,6.68,7.89,3.19,5,5,0,5,29.1,33.9,24.1,5.96,5,4.842105263,0.789473684,7.907374851,0.415504858,0.004385168,No,No,Normal,Safe,Stable
03-05-2024 22:00,May,262.05,92.93,1,26.6,6.68,7.89,3.19,5,5,0,5,29.1,33.9,24.1,5.96,5,4.894736842,0.526315789,7.876590148,0.414861168,0.005045562,Yes,No,Normal,Safe,Stable
03-05-2024 23:00,May,262.05,92.93,1,26.6,6.68,7.89,3.19,5,5,1,5,29.1,33.9,24.1,5.96,5,4.947368421,0.263157895,7.845805444,0.414217478,0.005705956,No,No,Normal,Safe,Stable
04-05-2024 00:00,May,262.05,92.93,1,26.6,6.68,7.89,3.19,5,5,0,6,29.1,33.9,24.1,5.96,5,5,0,7.815020741,0.413573788,0.006366349,Yes,Yes,Normal,Safe,Stable
04-05-2024 01:00,May,262.05,92.93,1,26.6,6.68,7.89,3.19,5,5,0,5,29.1,33.9,24.1,5.96,5,5,1,8.322698708,0.307122145,0.121658437,No,No,Normal,Safe,Stable
04-05-2024 02:00,May,262.05,92.93,1,26.6,6.68,7.89,3.19,5,5,0,5,29.1,33.9,24.1,5.96,5,5,2,8.021849185,0.945103973,0.005407774,Yes,No,Normal,Safe,Stable
04-05-2024 03:00,May,262.05,92.93,1,26.6,6.68,7.89,3.19,5,5,0,4,29.1,33.9,24.1,5.96,5,5,3,8.861476022,0.240004087,0.997263024,No,No,Normal,Safe,Stable
04-05-2024 04:00,May,262.05,92.93,1,26.6,6.68,7.89,3.19,5,5,0,6,29.1,33.9,24.1,5.96,5,5,4,8.372547049,0.282745867,0.879020738,Yes,No,Normal,Safe,Stable
04-05-2024 05:00,May,262.05,92.93,1,26.6,6.68,7.89,3.19,5,5,1,5,29.1,33.9,24.1,5.96,5,5,5,8.01617952,0.38409469,-0.016613162,No,No,Normal,Safe,Stable
04-05-2024 06:00,May,262.05,92.93,1,26.6,6.68,7.89,3.19,5,5,0,2,29.1,33.9,24.1,5.96,5,5.052631579,4.736842105,8.027507669,0.386123428,-0.015894811,Yes,Yes,Normal,Safe,Stable
04-05-2024 07:00,May,262.05,92.93,1,26.6,6.68,7.89,3.19,5,5,1,5,29.1,33.9,24.1,5.96,5,5.105263158,4.473684211,8.038835818,0.388152167,-0.015176459,No,No,Normal,Safe,Stable
04-05-2024 08:00,May,262.05,92.93,1,26.6,6.68,7.89,3.19,5,5,0,4,29.1,33.9,24.1,5.96,5,5.157894737,4.210526316,8.050163967,0.390180905,-0.014458108,Yes,No,Normal,Safe,Stable
04-05-2024 09:00,May,262.05,92.93,1,26.6,6.68,7.89,3.19,5,5,0,4,29.1,33.9,24.1,5.96,5,5.210526316,3.947368421,8.061492116,0.392209643,-0.013739756,No,No,Normal,Safe,Stable
04-05-2024 10:00,May,262.05,92.93,1,26.6,6.68,7.89,3.19,5,5,0,6,29.1,33.9,24.1,5.96,5,5.263157895,3.684210526,8.072820265,0.394238381,-0.013021404,Yes,No,Normal,Safe,Stable
04-05-2024 11:00,May,262.05,92.93,1,26.6,6.68,7.89,3.19,5,5,0,4,29.1,33.9,24.1,5.96,5,5.315789474,3.421052632,8.084148414,0.396267119,-0.012303053,No,No,Normal,Safe,Stable
04-05-2024 12:00,May,262.05,92.93,1,26.6,6.68,7.89,3.19,5,5,0,2,29.1,33.9,24.1,5.96,5,5.368421053,3.157894737,8.095476563,0.398295857,-0.011584701,Yes,Yes,Normal,Safe,Stable
04-05-2024 13:00,May,262.05,92.93,1,26.6,6.68,7.89,3.19,5,5,1,4,29.1,33.9,24.1,5.96,5,5.421052632,2.894736842,8.106804712,0.400324595,-0.010866349,No,No,Normal,Safe,Stable
04-05-2024 14:00,May,262.05,92.93,1,26.6,6.68,7.89,3.19,5,5,1,6,29.1,33.9,24.1,5.96,5,5.473684211,2.631578947,8.118132861,0.402353333,-0.010147998,Yes,No,Normal,Safe,Stable
04-05-2024 15:00,May,262.05,92.93,1,26.6,6.68,7.89,3.19,5,5,0,5,29.1,33.9,24.1,5.96,5,5.526315789,2.368421053,8.129461011,0.404382071,-0.009429646,No,No,Normal,Safe,Stable
04-05-2024 16:00,May,262.05,92.93,1,26.6,6.68,7.89,3.19,5,5,0,5,29.1,33.9,24.1,5.96,5,5.578947368,2.105263158,8.14078916,0.40641081,-0.008711294,Yes,No,Normal,Safe,Stable
04-05-2024 17:00,May,262.05,92.93,1,26.6,6.68,7.89,3.19,5,5,0,5,29.1,33.9,24.1,5.96,5,5.631578947,1.842105263,8.152117309,0.408439548,-0.007992943,No,No,Normal,Safe,Stable
04-05-2024 18:00,May,262.05,92.93,1,26.6,6.68,7.89,3.19,5,5,1,2,29.1,33.9,24.1,5.96,5,5.684210526,1.578947368,8.163445458,0.410468286,-0.007274591,Yes,Yes,Normal,Safe,Stable
04-05-2024 19:00,May,262.05,92.93,1,26.6,6.68,7.89,3.19,5,5,0,6,29.1,33.9,24.1,5.96,5,5.736842105,1.315789474,8.174773607,0.412497024,-0.006556239,No,No,Normal,Safe,Stable
04-05-2024 20:00,May,262.05,92.93,1,26.6,6.68,7.89,3.19,5,5,0,4,29.1,33.9,24.1,5.96,5,5.789473684,1.052631579,8.186101756,0.414525762,-0.005837888,Yes,No,Normal,Safe,Stable
04-05-2024 21:00,May,262.05,92.93,1,26.6,6.68,7.89,3.19,5,5,0,5,29.1,33.9,24.1,5.96,5,5.842105263,0.789473684,8.197429905,0.4165545,-0.005119536,No,No,Normal,Safe,Stable
04-05-2024 22:00,May,262.05,92.93,1,26.6,6.68,7.89,3.19,5,5,1,2,29.1,33.9,24.1,5.96,5,5.894736842,0.526315789,8.208758054,0.418583238,-0.004401184,Yes,No,Normal,Safe,Stable
04-05-2024 23:00,May,262.05,92.93,1,26.6,6.68,7.89,3.19,5,5,0,5,29.1,33.9,24.1,5.96,5,5.947368421,0.263157895,8.220086203,0.420611976,-0.003682833,No,No,Normal,Safe,Stable
05-05-2024 00:00,May,262.05,92.93,1,26.6,6.68,7.89,3.19,5,5,0,2,29.1,33.9,24.1,5.96,5,6,0,8.231414352,0.422640714,-0.002964481,Yes,Yes,Normal,Safe,Stable
05-05-2024 01:00,May,262.05,92.93,1,26.6,6.68,7.89,3.19,5,5,0,1,29.1,33.9,24.1,5.96,5,6,1,8.413271027,0.360278892,0.431736607,No,No,Normal,Safe,Stable
05-05-2024 02:00,May,262.05,92.93,1,26.6,6.68,7.89,3.19,5,5,1,2,29.1,33.9,24.1,5.96,5,6,2,8.15761759,0.329062001,0.496950968,Yes,No,Normal,Safe,Stable
05-05-2024 03:00,May,262.05,92.93,1,26.6,6.68,7.89,3.19,5,5,0,4,29.1,33.9,24.1,5.96,5,6,3,7.935338761,0.287425248,0.856966143,No,No,Normal,Safe,Stable
05-05-2024 04:00,May,262.05,92.93,1,26.6,6.68,7.89,3.19,5,5,0,4,29.1,33.9,24.1,5.96,5,6,4,8.713446776,0.296854284,0.84455003,Yes,No,Normal,Safe,Stable
05-05-2024 05:00,May,262.05,92.93,1,26.6,6.68,7.89,3.19,5,5,0,2,29.1,33.9,24.1,5.96,5,6,5,7.855524304,0.375385112,0.023379829,No,No,Normal,Safe,Stable
05-05-2024 06:00,May,262.05,92.93,1,26.6,6.68,7.89,3.19,5,5,0,5,29.1,33.9,24.1,5.96,5,6.052631579,4.736842105,7.854191969,0.374842304,0.024919349,Yes,Yes,Normal,Safe,Stable
05-05-2024 07:00,May,262.05,92.93,1,26.6,6.68,7.89,3.19,5,5,0,2,29.1,33.9,24.1,5.96,5,6.105263158,4.473684211,7.852859633,0.374299496,0.026458869,No,No,Normal,Safe,Stable
05-05-2024 08:00,May,262.05,92.93,1,26.6,6.68,7.89,3.19,5,5,0,5,29.1,33.9,24.1,5.96,5,6.157894737,4.210526316,7.851527297,0.373756688,0.027998389,Yes,No,Normal,Safe,Stable
05-05-2024 09:00,May,262.05,92.93,1,26.6,6.68,7.89,3.19,5,5,0,5,29.1,33.9,24.1,5.96,5,6.210526316,3.947368421,7.850194962,0.37321388,0.029537909,No,No,Normal,Safe,Stable
05-05-2024 10:00,May,262.05,92.93,1,26.6,6.68,7.89,3.19,5,5,0,4,29.1,33.9,24.1,5.96,5,6.263157895,3.684210526,7.848862626,0.372671072,0.03107743,Yes,No,Normal,Safe,Stable
05-05-2024 11:00,May,262.05,92.93,1,26.6,6.68,7.89,3.19,5,5,0,6,29.1,33.9,24.1,5.96,5,6.315789474,3.421052632,7.84753029,0.372128264,0.03261695,No,No,Normal,Safe,Stable
05-05-2024 12:00,May,262.05,92.93,1,26.6,6.68,7.89,3.19,5,5,0,1,29.1,33.9,24.1,5.96,5,6.368421053,3.157894737,7.846197955,0.371585456,0.03415647,Yes,Yes,Normal,Safe,Stable
05-05-2024 13:00,May,262.05,92.93,1,26.6,6.68,7.89,3.19,5,5,0,2,29.1,33.9,24.1,5.96,5,6.421052632,2.894736842,7.844865619,0.371042648,0.03569599,No,No,Normal,Safe,Stable
05-05-2024 14:00,May,262.05,92.93,1,26.6,6.68,7.89,3.19,5,5,1,1,29.1,33.9,24.1,5.96,5,6.473684211,2.631578947,7.843533283,0.370499841,0.03723551,Yes,No,Normal,Safe,Stable
05-05-2024 15:00,May,262.05,92.93,1,26.6,6.68,7.89,3.19,5,5,0,2,29.1,33.9,24.1,5.96,5,6.526315789,2.368421053,7.842200948,0.369957033,0.03877503,No,No,Normal,Safe,Stable
05-05-2024 16:00,May,262.05,92.93,1,26.6,6.68,7.89,3.19,5,5,0,6,29.1,33.9,24.1,5.96,5,6.578947368,2.105263158,7.840868612,0.369414225,0.04031455,Yes,No,Normal,Safe,Stable
05-05-2024 17:00,May,262.05,92.93,1,26.6,6.68,7.89,3.19,5,5,1,6,29.1,33.9,24.1,5.96,5,6.631578947,1.842105263,7.839536276,0.368871417,0.04185407,No,No,Normal,Safe,Stable
05-05-2024 18:00,May,262.05,92.93,1,26.6,6.68,7.89,3.19,5,5,1,4,29.1,33.9,24.1,5.96,5,6.684210526,1.578947368,7.83820394,0.368328609,0.04339359,Yes,Yes,Normal,Safe,Stable
05-05-2024 19:00,May,262.05,92.93,1,26.6,6.68,7.89,3.19,5,5,0,2,29.1,33.9,24.1,5.96,5,6.736842105,1.315789474,7.836871605,0.367785801,0.044933111,No,No,Normal,Safe,Stable
05-05-2024 20:00,May,262.05,92.93,1,26.6,6.68,7.89,3.19,5,5,0,4,29.1,33.9,24.1,5.96,5,6.789473684,1.052631579,7.835539269,0.367242993,0.046472631,Yes,No,Normal,Safe,Stable
05-05-2024 21:00,May,262.05,92.93,1,26.6,6.68,7.89,3.19,5,5,0,5,29.1,33.9,24.1,5.96,5,6.842105263,0.789473684,7.834206933,0.366700185,0.048012151,No,No,Normal,Safe,Stable
05-05-2024 22:00,May,262.05,92.93,1,26.6,6.68,7.89,3.19,5,5,0,4,29.1,33.9,24.1,5.96,5,6.894736842,0.526315789,7.832874598,0.366157378,0.049551671,Yes,No,Normal,Safe,Stable
05-05-2024 23:00,May,262.05,92.93,1,26.6,6.68,7.89,3.19,5,5,0,5,29.1,33.9,24.1,5.96,5,6.947368421,0.263157895,7.831542262,0.36561457,0.051091191,No,No,Normal,Safe,Stable
06-05-2024 00:00,May,262.05,92.93,1,26.6,6.68,7.89,3.19,5,5,1,5,29.1,33.9,24.1,5.96,5,7,0,7.830209926,0.365071762,0.052630711,Yes,Yes,Normal,Safe,Stable
06-05-2024 01:00,May,262.05,92.93,1,26.6,6.68,7.89,3.19,5,5,0,4,29.1,33.9,24.1,5.96,5,7,1,8.194828182,0.341362611,0.122261381,No,No,Normal,Safe,Stable
06-05-2024 02:00,May,262.05,92.93,1,26.6,6.68,7.89,3.19,5,5,0,2,29.1,33.9,24.1,5.96,5,7,2,7.529484903,0.980180406,-0.024168456,Yes,No,Normal,Safe,Stable
06-05-2024 03:00,May,262.05,92.93,1,26.6,6.68,7.89,3.19,5,5,0,1,29.1,33.9,24.1,5.96,5,7,3,8.461226312,0.17227237,0.897537727,No,No,Normal,Safe,Stable
06-05-2024 04:00,May,262.05,92.93,1,26.6,6.68,7.89,3.19,5,5,0,2,29.1,33.9,24.1,5.96,5,7,4,8.340983065,0.236973648,0.839884669,Yes,No,Normal,Safe,Stable
06-05-2024 05:00,May,262.05,92.93,1,26.6,6.68,7.89,3.19,5,5,0,4,29.1,33.9,24.1,5.96,5,7,5,8.010670909,0.42725207,-0.002320779,No,No,Normal,Safe,Stable
06-05-2024 06:00,May,262.05,92.93,1,26.6,6.68,7.89,3.19,5,5,0,2,29.1,33.9,24.1,5.96,5,7.052631579,4.736842105,8.030527238,0.426035366,-0.00211112,Yes,Yes,Normal,Safe,Stable
06-05-2024 07:00,May,262.05,92.93,1,26.6,6.68,7.89,3.19,5,5,0,5,29.1,33.9,24.1,5.96,5,7.105263158,4.473684211,8.050383567,0.424818662,-0.001901461,No,No,Normal,Safe,Stable
06-05-2024 08:00,May,262.05,92.93,1,26.6,6.68,7.89,3.19,5,5,1,6,29.1,33.9,24.1,5.96,5,7.157894737,4.210526316,8.070239897,0.423601958,-0.001691802,Yes,No,Normal,Safe,Stable
06-05-2024 09:00,May,262.05,92.93,1,26.6,6.68,7.89,3.19,5,5,0,2,29.1,33.9,24.1,5.96,5,7.210526316,3.947368421,8.090096226,0.422385254,-0.001482142,No,No,Normal,Safe,Stable
06-05-2024 10:00,May,262.05,92.93,1,26.6,6.68,7.89,3.19,5,5,0,2,29.1,33.9,24.1,5.96,5,7.263157895,3.684210526,8.109952556,0.42116855,-0.001272483,Yes,No,Normal,Safe,Stable
06-05-2024 11:00,May,262.05,92.93,1,26.6,6.68,7.89,3.19,5,5,0,4,29.1,33.9,24.1,5.96,5,7.315789474,3.421052632,8.129808885,0.419951847,-0.001062824,No,No,Normal,Safe,Stable
06-05-2024 12:00,May,262.05,92.93,1,26.6,6.68,7.89,3.19,5,5,0,6,29.1,33.9,24.1,5.96,5,7.368421053,3.157894737,8.149665214,0.418735143,-0.000853165,Yes,Yes,Normal,Safe,Stable
06-05-2024 13:00,May,262.05,92.93,1,26.6,6.68,7.89,3.19,5,5,0,1,29.1,33.9,24.1,5.96,5,7.421052632,2.894736842,8.169521544,0.417518439,-0.000643505,No,No,Normal,Safe,Stable
06-05-2024 14:00,May,262.05,92.93,1,26.6,6.68,7.89,3.19,5,5,0,2,29.1,33.9,24.1,5.96,5,7.473684211,2.631578947,8.189377873,0.416301735,-0.000433846,Yes,No,Normal,Safe,Stable
06-05-2024 15:00,May,262.05,92.93,1,26.6,6.68,7.89,3.19,5,5,0,5,29.1,33.9,24.1,5.96,5,7.526315789,2.368421053,8.209234202,0.415085031,-0.000224187,No,No,Normal,Safe,Stable
06-05-2024 16:00,May,262.05,92.93,1,26.6,6.68,7.89,3.19,5,5,1,2,29.1,33.9,24.1,5.96,5,7.578947368,2.105263158,8.229090532,0.413868327,-1.45E-05,Yes,No,Normal,Safe,Stable
06-05-2024 17:00,May,262.05,92.93,1,26.6,6.68,7.89,3.19,5,5,1,5,29.1,33.9,24.1,5.96,5,7.631578947,1.842105263,8.248946861,0.412651624,0.000195132,No,No,Normal,Safe,Stable
06-05-2024 18:00,May,262.05,92.93,1,26.6,6.68,7.89,3.19,5,5,0,2,29.1,33.9,24.1,5.96,5,7.684210526,1.578947368,8.26880319,0.41143492,0.000404791,Yes,Yes,Normal,Safe,Stable
06-05-2024 19:00,May,262.05,92.93,1,26.6,6.68,7.89,3.19,5,5,1,4,29.1,33.9,24.1,5.96,5,7.736842105,1.315789474,8.28865952,0.410218216,0.00061445,No,No,Normal,Safe,Stable
06-05-2024 20:00,May,262.05,92.93,1,26.6,6.68,7.89,3.19,5,5,0,5,29.1,33.9,24.1,5.96,5,7.789473684,1.052631579,8.308515849,0.409001512,0.000824109,Yes,No,Normal,Safe,Stable
06-05-2024 21:00,May,262.05,92.93,1,26.6,6.68,7.89,3.19,5,5,0,2,29.1,33.9,24.1,5.96,5,7.842105263,0.789473684,8.328372179,0.407784808,0.001033769,No,No,Normal,Safe,Stable
06-05-2024 22:00,May,262.05,92.93,1,26.6,6.68,7.89,3.19,5,5,0,2,29.1,33.9,24.1,5.96,5,7.894736842,0.526315789,8.348228508,0.406568104,0.001243428,Yes,No,Normal,Safe,Stable
06-05-2024 23:00,May,262.05,92.93,1,26.6,6.68,7.89,3.19,5,5,0,5,29.1,33.9,24.1,5.96,5,7.947368421,0.263157895,8.368084837,0.4053514,0.001453087,No,No,Normal,Safe,Stable
07-05-2024 00:00,May,262.05,92.93,1,26.6,6.68,7.89,3.19,5,5,0,4,29.1,33.9,24.1,5.96,5,8,0,8.387941167,0.404134697,0.001662746,Yes,Yes,Normal,Safe,Stable
07-05-2024 01:00,May,262.05,92.93,1,26.6,6.68,7.89,3.19,5,5,0,5,29.1,33.9,24.1,5.96,5,8,1,8.262615337,0.323734079,0.12965763,No,No,Normal,Safe,Stable
07-05-2024 02:00,May,262.05,92.93,1,26.6,6.68,7.89,3.19,5,5,0,1,29.1,33.9,24.1,5.96,5,8,2,8.273144388,0.328215274,0.466914841,Yes,No,Normal,Safe,Stable
07-05-2024 03:00,May,262.05,92.93,1,26.6,6.68,7.89,3.19,5,5,0,6,29.1,33.9,24.1,5.96,5,8,3,7.885675759,0.9650296,0.01398015,No,No,Normal,Safe,Stable
07-05-2024 04:00,May,262.05,92.93,1,26.6,6.68,7.89,3.19,5,5,0,4,29.1,33.9,24.1,5.96,5,8,4,8.37253742,0.315782088,0.843279124,Yes,No,Normal,Safe,Stable
07-05-2024 05:00,May,262.05,92.93,1,26.6,6.68,7.89,3.19,5,5,0,5,29.1,33.9,24.1,5.96,5,8,5,8.04472728,0.366078687,0.030471561,No,No,Normal,Safe,Stable
07-05-2024 06:00,May,262.05,92.93,1,26.6,6.68,7.89,3.19,5,5,0,2,29.1,33.9,24.1,5.96,5,8.052631579,4.736842105,8.049571497,0.397738281,0.028761292,Yes,Yes,Normal,Safe,Stable
07-05-2024 07:00,May,262.05,92.93,1,26.6,6.68,7.89,3.19,5,5,0,4,29.1,33.9,24.1,5.96,5,8.105263158,4.473684211,8.054415714,0.429397875,0.027051023,No,No,Normal,Safe,Stable
07-05-2024 08:00,May,262.05,92.93,1,26.6,6.68,7.89,3.19,5,5,0,5,29.1,33.9,24.1,5.96,5,8.157894737,4.210526316,8.059259931,0.461057469,0.025340754,Yes,No,Normal,Safe,Stable
07-05-2024 09:00,May,262.05,92.93,1,26.6,6.68,7.89,3.19,5,5,0,6,29.1,33.9,24.1,5.96,5,8.210526316,3.947368421,8.064104148,0.492717063,0.023630486,No,No,Normal,Safe,Stable
07-05-2024 10:00,May,262.05,92.93,1,26.6,6.68,7.89,3.19,5,5,0,6,29.1,33.9,24.1,5.96,5,8.263157895,3.684210526,8.068948365,0.524376657,0.021920217,Yes,No,Normal,Safe,Stable
07-05-2024 11:00,May,262.05,92.93,1,26.6,6.68,7.89,3.19,5,5,0,4,29.1,33.9,24.1,5.96,5,8.315789474,3.421052632,8.073792582,0.556036251,0.020209948,No,No,Normal,Safe,Stable
07-05-2024 12:00,May,262.05,92.93,1,26.6,6.68,7.89,3.19,5,5,0,5,29.1,33.9,24.1,5.96,5,8.368421053,3.157894737,8.078636799,0.587695845,0.018499679,Yes,Yes,Normal,Safe,Stable
07-05-2024 13:00,May,262.05,92.93,1,26.6,6.68,7.89,3.19,5,5,1,4,29.1,33.9,24.1,5.96,5,8.421052632,2.894736842,8.083481016,0.619355439,0.01678941,No,No,Normal,Safe,Stable
07-05-2024 14:00,May,262.05,92.93,1,26.6,6.68,7.89,3.19,5,5,1,4,29.1,33.9,24.1,5.96,5,8.473684211,2.631578947,8.088325233,0.651015033,0.015079142,Yes,No,Normal,Safe,Stable
07-05-2024 15:00,May,262.05,92.93,1,26.6,6.68,7.89,3.19,5,5,0,1,29.1,33.9,24.1,5.96,5,8.526315789,2.368421053,8.093169451,0.682674627,0.013368873,No,No,Normal,Safe,Stable
07-05-2024 16:00,May,262.05,92.93,1,26.6,6.68,7.89,3.19,5,5,1,5,29.1,33.9,24.1,5.96,5,8.578947368,2.105263158,8.098013668,0.714334221,0.011658604,Yes,No,Normal,Safe,Stable
07-05-2024 17:00,May,262.05,92.93,1,26.6,6.68,7.89,3.19,5,5,0,5,29.1,33.9,24.1,5.96,5,8.631578947,1.842105263,8.102857885,0.745993815,0.009948335,No,No,Normal,Safe,Stable
07-05-2024 18:00,May,262.05,92.93,1,26.6,6.68,7.89,3.19,5,5,0,4,29.1,33.9,24.1,5.96,5,8.684210526,1.578947368,8.107702102,0.777653409,0.008238066,Yes,Yes,Normal,Safe,Stable
07-05-2024 19:00,May,262.05,92.93,1,26.6,6.68,7.89,3.19,5,5,0,5,29.1,33.9,24.1,5.96,5,8.736842105,1.315789474,8.112546319,0.809313003,0.006527798,No,No,Normal,Safe,Stable
07-05-2024 20:00,May,262.05,92.93,1,26.6,6.68,7.89,3.19,5,5,0,4,29.1,33.9,24.1,5.96,5,8.789473684,1.052631579,8.117390536,0.840972597,0.004817529,Yes,No,Normal,Safe,Stable
07-05-2024 21:00,May,262.05,92.93,1,26.6,6.68,7.89,3.19,5,5,0,1,29.1,33.9,24.1,5.96,5,8.842105263,0.789473684,8.122234753,0.872632191,0.00310726,No,No,Normal,Safe,Stable
07-05-2024 22:00,May,262.05,92.93,1,26.6,6.68,7.89,3.19,5,5,0,2,29.1,33.9,24.1,5.96,5,8.894736842,0.526315789,8.12707897,0.904291785,0.001396991,Yes,No,Normal,Safe,Stable
07-05-2024 23:00,May,262.05,92.93,1,26.6,6.68,7.89,3.19,5,5,0,2,29.1,33.9,24.1,5.96,5,8.947368421,0.263157895,8.131923187,0.935951379,-0.000313278,No,No,Normal,Safe,Stable
08-05-2024 00:00,May,262.05,92.93,1,26.6,6.68,7.89,3.19,5,5,0,4,29.1,33.9,24.1,5.96,5,9,0,8.136767404,0.967610973,-0.002023546,Yes,Yes,Normal,Safe,Stable
08-05-2024 01:00,May,262.05,92.93,1,26.6,6.68,7.89,3.19,5,5,1,5,29.1,33.9,24.1,5.96,5,9,1,8.424961305,0.333795837,0.12436353,No,No,Normal,Safe,Stable
08-05-2024 02:00,May,262.05,92.93,1,26.6,6.68,7.89,3.19,5,5,1,4,29.1,33.9,24.1,5.96,5,9,2,8.216628167,0.546158948,0.138753481,Yes,No,Normal,Safe,Stable
08-05-2024 03:00,May,262.05,92.93,1,26.6,6.68,7.89,3.19,5,5,0,2,29.1,33.9,24.1,5.96,5,9,3,8.53361318,0.274564018,0.977776835,No,No,Normal,Safe,Stable
08-05-2024 04:00,May,262.05,92.93,1,26.6,6.68,7.89,3.19,5,5,0,5,29.1,33.9,24.1,5.96,5,9,4,7.798955745,0.947760687,0.026563928,Yes,No,Normal,Safe,Stable
08-05-2024 05:00,May,262.05,92.93,1,26.6,6.68,7.89,3.19,5,5,0,4,29.1,33.9,24.1,5.96,5,9,5,8.169382388,0.388774954,0.014150005,No,No,Normal,Safe,Stable
08-05-2024 06:00,May,262.05,92.93,1,26.6,6.68,7.89,3.19,5,5,1,4,29.1,33.9,24.1,5.96,5,9.052631579,4.736842105,8.155569857,0.390565736,0.014465635,Yes,Yes,Normal,Safe,Stable
08-05-2024 07:00,May,262.05,92.93,1,26.6,6.68,7.89,3.19,5,5,0,2,29.1,33.9,24.1,5.96,5,9.105263158,4.473684211,8.141757326,0.392356519,0.014781264,No,No,Normal,Safe,Stable
08-05-2024 08:00,May,262.05,92.93,1,26.6,6.68,7.89,3.19,5,5,0,2,29.1,33.9,24.1,5.96,5,9.157894737,4.210526316,8.127944796,0.394147301,0.015096894,Yes,No,Normal,Safe,Stable
08-05-2024 09:00,May,262.05,92.93,1,26.6,6.68,7.89,3.19,5,5,0,5,29.1,33.9,24.1,5.96,5,9.210526316,3.947368421,8.114132265,0.395938083,0.015412524,No,No,Normal,Safe,Stable
08-05-2024 10:00,May,262.05,92.93,1,26.6,6.68,7.89,3.19,5,5,0,4,29.1,33.9,24.1,5.96,5,9.263157895,3.684210526,8.100319734,0.397728865,0.015728154,Yes,No,Normal,Safe,Stable
08-05-2024 11:00,May,262.05,92.93,1,26.6,6.68,7.89,3.19,5,5,0,2,29.1,33.9,24.1,5.96,5,9.315789474,3.421052632,8.086507203,0.399519647,0.016043784,No,No,Normal,Safe,Stable
08-05-2024 12:00,May,262.05,92.93,1,26.6,6.68,7.89,3.19,5,5,1,2,29.1,33.9,24.1,5.96,5,9.368421053,3.157894737,8.072694673,0.401310429,0.016359414,Yes,Yes,Normal,Safe,Stable
08-05-2024 13:00,May,262.05,92.93,1,26.6,6.68,7.89,3.19,5,5,0,6,29.1,33.9,24.1,5.96,5,9.421052632,2.894736842,8.058882142,0.403101211,0.016675044,No,No,Normal,Safe,Stable
08-05-2024 14:00,May,262.05,92.93,1,26.6,6.68,7.89,3.19,5,5,0,1,29.1,33.9,24.1,5.96,5,9.473684211,2.631578947,8.045069611,0.404891993,0.016990674,Yes,No,Normal,Safe,Stable
08-05-2024 15:00,May,262.05,92.93,1,26.6,6.68,7.89,3.19,5,5,1,5,29.1,33.9,24.1,5.96,5,9.526315789,2.368421053,8.031257081,0.406682775,0.017306304,No,No,Normal,Safe,Stable
08-05-2024 16:00,May,262.05,92.93,1,26.6,6.68,7.89,3.19,5,5,0,6,29.1,33.9,24.1,5.96,5,9.578947368,2.105263158,8.01744455,0.408473557,0.017621934,Yes,No,Normal,Safe,Stable
08-05-2024 17:00,May,262.05,92.93,1,26.6,6.68,7.89,3.19,5,5,0,4,29.1,33.9,24.1,5.96,5,9.631578947,1.842105263,8.003632019,0.41026434,0.017937564,No,No,Normal,Safe,Stable
08-05-2024 18:00,May,262.05,92.93,1,26.6,6.68,7.89,3.19,5,5,0,4,29.1,33.9,24.1,5.96,5,9.684210526,1.578947368,7.989819488,0.412055122,0.018253194,Yes,Yes,Normal,Safe,Stable
08-05-2024 19:00,May,262.05,92.93,1,26.6,6.68,7.89,3.19,5,5,0,2,29.1,33.9,24.1,5.96,5,9.736842105,1.315789474,7.976006958,0.413845904,0.018568824,No,No,Normal,Safe,Stable
08-05-2024 20:00,May,262.05,92.93,1,26.6,6.68,7.89,3.19,5,5,1,2,29.1,33.9,24.1,5.96,5,9.789473684,1.052631579,7.962194427,0.415636686,0.018884454,Yes,No,Normal,Safe,Stable
08-05-2024 21:00,May,262.05,92.93,1,26.6,6.68,7.89,3.19,5,5,0,1,29.1,33.9,24.1,5.96,5,9.842105263,0.789473684,7.948381896,0.417427468,0.019200084,No,No,Normal,Safe,Stable
08-05-2024 22:00,May,262.05,92.93,1,26.6,6.68,7.89,3.19,5,5,1,2,29.1,33.9,24.1,5.96,5,9.894736842,0.526315789,7.934569365,0.41921825,0.019515714,Yes,No,Normal,Safe,Stable
08-05-2024 23:00,May,262.05,92.93,1,26.6,6.68,7.89,3.19,5,5,0,4,29.1,33.9,24.1,5.96,5,9.947368421,0.263157895,7.920756835,0.421009032,0.019831344,No,No,Normal,Safe,Stable
09-05-2024 00:00,May,262.05,92.93,1,26.6,6.68,7.89,3.19,5,5,0,2,29.1,33.9,24.1,5.96,5,10,0,7.906944304,0.422799814,0.020146974,Yes,Yes,Normal,Safe,Stable
09-05-2024 01:00,May,262.05,92.93,1,26.6,6.68,7.89,3.19,5,5,0,5,29.1,33.9,24.1,5.96,5,10,1,7.862088347,1.011035785,-0.0124717,No,No,Normal,Safe,Stable
09-05-2024 02:00,May,262.05,92.93,1,26.6,6.68,7.89,3.19,5,5,0,4,29.1,33.9,24.1,5.96,5,10,2,7.783968761,0.950723118,-0.011481282,Yes,No,Normal,Safe,Stable
09-05-2024 03:00,May,262.05,92.93,1,26.6,6.68,7.89,3.19,5,5,0,2,29.1,33.9,24.1,5.96,5,10,3,8.318677925,0.258812203,0.857852772,No,No,Normal,Safe,Stable
09-05-2024 04:00,May,262.05,92.93,1,26.6,6.68,7.89,3.19,5,5,0,2,29.1,33.9,24.1,5.96,5,10,4,8.204570477,0.312236847,0.841424979,Yes,No,Normal,Safe,Stable
09-05-2024 05:00,May,262.05,92.93,1,26.6,6.68,7.89,3.19,5,5,1,2,29.1,33.9,24.1,5.96,5,10,5,7.809092398,0.957760104,0.020957125,No,No,Normal,Safe,Stable
09-05-2024 06:00,May,262.05,92.93,1,26.6,6.68,7.89,3.19,5,5,0,6,29.1,33.9,24.1,5.96,5,10.05263158,4.736842105,7.804434423,0.928791096,0.020529627,Yes,Yes,Normal,Safe,Stable
09-05-2024 07:00,May,262.05,92.93,1,26.6,6.68,7.89,3.19,5,5,0,2,29.1,33.9,24.1,5.96,5,10.10526316,4.473684211,7.799776449,0.899822088,0.020102128,No,No,Normal,Safe,Stable
09-05-2024 08:00,May,262.05,92.93,1,26.6,6.68,7.89,3.19,5,5,0,2,29.1,33.9,24.1,5.96,5,10.15789474,4.210526316,7.795118474,0.87085308,0.01967463,Yes,No,Normal,Safe,Stable
09-05-2024 09:00,May,262.05,92.93,1,26.6,6.68,7.89,3.19,5,5,1,4,29.1,33.9,24.1,5.96,5,10.21052632,3.947368421,7.790460499,0.841884072,0.019247131,No,No,Normal,Safe,Stable
09-05-2024 10:00,May,262.05,92.93,1,26.6,6.68,7.89,3.19,5,5,0,6,29.1,33.9,24.1,5.96,5,10.26315789,3.684210526,7.785802525,0.812915064,0.018819632,Yes,No,Normal,Safe,Stable
09-05-2024 11:00,May,262.05,92.93,1,26.6,6.68,7.89,3.19,5,5,0,1,29.1,33.9,24.1,5.96,5,10.31578947,3.421052632,7.78114455,0.783946056,0.018392134,No,No,Normal,Safe,Stable
09-05-2024 12:00,May,262.05,92.93,1,26.6,6.68,7.89,3.19,5,5,0,4,29.1,33.9,24.1,5.96,5,10.36842105,3.157894737,7.776486575,0.754977048,0.017964635,Yes,Yes,Normal,Safe,Stable
09-05-2024 13:00,May,262.05,92.93,1,26.6,6.68,7.89,3.19,5,5,0,4,29.1,33.9,24.1,5.96,5,10.42105263,2.894736842,7.771828601,0.72600804,0.017537137,No,No,Normal,Safe,Stable
09-05-2024 14:00,May,262.05,92.93,1,26.6,6.68,7.89,3.19,5,5,0,4,29.1,33.9,24.1,5.96,5,10.47368421,2.631578947,7.767170626,0.697039033,0.017109638,Yes,No,Normal,Safe,Stable
09-05-2024 15:00,May,262.05,92.93,1,26.6,6.68,7.89,3.19,5,5,0,4,29.1,33.9,24.1,5.96,5,10.52631579,2.368421053,7.762512652,0.668070025,0.01668214,No,No,Normal,Safe,Stable
09-05-2024 16:00,May,262.05,92.93,1,26.6,6.68,7.89,3.19,5,5,0,5,29.1,33.9,24.1,5.96,5,10.57894737,2.105263158,7.757854677,0.639101017,0.016254641,Yes,No,Normal,Safe,Stable
09-05-2024 17:00,May,262.05,92.93,1,26.6,6.68,7.89,3.19,5,5,1,1,29.1,33.9,24.1,5.96,5,10.63157895,1.842105263,7.753196702,0.610132009,0.015827142,No,No,Normal,Safe,Stable
09-05-2024 18:00,May,262.05,92.93,1,26.6,6.68,7.89,3.19,5,5,0,2,29.1,33.9,24.1,5.96,5,10.68421053,1.578947368,7.748538728,0.581163001,0.015399644,Yes,Yes,Normal,Safe,Stable
09-05-2024 19:00,May,262.05,92.93,1,26.6,6.68,7.89,3.19,5,5,0,4,29.1,33.9,24.1,5.96,5,10.73684211,1.315789474,7.743880753,0.552193993,0.014972145,No,No,Normal,Safe,Stable
09-05-2024 20:00,May,262.05,92.93,1,26.6,6.68,7.89,3.19,5,5,0,5,29.1,33.9,24.1,5.96,5,10.78947368,1.052631579,7.739222779,0.523224985,0.014544647,Yes,No,Normal,Safe,Stable
09-05-2024 21:00,May,262.05,92.93,1,26.6,6.68,7.89,3.19,5,5,0,5,29.1,33.9,24.1,5.96,5,10.84210526,0.789473684,7.734564804,0.494255977,0.014117148,No,No,Normal,Safe,Stable
09-05-2024 22:00,May,262.05,92.93,1,26.6,6.68,7.89,3.19,5,5,0,1,29.1,33.9,24.1,5.96,5,10.89473684,0.526315789,7.729906829,0.465286969,0.013689649,Yes,No,Normal,Safe,Stable
09-05-2024 23:00,May,262.05,92.93,1,26.6,6.68,7.89,3.19,5,5,0,4,29.1,33.9,24.1,5.96,5,10.94736842,0.263157895,7.725248855,0.436317961,0.013262151,No,No,Normal,Safe,Stable
10-05-2024 00:00,May,262.05,92.93,1,26.6,6.68,7.89,3.19,5,5,0,1,29.1,33.9,24.1,5.96,5,11,0,7.72059088,0.407348953,0.012834652,Yes,Yes,Normal,Safe,Stable
10-05-2024 01:00,May,262.05,92.93,1,26.6,6.68,7.89,3.19,5,5,0,1,29.1,33.9,24.1,5.96,5,11,1,8.425420175,0.362464966,0.12353204,No,No,Normal,Safe,Stable
10-05-2024 02:00,May,262.05,92.93,1,26.6,6.68,7.89,3.19,5,5,1,6,29.1,33.9,24.1,5.96,5,11,2,8.10718052,1.021251943,-0.021882176,Yes,No,Normal,Safe,Stable
10-05-2024 03:00,May,262.05,92.93,1,26.6,6.68,7.89,3.19,5,5,0,5,29.1,33.9,24.1,5.96,5,11,3,8.17829765,0.283671109,0.981065542,No,No,Normal,Safe,Stable
10-05-2024 04:00,May,262.05,92.93,1,26.6,6.68,7.89,3.19,5,5,0,5,29.1,33.9,24.1,5.96,5,11,4,7.804955612,0.998735102,0.024341138,Yes,No,Normal,Safe,Stable
10-05-2024 05:00,May,262.05,92.93,1,26.6,6.68,7.89,3.19,5,5,0,1,29.1,33.9,24.1,5.96,5,11,5,7.967416246,1.004220938,-0.001573572,No,No,Normal,Safe,Stable
10-05-2024 06:00,May,262.05,92.93,1,26.6,6.68,7.89,3.19,5,5,0,5,29.1,33.9,24.1,5.96,5,11.05263158,4.736842105,7.94111027,1.002012791,-0.000782033,Yes,Yes,Normal,Safe,Stable
10-05-2024 07:00,May,262.05,92.93,1,26.6,6.68,7.89,3.19,5,5,1,5,29.1,33.9,24.1,5.96,5,11.10526316,4.473684211,7.914804294,0.999804645,9.51E-06,No,No,Normal,Safe,Stable
10-05-2024 08:00,May,262.05,92.93,1,26.6,6.68,7.89,3.19,5,5,0,5,29.1,33.9,24.1,5.96,5,11.15789474,4.210526316,7.888498318,0.997596498,0.000801044,Yes,No,Normal,Safe,Stable
10-05-2024 09:00,May,262.05,92.93,1,26.6,6.68,7.89,3.19,5,5,0,2,29.1,33.9,24.1,5.96,5,11.21052632,3.947368421,7.862192342,0.995388351,0.001592583,No,No,Normal,Safe,Stable
10-05-2024 10:00,May,262.05,92.93,1,26.6,6.68,7.89,3.19,5,5,0,4,29.1,33.9,24.1,5.96,5,11.26315789,3.684210526,7.835886366,0.993180204,0.002384121,Yes,No,Normal,Safe,Stable
10-05-2024 11:00,May,262.05,92.93,1,26.6,6.68,7.89,3.19,5,5,0,4,29.1,33.9,24.1,5.96,5,11.31578947,3.421052632,7.809580389,0.990972057,0.00317566,No,No,Normal,Safe,Stable
10-05-2024 12:00,May,262.05,92.93,1,26.6,6.68,7.89,3.19,5,5,0,4,29.1,33.9,24.1,5.96,5,11.36842105,3.157894737,7.783274413,0.98876391,0.003967198,Yes,Yes,Normal,Safe,Stable
10-05-2024 13:00,May,262.05,92.93,1,26.6,6.68,7.89,3.19,5,5,0,5,29.1,33.9,24.1,5.96,5,11.42105263,2.894736842,7.756968437,0.986555763,0.004758737,No,No,Normal,Safe,Stable
10-05-2024 14:00,May,262.05,92.93,1,26.6,6.68,7.89,3.19,5,5,0,4,29.1,33.9,24.1,5.96,5,11.47368421,2.631578947,7.730662461,0.984347616,0.005550275,Yes,No,Normal,Safe,Stable
10-05-2024 15:00,May,262.05,92.93,1,26.6,6.68,7.89,3.19,5,5,0,2,29.1,33.9,24.1,5.96,5,11.52631579,2.368421053,7.704356485,0.98213947,0.006341814,No,No,Normal,Safe,Stable
10-05-2024 16:00,May,262.05,92.93,1,26.6,6.68,7.89,3.19,5,5,0,5,29.1,33.9,24.1,5.96,5,11.57894737,2.105263158,7.678050509,0.979931323,0.007133352,Yes,No,Normal,Safe,Stable
10-05-2024 17:00,May,262.05,92.93,1,26.6,6.68,7.89,3.19,5,5,0,2,29.1,33.9,24.1,5.96,5,11.63157895,1.842105263,7.651744533,0.977723176,0.007924891,No,No,Normal,Safe,Stable
10-05-2024 18:00,May,262.05,92.93,1,26.6,6.68,7.89,3.19,5,5,0,5,29.1,33.9,24.1,5.96,5,11.68421053,1.578947368,7.625438557,0.975515029,0.008716429,Yes,Yes,Normal,Safe,Stable
10-05-2024 19:00,May,262.05,92.93,1,26.6,6.68,7.89,3.19,5,5,0,5,29.1,33.9,24.1,5.96,5,11.73684211,1.315789474,7.599132581,0.973306882,0.009507968,No,No,Normal,Safe,Stable
10-05-2024 20:00,May,262.05,92.93,1,26.6,6.68,7.89,3.19,5,5,0,6,29.1,33.9,24.1,5.96,5,11.78947368,1.052631579,7.572826605,0.971098735,0.010299506,Yes,No,Normal,Safe,Stable
10-05-2024 21:00,May,262.05,92.93,1,26.6,6.68,7.89,3.19,5,5,0,5,29.1,33.9,24.1,5.96,5,11.84210526,0.789473684,7.546520629,0.968890588,0.011091045,No,No,Normal,Safe,Stable
10-05-2024 22:00,May,262.05,92.93,1,26.6,6.68,7.89,3.19,5,5,0,5,29.1,33.9,24.1,5.96,5,11.89473684,0.526315789,7.520214653,0.966682442,0.011882583,Yes,No,Normal,Safe,Stable
10-05-2024 23:00,May,262.05,92.93,1,26.6,6.68,7.89,3.19,5,5,1,5,29.1,33.9,24.1,5.96,5,11.94736842,0.263157895,7.493908677,0.964474295,0.012674122,No,No,Normal,Safe,Stable
11-05-2024 00:00,May,262.05,92.93,1,26.6,6.68,7.89,3.19,5,5,0,6,29.1,33.9,24.1,5.96,5,12,0,7.467602701,0.962266148,0.01346566,Yes,Yes,Normal,Safe,Stable
11-05-2024 01:00,May,262.05,92.93,1,26.6,6.68,7.89,3.19,5,5,0,2,29.1,33.9,24.1,5.96,5,12,1,8.312209072,0.337276542,0.124022387,No,No,Normal,Safe,Stable
11-05-2024 02:00,May,262.05,92.93,1,26.6,6.68,7.89,3.19,5,5,0,2,29.1,33.9,24.1,5.96,5,12,2,7.815769956,0.973067952,-0.029415013,Yes,No,Normal,Safe,Stable
11-05-2024 03:00,May,262.05,92.93,1,26.6,6.68,7.89,3.19,5,5,0,5,29.1,33.9,24.1,5.96,5,12,3,8.233552794,0.34867396,0.848847986,No,No,Normal,Safe,Stable
11-05-2024 04:00,May,262.05,92.93,1,26.6,6.68,7.89,3.19,5,5,1,2,29.1,33.9,24.1,5.96,5,12,4,8.48352094,0.316879261,0.826868251,Yes,No,Normal,Safe,Stable
11-05-2024 05:00,May,262.05,92.93,1,26.6,6.68,7.89,3.19,5,5,0,4,29.1,33.9,24.1,5.96,5,12,5,8.073694818,0.407287524,-0.002477628,No,No,Normal,Safe,Stable
11-05-2024 06:00,May,262.05,92.93,1,26.6,6.68,7.89,3.19,5,5,1,4,29.1,33.9,24.1,5.96,5,12.05263158,4.736842105,8.06874107,0.408461282,-0.001201081,Yes,Yes,Normal,Safe,Stable
11-05-2024 07:00,May,262.05,92.93,1,26.6,6.68,7.89,3.19,5,5,0,4,29.1,33.9,24.1,5.96,5,12.10526316,4.473684211,8.063787321,0.409635041,7.55E-05,No,No,Normal,Safe,Stable
11-05-2024 08:00,May,262.05,92.93,1,26.6,6.68,7.89,3.19,5,5,1,5,29.1,33.9,24.1,5.96,5,12.15789474,4.210526316,8.058833573,0.410808799,0.001352013,Yes,No,Normal,Safe,Stable
11-05-2024 09:00,May,262.05,92.93,1,26.6,6.68,7.89,3.19,5,5,0,5,29.1,33.9,24.1,5.96,5,12.21052632,3.947368421,8.053879824,0.411982558,0.00262856,No,No,Normal,Safe,Stable
11-05-2024 10:00,May,262.05,92.93,1,26.6,6.68,7.89,3.19,5,5,0,5,29.1,33.9,24.1,5.96,5,12.26315789,3.684210526,8.048926076,0.413156316,0.003905106,Yes,No,Normal,Safe,Stable
11-05-2024 11:00,May,262.05,92.93,1,26.6,6.68,7.89,3.19,5,5,0,6,29.1,33.9,24.1,5.96,5,12.31578947,3.421052632,8.043972327,0.414330074,0.005181653,No,No,Normal,Safe,Stable
11-05-2024 12:00,May,262.05,92.93,1,26.6,6.68,7.89,3.19,5,5,0,4,29.1,33.9,24.1,5.96,5,12.36842105,3.157894737,8.039018579,0.415503833,0.0064582,Yes,Yes,Normal,Safe,Stable
11-05-2024 13:00,May,262.05,92.93,1,26.6,6.68,7.89,3.19,5,5,0,4,29.1,33.9,24.1,5.96,5,12.42105263,2.894736842,8.03406483,0.416677591,0.007734747,No,No,Normal,Safe,Stable
11-05-2024 14:00,May,262.05,92.93,1,26.6,6.68,7.89,3.19,5,5,0,1,29.1,33.9,24.1,5.96,5,12.47368421,2.631578947,8.029111082,0.41785135,0.009011294,Yes,No,Normal,Safe,Stable
11-05-2024 15:00,May,262.05,92.93,1,26.6,6.68,7.89,3.19,5,5,0,4,29.1,33.9,24.1,5.96,5,12.52631579,2.368421053,8.024157333,0.419025108,0.010287841,No,No,Normal,Safe,Stable
11-05-2024 16:00,May,262.05,92.93,1,26.6,6.68,7.89,3.19,5,5,0,4,29.1,33.9,24.1,5.96,5,12.57894737,2.105263158,8.019203585,0.420198867,0.011564387,Yes,No,Normal,Safe,Stable
11-05-2024 17:00,May,262.05,92.93,1,26.6,6.68,7.89,3.19,5,5,0,1,29.1,33.9,24.1,5.96,5,12.63157895,1.842105263,8.014249836,0.421372625,0.012840934,No,No,Normal,Safe,Stable
11-05-2024 18:00,May,262.05,92.93,1,26.6,6.68,7.89,3.19,5,5,0,4,29.1,33.9,24.1,5.96,5,12.68421053,1.578947368,8.009296088,0.422546383,0.014117481,Yes,Yes,Normal,Safe,Stable
11-05-2024 19:00,May,262.05,92.93,1,26.6,6.68,7.89,3.19,5,5,0,5,29.1,33.9,24.1,5.96,5,12.73684211,1.315789474,8.00434234,0.423720142,0.015394028,No,No,Normal,Safe,Stable
11-05-2024 20:00,May,262.05,92.93,1,26.6,6.68,7.89,3.19,5,5,0,1,29.1,33.9,24.1,5.96,5,12.78947368,1.052631579,7.999388591,0.4248939,0.016670575,Yes,No,Normal,Safe,Stable
11-05-2024 21:00,May,262.05,92.93,1,26.6,6.68,7.89,3.19,5,5,1,5,29.1,33.9,24.1,5.96,5,12.84210526,0.789473684,7.994434843,0.426067659,0.017947121,No,No,Normal,Safe,Stable
11-05-2024 22:00,May,262.05,92.93,1,26.6,6.68,7.89,3.19,5,5,1,4,29.1,33.9,24.1,5.96,5,12.89473684,0.526315789,7.989481094,0.427241417,0.019223668,Yes,No,Normal,Safe,Stable
11-05-2024 23:00,May,262.05,92.93,1,26.6,6.68,7.89,3.19,5,5,0,2,29.1,33.9,24.1,5.96,5,12.94736842,0.263157895,7.984527346,0.428415175,0.020500215,No,No,Normal,Safe,Stable
12-05-2024 00:00,May,262.05,92.93,1,26.6,6.68,7.89,3.19,5,5,1,5,29.1,33.9,24.1,5.96,5,13,0,7.979573597,0.429588934,0.021776762,Yes,Yes,Normal,Safe,Stable
12-05-2024 01:00,May,262.05,92.93,1,26.6,6.68,7.89,3.19,5,5,0,2,29.1,33.9,24.1,5.96,5,13,1,8.000130136,0.943520443,0.039478709,No,No,Normal,Safe,Stable
12-05-2024 02:00,May,262.05,92.93,1,26.6,6.68,7.89,3.19,5,5,0,5,29.1,33.9,24.1,5.96,5,13,2,8.123400196,1.007434199,0.022736174,Yes,No,Normal,Safe,Stable
12-05-2024 03:00,May,262.05,92.93,1,26.6,6.68,7.89,3.19,5,5,0,4,29.1,33.9,24.1,5.96,5,13,3,7.916491226,0.295872369,0.968254528,No,No,Normal,Safe,Stable
12-05-2024 04:00,May,262.05,92.93,1,26.6,6.68,7.89,3.19,5,5,0,5,29.1,33.9,24.1,5.96,5,13,4,7.851581584,0.976087589,0.021890742,Yes,No,Normal,Safe,Stable
12-05-2024 05:00,May,262.05,92.93,1,26.6,6.68,7.89,3.19,5,5,0,2,29.1,33.9,24.1,5.96,5,13,5,8.261198853,0.405056398,0.025690586,No,No,Normal,Safe,Stable
12-05-2024 06:00,May,262.05,92.93,1,26.6,6.68,7.89,3.19,5,5,0,2,29.1,33.9,24.1,5.96,5,13.05263158,4.736842105,8.239000583,0.405679221,0.025427808,Yes,Yes,Normal,Safe,Stable
12-05-2024 07:00,May,262.05,92.93,1,26.6,6.68,7.89,3.19,5,5,0,5,29.1,33.9,24.1,5.96,5,13.10526316,4.473684211,8.216802313,0.406302043,0.02516503,No,No,Normal,Safe,Stable
12-05-2024 08:00,May,262.05,92.93,1,26.6,6.68,7.89,3.19,5,5,0,2,29.1,33.9,24.1,5.96,5,13.15789474,4.210526316,8.194604044,0.406924866,0.024902252,Yes,No,Normal,Safe,Stable
12-05-2024 09:00,May,262.05,92.93,1,26.6,6.68,7.89,3.19,5,5,0,5,29.1,33.9,24.1,5.96,5,13.21052632,3.947368421,8.172405774,0.407547688,0.024639474,No,No,Normal,Safe,Stable
12-05-2024 10:00,May,262.05,92.93,1,26.6,6.68,7.89,3.19,5,5,0,5,29.1,33.9,24.1,5.96,5,13.26315789,3.684210526,8.150207504,0.408170511,0.024376696,Yes,No,Normal,Safe,Stable
12-05-2024 11:00,May,262.05,92.93,1,26.6,6.68,7.89,3.19,5,5,1,2,29.1,33.9,24.1,5.96,5,13.31578947,3.421052632,8.128009234,0.408793333,0.024113918,No,No,Normal,Safe,Stable
12-05-2024 12:00,May,262.05,92.93,1,26.6,6.68,7.89,3.19,5,5,0,4,29.1,33.9,24.1,5.96,5,13.36842105,3.157894737,8.105810965,0.409416156,0.02385114,Yes,Yes,Normal,Safe,Stable
12-05-2024 13:00,May,262.05,92.93,1,26.6,6.68,7.89,3.19,5,5,0,5,29.1,33.9,24.1,5.96,5,13.42105263,2.894736842,8.083612695,0.410038978,0.023588362,No,No,Normal,Safe,Stable
12-05-2024 14:00,May,262.05,92.93,1,26.6,6.68,7.89,3.19,5,5,0,1,29.1,33.9,24.1,5.96,5,13.47368421,2.631578947,8.061414425,0.410661801,0.023325584,Yes,No,Normal,Safe,Stable
12-05-2024 15:00,May,262.05,92.93,1,26.6,6.68,7.89,3.19,5,5,0,4,29.1,33.9,24.1,5.96,5,13.52631579,2.368421053,8.039216155,0.411284623,0.023062806,No,No,Normal,Safe,Stable
12-05-2024 16:00,May,262.05,92.93,1,26.6,6.68,7.89,3.19,5,5,0,4,29.1,33.9,24.1,5.96,5,13.57894737,2.105263158,8.017017886,0.411907446,0.022800028,Yes,No,Normal,Safe,Stable
12-05-2024 17:00,May,262.05,92.93,1,26.6,6.68,7.89,3.19,5,5,0,4,29.1,33.9,24.1,5.96,5,13.63157895,1.842105263,7.994819616,0.412530268,0.022537249,No,No,Normal,Safe,Stable
12-05-2024 18:00,May,262.05,92.93,1,26.6,6.68,7.89,3.19,5,5,0,1,29.1,33.9,24.1,5.96,5,13.68421053,1.578947368,7.972621346,0.413153091,0.022274471,Yes,Yes,Normal,Safe,Stable
12-05-2024 19:00,May,262.05,92.93,1,26.6,6.68,7.89,3.19,5,5,0,2,29.1,33.9,24.1,5.96,5,13.73684211,1.315789474,7.950423076,0.413775913,0.022011693,No,No,Normal,Safe,Stable
12-05-2024 20:00,May,262.05,92.93,1,26.6,6.68,7.89,3.19,5,5,0,4,29.1,33.9,24.1,5.96,5,13.78947368,1.052631579,7.928224807,0.414398736,0.021748915,Yes,No,Normal,Safe,Stable
12-05-2024 21:00,May,262.05,92.93,1,26.6,6.68,7.89,3.19,5,5,0,4,29.1,33.9,24.1,5.96,5,13.84210526,0.789473684,7.906026537,0.415021559,0.021486137,No,No,Normal,Safe,Stable
12-05-2024 22:00,May,262.05,92.93,1,26.6,6.68,7.89,3.19,5,5,1,5,29.1,33.9,24.1,5.96,5,13.89473684,0.526315789,7.883828267,0.415644381,0.021223359,Yes,No,Normal,Safe,Stable
12-05-2024 23:00,May,262.05,92.93,1,26.6,6.68,7.89,3.19,5,5,0,1,29.1,33.9,24.1,5.96,5,13.94736842,0.263157895,7.861629997,0.416267204,0.020960581,No,No,Normal,Safe,Stable
13-05-2024 00:00,May,262.05,92.93,1,26.6,6.68,7.89,3.19,5,5,0,6,29.1,33.9,24.1,5.96,5,14,0,7.839431728,0.416890026,0.020697803,Yes,Yes,Normal,Safe,Stable
13-05-2024 01:00,May,262.05,92.93,1,26.6,6.68,7.89,3.19,5,5,0,1,29.1,33.9,24.1,5.96,5,14,1,8.465880351,0.322578351,0.12813481,No,No,Normal,Safe,Stable
13-05-2024 02:00,May,262.05,92.93,1,26.6,6.68,7.89,3.19,5,5,0,6,29.1,33.9,24.1,5.96,5,14,2,8.310259522,0.351234545,0.438215829,Yes,No,Normal,Safe,Stable
13-05-2024 03:00,May,262.05,92.93,1,26.6,6.68,7.89,3.19,5,5,0,4,29.1,33.9,24.1,5.96,5,14,3,7.919493749,0.320906052,0.834810062,No,No,Normal,Safe,Stable
13-05-2024 04:00,May,262.05,92.93,1,26.6,6.68,7.89,3.19,5,5,0,4,29.1,33.9,24.1,5.96,5,14,4,7.992538577,0.942620052,-0.006850856,Yes,No,Normal,Safe,Stable
13-05-2024 05:00,May,262.05,92.93,1,26.6,6.68,7.89,3.19,5,5,0,4,29.1,33.9,24.1,5.96,5,14,5,8.483072822,0.420364556,0.033030638,No,No,Normal,Safe,Stable
13-05-2024 06:00,May,262.05,92.93,1,26.6,6.68,7.89,3.19,5,5,0,2,29.1,33.9,24.1,5.96,5,14.05263158,4.736842105,8.436996226,0.449394489,0.031225298,Yes,Yes,Normal,Safe,Stable
13-05-2024 07:00,May,262.05,92.93,1,26.6,6.68,7.89,3.19,5,5,0,5,29.1,33.9,24.1,5.96,5,14.10526316,4.473684211,8.390919631,0.478424421,0.029419959,No,No,Normal,Safe,Stable
13-05-2024 08:00,May,262.05,92.93,1,26.6,6.68,7.89,3.19,5,5,1,1,29.1,33.9,24.1,5.96,5,14.15789474,4.210526316,8.344843036,0.507454354,0.027614619,Yes,No,Normal,Safe,Stable
13-05-2024 09:00,May,262.05,92.93,1,26.6,6.68,7.89,3.19,5,5,1,6,29.1,33.9,24.1,5.96,5,14.21052632,3.947368421,8.29876644,0.536484287,0.02580928,No,No,Normal,Safe,Stable
13-05-2024 10:00,May,262.05,92.93,1,26.6,6.68,7.89,3.19,5,5,0,4,29.1,33.9,24.1,5.96,5,14.26315789,3.684210526,8.252689845,0.56551422,0.02400394,Yes,No,Normal,Safe,Stable
13-05-2024 11:00,May,262.05,92.93,1,26.6,6.68,7.89,3.19,5,5,0,4,29.1,33.9,24.1,5.96,5,14.31578947,3.421052632,8.20661325,0.594544153,0.0221986,No,No,Normal,Safe,Stable
13-05-2024 12:00,May,262.05,92.93,1,26.6,6.68,7.89,3.19,5,5,1,5,29.1,33.9,24.1,5.96,5,14.36842105,3.157894737,8.160536654,0.623574086,0.020393261,Yes,Yes,Normal,Safe,Stable
13-05-2024 13:00,May,262.05,92.93,1,26.6,6.68,7.89,3.19,5,5,0,1,29.1,33.9,24.1,5.96,5,14.42105263,2.894736842,8.114460059,0.652604019,0.018587921,No,No,Normal,Safe,Stable
13-05-2024 14:00,May,262.05,92.93,1,26.6,6.68,7.89,3.19,5,5,0,4,29.1,33.9,24.1,5.96,5,14.47368421,2.631578947,8.068383464,0.681633952,0.016782582,Yes,No,Normal,Safe,Stable
13-05-2024 15:00,May,262.05,92.93,1,26.6,6.68,7.89,3.19,5,5,0,1,29.1,33.9,24.1,5.96,5,14.52631579,2.368421053,8.022306868,0.710663885,0.014977242,No,No,Normal,Safe,Stable
13-05-2024 16:00,May,262.05,92.93,1,26.6,6.68,7.89,3.19,5,5,1,1,29.1,33.9,24.1,5.96,5,14.57894737,2.105263158,7.976230273,0.739693818,0.013171903,Yes,No,Normal,Safe,Stable
13-05-2024 17:00,May,262.05,92.93,1,26.6,6.68,7.89,3.19,5,5,0,4,29.1,33.9,24.1,5.96,5,14.63157895,1.842105263,7.930153678,0.768723751,0.011366563,No,No,Normal,Safe,Stable
13-05-2024 18:00,May,262.05,92.93,1,26.6,6.68,7.89,3.19,5,5,0,6,29.1,33.9,24.1,5.96,5,14.68421053,1.578947368,7.884077082,0.797753684,0.009561224,Yes,Yes,Normal,Safe,Stable
13-05-2024 19:00,May,262.05,92.93,1,26.6,6.68,7.89,3.19,5,5,0,5,29.1,33.9,24.1,5.96,5,14.73684211,1.315789474,7.838000487,0.826783617,0.007755884,No,No,Normal,Safe,Stable
13-05-2024 20:00,May,262.05,92.93,1,26.6,6.68,7.89,3.19,5,5,0,4,29.1,33.9,24.1,5.96,5,14.78947368,1.052631579,7.791923892,0.85581355,0.005950545,Yes,No,Normal,Safe,Stable
13-05-2024 21:00,May,262.05,92.93,1,26.6,6.68,7.89,3.19,5,5,0,4,29.1,33.9,24.1,5.96,5,14.84210526,0.789473684,7.745847296,0.884843483,0.004145205,No,No,Normal,Safe,Stable
13-05-2024 22:00,May,262.05,92.93,1,26.6,6.68,7.89,3.19,5,5,0,5,29.1,33.9,24.1,5.96,5,14.89473684,0.526315789,7.699770701,0.913873416,0.002339865,Yes,No,Normal,Safe,Stable
13-05-2024 23:00,May,262.05,92.93,1,26.6,6.68,7.89,3.19,5,5,1,4,29.1,33.9,24.1,5.96,5,14.94736842,0.263157895,7.653694106,0.942903349,0.000534526,No,No,Normal,Safe,Stable
14-05-2024 00:00,May,262.05,92.93,1,26.6,6.68,7.89,3.19,5,5,0,1,29.1,33.9,24.1,5.96,5,15,0,7.60761751,0.971933281,-0.001270814,Yes,Yes,Normal,Safe,Stable
14-05-2024 01:00,May,262.05,92.93,1,26.6,6.68,7.89,3.19,5,5,0,5,29.1,33.9,24.1,5.96,5,15,1,8.089811149,0.327783162,0.105870984,No,No,Normal,Safe,Stable
14-05-2024 02:00,May,262.05,92.93,1,26.6,6.68,7.89,3.19,5,5,0,6,29.1,33.9,24.1,5.96,5,15,2,7.593914931,0.948509465,-0.041353474,Yes,No,Normal,Safe,Stable
14-05-2024 03:00,May,262.05,92.93,1,26.6,6.68,7.89,3.19,5,5,0,6,29.1,33.9,24.1,5.96,5,15,3,8.221427886,0.52742601,0.006877229,No,No,Normal,Safe,Stable
14-05-2024 04:00,May,262.05,92.93,1,26.6,6.68,7.89,3.19,5,5,0,6,29.1,33.9,24.1,5.96,5,15,4,7.872119578,0.976710795,-0.029264748,Yes,No,Normal,Safe,Stable
14-05-2024 05:00,May,262.05,92.93,1,26.6,6.68,7.89,3.19,5,5,0,5,29.1,33.9,24.1,5.96,5,15,5,8.511029793,0.368628944,0.010634339,No,No,Normal,Safe,Stable
14-05-2024 06:00,May,262.05,92.93,1,26.6,6.68,7.89,3.19,5,5,0,5,29.1,33.9,24.1,5.96,5,15.05263158,4.736842105,8.492253426,0.371875052,0.011251961,Yes,Yes,Normal,Safe,Stable
14-05-2024 07:00,May,262.05,92.93,1,26.6,6.68,7.89,3.19,5,5,0,1,29.1,33.9,24.1,5.96,5,15.10526316,4.473684211,8.473477059,0.375121159,0.011869583,No,No,Normal,Safe,Stable
14-05-2024 08:00,May,262.05,92.93,1,26.6,6.68,7.89,3.19,5,5,0,4,29.1,33.9,24.1,5.96,5,15.15789474,4.210526316,8.454700692,0.378367267,0.012487206,Yes,No,Normal,Safe,Stable
14-05-2024 09:00,May,262.05,92.93,1,26.6,6.68,7.89,3.19,5,5,0,5,29.1,33.9,24.1,5.96,5,15.21052632,3.947368421,8.435924325,0.381613375,0.013104828,No,No,Normal,Safe,Stable
14-05-2024 10:00,May,262.05,92.93,1,26.6,6.68,7.89,3.19,5,5,0,4,29.1,33.9,24.1,5.96,5,15.26315789,3.684210526,8.417147958,0.384859482,0.01372245,Yes,No,Normal,Safe,Stable
14-05-2024 11:00,May,262.05,92.93,1,26.6,6.68,7.89,3.19,5,5,0,1,29.1,33.9,24.1,5.96,5,15.31578947,3.421052632,8.398371591,0.38810559,0.014340073,No,No,Normal,Safe,Stable
14-05-2024 12:00,May,262.05,92.93,1,26.6,6.68,7.89,3.19,5,5,0,4,29.1,33.9,24.1,5.96,5,15.36842105,3.157894737,8.379595224,0.391351698,0.014957695,Yes,Yes,Normal,Safe,Stable
14-05-2024 13:00,May,262.05,92.93,1,26.6,6.68,7.89,3.19,5,5,0,5,29.1,33.9,24.1,5.96,5,15.42105263,2.894736842,8.360818857,0.394597805,0.015575317,No,No,Normal,Safe,Stable
14-05-2024 14:00,May,262.05,92.93,1,26.6,6.68,7.89,3.19,5,5,0,4,29.1,33.9,24.1,5.96,5,15.47368421,2.631578947,8.34204249,0.397843913,0.01619294,Yes,No,Normal,Safe,Stable
14-05-2024 15:00,May,262.05,92.93,1,26.6,6.68,7.89,3.19,5,5,0,2,29.1,33.9,24.1,5.96,5,15.52631579,2.368421053,8.323266123,0.401090021,0.016810562,No,No,Normal,Safe,Stable
14-05-2024 16:00,May,262.05,92.93,1,26.6,6.68,7.89,3.19,5,5,0,4,29.1,33.9,24.1,5.96,5,15.57894737,2.105263158,8.304489756,0.404336128,0.017428184,Yes,No,Normal,Safe,Stable
14-05-2024 17:00,May,262.05,92.93,1,26.6,6.68,7.89,3.19,5,5,0,5,29.1,33.9,24.1,5.96,5,15.63157895,1.842105263,8.285713389,0.407582236,0.018045807,No,No,Normal,Safe,Stable
14-05-2024 18:00,May,262.05,92.93,1,26.6,6.68,7.89,3.19,5,5,0,5,29.1,33.9,24.1,5.96,5,15.68421053,1.578947368,8.266937023,0.410828344,0.018663429,Yes,Yes,Normal,Safe,Stable
14-05-2024 19:00,May,262.05,92.93,1,26.6,6.68,7.89,3.19,5,5,0,5,29.1,33.9,24.1,5.96,5,15.73684211,1.315789474,8.248160656,0.414074451,0.019281051,No,No,Normal,Safe,Stable
14-05-2024 20:00,May,262.05,92.93,1,26.6,6.68,7.89,3.19,5,5,0,5,29.1,33.9,24.1,5.96,5,15.78947368,1.052631579,8.229384289,0.417320559,0.019898673,Yes,No,Normal,Safe,Stable
14-05-2024 21:00,May,262.05,92.93,1,26.6,6.68,7.89,3.19,5,5,0,5,29.1,33.9,24.1,5.96,5,15.84210526,0.789473684,8.210607922,0.420566666,0.020516296,No,No,Normal,Safe,Stable
14-05-2024 22:00,May,262.05,92.93,1,26.6,6.68,7.89,3.19,5,5,0,4,29.1,33.9,24.1,5.96,5,15.89473684,0.526315789,8.191831555,0.423812774,0.021133918,Yes,No,Normal,Safe,Stable
14-05-2024 23:00,May,262.05,92.93,1,26.6,6.68,7.89,3.19,5,5,0,4,29.1,33.9,24.1,5.96,5,15.94736842,0.263157895,8.173055188,0.427058882,0.02175154,No,No,Normal,Safe,Stable
15-05-2024 00:00,May,262.05,92.93,1,26.6,6.68,7.89,3.19,5,5,1,4,29.1,33.9,24.1,5.96,5,16,0,8.154278821,0.430304989,0.022369163,Yes,Yes,Normal,Safe,Stable
15-05-2024 01:00,May,262.05,92.93,1,26.6,6.68,7.89,3.19,5,5,1,2,29.1,33.9,24.1,5.96,5,16,1,7.828699262,0.947937338,0.02568546,No,No,Normal,Safe,Stable
15-05-2024 02:00,May,262.05,92.93,1,26.6,6.68,7.89,3.19,5,5,0,2,29.1,33.9,24.1,5.96,5,16,2,8.117283208,0.96769969,0.008426272,Yes,No,Normal,Safe,Stable
15-05-2024 03:00,May,262.05,92.93,1,26.6,6.68,7.89,3.19,5,5,0,2,29.1,33.9,24.1,5.96,5,16,3,8.47419008,0.190017493,0.909582581,No,No,Normal,Safe,Stable
15-05-2024 04:00,May,262.05,92.93,1,26.6,6.68,7.89,3.19,5,5,0,4,29.1,33.9,24.1,5.96,5,16,4,8.329895313,0.983221752,-0.021602704,Yes,No,Normal,Safe,Stable
15-05-2024 05:00,May,262.05,92.93,1,26.6,6.68,7.89,3.19,5,5,0,4,29.1,33.9,24.1,5.96,5,16,5,8.543348266,0.380286834,0.018162706,No,No,Normal,Safe,Stable
15-05-2024 06:00,May,262.05,92.93,1,26.6,6.68,7.89,3.19,5,5,0,4,29.1,33.9,24.1,5.96,5,16.05263158,4.736842105,8.514270518,0.38029409,0.017618291,Yes,Yes,Normal,Safe,Stable
15-05-2024 07:00,May,262.05,92.93,1,26.6,6.68,7.89,3.19,5,5,0,4,29.1,33.9,24.1,5.96,5,16.10526316,4.473684211,8.48519277,0.380301346,0.017073877,No,No,Normal,Safe,Stable
15-05-2024 08:00,May,262.05,92.93,1,26.6,6.68,7.89,3.19,5,5,0,6,29.1,33.9,24.1,5.96,5,16.15789474,4.210526316,8.456115022,0.380308601,0.016529462,Yes,No,Normal,Safe,Stable
15-05-2024 09:00,May,262.05,92.93,1,26.6,6.68,7.89,3.19,5,5,0,2,29.1,33.9,24.1,5.96,5,16.21052632,3.947368421,8.427037274,0.380315857,0.015985048,No,No,Normal,Safe,Stable
15-05-2024 10:00,May,262.05,92.93,1,26.6,6.68,7.89,3.19,5,5,0,2,29.1,33.9,24.1,5.96,5,16.26315789,3.684210526,8.397959526,0.380323113,0.015440633,Yes,No,Normal,Safe,Stable
15-05-2024 11:00,May,262.05,92.93,1,26.6,6.68,7.89,3.19,5,5,0,4,29.1,33.9,24.1,5.96,5,16.31578947,3.421052632,8.368881779,0.380330369,0.014896219,No,No,Normal,Safe,Stable
15-05-2024 12:00,May,262.05,92.93,1,26.6,6.68,7.89,3.19,5,5,1,2,29.1,33.9,24.1,5.96,5,16.36842105,3.157894737,8.339804031,0.380337625,0.014351805,Yes,Yes,Normal,Safe,Stable
15-05-2024 13:00,May,262.05,92.93,1,26.6,6.68,7.89,3.19,5,5,1,2,29.1,33.9,24.1,5.96,5,16.42105263,2.894736842,8.310726283,0.38034488,0.01380739,No,No,Normal,Safe,Stable
15-05-2024 14:00,May,262.05,92.93,1,26.6,6.68,7.89,3.19,5,5,0,5,29.1,33.9,24.1,5.96,5,16.47368421,2.631578947,8.281648535,0.380352136,0.013262976,Yes,No,Normal,Safe,Stable
15-05-2024 15:00,May,262.05,92.93,1,26.6,6.68,7.89,3.19,5,5,0,5,29.1,33.9,24.1,5.96,5,16.52631579,2.368421053,8.252570787,0.380359392,0.012718561,No,No,Normal,Safe,Stable
15-05-2024 16:00,May,262.05,92.93,1,26.6,6.68,7.89,3.19,5,5,0,4,29.1,33.9,24.1,5.96,5,16.57894737,2.105263158,8.223493039,0.380366648,0.012174147,Yes,No,Normal,Safe,Stable
15-05-2024 17:00,May,262.05,92.93,1,26.6,6.68,7.89,3.19,5,5,0,5,29.1,33.9,24.1,5.96,5,16.63157895,1.842105263,8.194415292,0.380373904,0.011629732,No,No,Normal,Safe,Stable
15-05-2024 18:00,May,262.05,92.93,1,26.6,6.68,7.89,3.19,5,5,1,2,29.1,33.9,24.1,5.96,5,16.68421053,1.578947368,8.165337544,0.380381159,0.011085318,Yes,Yes,Normal,Safe,Stable
15-05-2024 19:00,May,262.05,92.93,1,26.6,6.68,7.89,3.19,5,5,0,4,29.1,33.9,24.1,5.96,5,16.73684211,1.315789474,8.136259796,0.380388415,0.010540904,No,No,Normal,Safe,Stable
15-05-2024 20:00,May,262.05,92.93,1,26.6,6.68,7.89,3.19,5,5,1,6,29.1,33.9,24.1,5.96,5,16.78947368,1.052631579,8.107182048,0.380395671,0.009996489,Yes,No,Normal,Safe,Stable
15-05-2024 21:00,May,262.05,92.93,1,26.6,6.68,7.89,3.19,5,5,0,6,29.1,33.9,24.1,5.96,5,16.84210526,0.789473684,8.0781043,0.380402927,0.009452075,No,No,Normal,Safe,Stable
15-05-2024 22:00,May,262.05,92.93,1,26.6,6.68,7.89,3.19,5,5,0,4,29.1,33.9,24.1,5.96,5,16.89473684,0.526315789,8.049026552,0.380410183,0.00890766,Yes,No,Normal,Safe,Stable
15-05-2024 23:00,May,262.05,92.93,1,26.6,6.68,7.89,3.19,5,5,0,4,29.1,33.9,24.1,5.96,5,16.94736842,0.263157895,8.019948804,0.380417438,0.008363246,No,No,Normal,Safe,Stable
16-05-2024 00:00,May,262.05,92.93,1,26.6,6.68,7.89,3.19,5,5,0,4,29.1,33.9,24.1,5.96,5,17,0,7.990871057,0.380424694,0.007818831,Yes,Yes,Normal,Safe,Stable
16-05-2024 01:00,May,262.05,92.93,1,26.6,6.68,7.89,3.19,5,5,1,5,29.1,33.9,24.1,5.96,5,17,1,8.258492166,0.368410899,0.151412257,No,No,Normal,Safe,Stable
16-05-2024 02:00,May,262.05,92.93,1,26.6,6.68,7.89,3.19,5,5,0,4,29.1,33.9,24.1,5.96,5,17,2,8.040317355,0.33791995,0.445634719,Yes,No,Normal,Safe,Stable
16-05-2024 03:00,May,262.05,92.93,1,26.6,6.68,7.89,3.19,5,5,0,5,29.1,33.9,24.1,5.96,5,17,3,8.089629973,0.211976129,0.882579555,No,No,Normal,Safe,Stable
16-05-2024 04:00,May,262.05,92.93,1,26.6,6.68,7.89,3.19,5,5,1,4,29.1,33.9,24.1,5.96,5,17,4,8.20904898,0.300280762,0.818212518,Yes,No,Normal,Safe,Stable
16-05-2024 05:00,May,262.05,92.93,1,26.6,6.68,7.89,3.19,5,5,0,5,29.1,33.9,24.1,5.96,5,17,5,8.225762403,0.383880194,0.022977427,No,No,Normal,Safe,Stable
16-05-2024 06:00,May,262.05,92.93,1,26.6,6.68,7.89,3.19,5,5,1,5,29.1,33.9,24.1,5.96,5,17.05263158,4.736842105,8.226870562,0.383736849,0.021905436,Yes,Yes,Normal,Safe,Stable
16-05-2024 07:00,May,262.05,92.93,1,26.6,6.68,7.89,3.19,5,5,0,4,29.1,33.9,24.1,5.96,5,17.10526316,4.473684211,8.227978722,0.383593504,0.020833444,No,No,Normal,Safe,Stable
16-05-2024 08:00,May,262.05,92.93,1,26.6,6.68,7.89,3.19,5,5,0,2,29.1,33.9,24.1,5.96,5,17.15789474,4.210526316,8.229086881,0.383450158,0.019761452,Yes,No,Normal,Safe,Stable
16-05-2024 09:00,May,262.05,92.93,1,26.6,6.68,7.89,3.19,5,5,0,2,29.1,33.9,24.1,5.96,5,17.21052632,3.947368421,8.23019504,0.383306813,0.018689461,No,No,Normal,Safe,Stable
16-05-2024 10:00,May,262.05,92.93,1,26.6,6.68,7.89,3.19,5,5,0,2,29.1,33.9,24.1,5.96,5,17.26315789,3.684210526,8.231303199,0.383163468,0.017617469,Yes,No,Normal,Safe,Stable
16-05-2024 11:00,May,262.05,92.93,1,26.6,6.68,7.89,3.19,5,5,0,2,29.1,33.9,24.1,5.96,5,17.31578947,3.421052632,8.232411358,0.383020123,0.016545478,No,No,Normal,Safe,Stable
16-05-2024 12:00,May,262.05,92.93,1,26.6,6.68,7.89,3.19,5,5,0,4,29.1,33.9,24.1,5.96,5,17.36842105,3.157894737,8.233519518,0.382876778,0.015473486,Yes,Yes,Normal,Safe,Stable
16-05-2024 13:00,May,262.05,92.93,1,26.6,6.68,7.89,3.19,5,5,0,2,29.1,33.9,24.1,5.96,5,17.42105263,2.894736842,8.234627677,0.382733433,0.014401494,No,No,Normal,Safe,Stable
16-05-2024 14:00,May,262.05,92.93,1,26.6,6.68,7.89,3.19,5,5,0,6,29.1,33.9,24.1,5.96,5,17.47368421,2.631578947,8.235735836,0.382590088,0.013329503,Yes,No,Normal,Safe,Stable
16-05-2024 15:00,May,262.05,92.93,1,26.6,6.68,7.89,3.19,5,5,0,1,29.1,33.9,24.1,5.96,5,17.52631579,2.368421053,8.236843995,0.382446743,0.012257511,No,No,Normal,Safe,Stable
16-05-2024 16:00,May,262.05,92.93,1,26.6,6.68,7.89,3.19,5,5,1,4,29.1,33.9,24.1,5.96,5,17.57894737,2.105263158,8.237952154,0.382303398,0.01118552,Yes,No,Normal,Safe,Stable
16-05-2024 17:00,May,262.05,92.93,1,26.6,6.68,7.89,3.19,5,5,1,4,29.1,33.9,24.1,5.96,5,17.63157895,1.842105263,8.239060313,0.382160053,0.010113528,No,No,Normal,Safe,Stable
16-05-2024 18:00,May,262.05,92.93,1,26.6,6.68,7.89,3.19,5,5,0,1,29.1,33.9,24.1,5.96,5,17.68421053,1.578947368,8.240168473,0.382016707,0.009041537,Yes,Yes,Normal,Safe,Stable
16-05-2024 19:00,May,262.05,92.93,1,26.6,6.68,7.89,3.19,5,5,0,2,29.1,33.9,24.1,5.96,5,17.73684211,1.315789474,8.241276632,0.381873362,0.007969545,No,No,Normal,Safe,Stable
16-05-2024 20:00,May,262.05,92.93,1,26.6,6.68,7.89,3.19,5,5,0,6,29.1,33.9,24.1,5.96,5,17.78947368,1.052631579,8.242384791,0.381730017,0.006897553,Yes,No,Normal,Safe,Stable
16-05-2024 21:00,May,262.05,92.93,1,26.6,6.68,7.89,3.19,5,5,0,5,29.1,33.9,24.1,5.96,5,17.84210526,0.789473684,8.24349295,0.381586672,0.005825562,No,No,Normal,Safe,Stable
16-05-2024 22:00,May,262.05,92.93,1,26.6,6.68,7.89,3.19,5,5,0,4,29.1,33.9,24.1,5.96,5,17.89473684,0.526315789,8.244601109,0.381443327,0.00475357,Yes,No,Normal,Safe,Stable
16-05-2024 23:00,May,262.05,92.93,1,26.6,6.68,7.89,3.19,5,5,0,4,29.1,33.9,24.1,5.96,5,17.94736842,0.263157895,8.245709268,0.381299982,0.003681579,No,No,Normal,Safe,Stable
17-05-2024 00:00,May,262.05,92.93,1,26.6,6.68,7.89,3.19,5,5,0,4,29.1,33.9,24.1,5.96,5,18,0,8.246817428,0.381156637,0.002609587,Yes,Yes,Normal,Safe,Stable
17-05-2024 01:00,May,262.05,92.93,1,26.6,6.68,7.89,3.19,5,5,0,5,29.1,33.9,24.1,5.96,5,18,1,8.134919765,0.318720915,0.133397199,No,No,Normal,Safe,Stable
17-05-2024 02:00,May,262.05,92.93,1,26.6,6.68,7.89,3.19,5,5,0,4,29.1,33.9,24.1,5.96,5,18,2,8.200415141,0.991886589,0.021014777,Yes,No,Normal,Safe,Stable
17-05-2024 03:00,May,262.05,92.93,1,26.6,6.68,7.89,3.19,5,5,1,5,29.1,33.9,24.1,5.96,5,18,3,8.181920178,0.210244899,0.857498815,No,No,Normal,Safe,Stable
17-05-2024 04:00,May,262.05,92.93,1,26.6,6.68,7.89,3.19,5,5,0,5,29.1,33.9,24.1,5.96,5,18,4,8.201117009,0.292154418,0.978846546,Yes,No,Normal,Safe,Stable
17-05-2024 05:00,May,262.05,92.93,1,26.6,6.68,7.89,3.19,5,5,0,1,29.1,33.9,24.1,5.96,5,18,5,8.135400093,0.395070556,0.010069501,No,No,Normal,Safe,Stable
17-05-2024 06:00,May,262.05,92.93,1,26.6,6.68,7.89,3.19,5,5,0,2,29.1,33.9,24.1,5.96,5,18.05263158,4.736842105,8.143909499,0.395924783,0.010142082,Yes,Yes,Normal,Safe,Stable
17-05-2024 07:00,May,262.05,92.93,1,26.6,6.68,7.89,3.19,5,5,0,5,29.1,33.9,24.1,5.96,5,18.10526316,4.473684211,8.152418904,0.396779011,0.010214663,No,No,Normal,Safe,Stable
17-05-2024 08:00,May,262.05,92.93,1,26.6,6.68,7.89,3.19,5,5,0,5,29.1,33.9,24.1,5.96,5,18.15789474,4.210526316,8.160928309,0.397633238,0.010287244,Yes,No,Normal,Safe,Stable
17-05-2024 09:00,May,262.05,92.93,1,26.6,6.68,7.89,3.19,5,5,0,2,29.1,33.9,24.1,5.96,5,18.21052632,3.947368421,8.169437715,0.398487465,0.010359825,No,No,Normal,Safe,Stable
17-05-2024 10:00,May,262.05,92.93,1,26.6,6.68,7.89,3.19,5,5,0,1,29.1,33.9,24.1,5.96,5,18.26315789,3.684210526,8.17794712,0.399341693,0.010432405,Yes,No,Normal,Safe,Stable
17-05-2024 11:00,May,262.05,92.93,1,26.6,6.68,7.89,3.19,5,5,0,5,29.1,33.9,24.1,5.96,5,18.31578947,3.421052632,8.186456525,0.40019592,0.010504986,No,No,Normal,Safe,Stable
17-05-2024 12:00,May,262.05,92.93,1,26.6,6.68,7.89,3.19,5,5,0,5,29.1,33.9,24.1,5.96,5,18.36842105,3.157894737,8.194965931,0.401050147,0.010577567,Yes,Yes,Normal,Safe,Stable
17-05-2024 13:00,May,262.05,92.93,1,26.6,6.68,7.89,3.19,5,5,0,6,29.1,33.9,24.1,5.96,5,18.42105263,2.894736842,8.203475336,0.401904375,0.010650148,No,No,Normal,Safe,Stable
17-05-2024 14:00,May,262.05,92.93,1,26.6,6.68,7.89,3.19,5,5,0,5,29.1,33.9,24.1,5.96,5,18.47368421,2.631578947,8.211984741,0.402758602,0.010722728,Yes,No,Normal,Safe,Stable
17-05-2024 15:00,May,262.05,92.93,1,26.6,6.68,7.89,3.19,5,5,0,4,29.1,33.9,24.1,5.96,5,18.52631579,2.368421053,8.220494147,0.403612829,0.010795309,No,No,Normal,Safe,Stable
17-05-2024 16:00,May,262.05,92.93,1,26.6,6.68,7.89,3.19,5,5,1,4,29.1,33.9,24.1,5.96,5,18.57894737,2.105263158,8.229003552,0.404467057,0.01086789,Yes,No,Normal,Safe,Stable
17-05-2024 17:00,May,262.05,92.93,1,26.6,6.68,7.89,3.19,5,5,0,2,29.1,33.9,24.1,5.96,5,18.63157895,1.842105263,8.237512958,0.405321284,0.010940471,No,No,Normal,Safe,Stable
17-05-2024 18:00,May,262.05,92.93,1,26.6,6.68,7.89,3.19,5,5,1,4,29.1,33.9,24.1,5.96,5,18.68421053,1.578947368,8.246022363,0.406175511,0.011013051,Yes,Yes,Normal,Safe,Stable
17-05-2024 19:00,May,262.05,92.93,1,26.6,6.68,7.89,3.19,5,5,0,2,29.1,33.9,24.1,5.96,5,18.73684211,1.315789474,8.254531768,0.407029739,0.011085632,No,No,Normal,Safe,Stable
17-05-2024 20:00,May,262.05,92.93,1,26.6,6.68,7.89,3.19,5,5,0,5,29.1,33.9,24.1,5.96,5,18.78947368,1.052631579,8.263041174,0.407883966,0.011158213,Yes,No,Normal,Safe,Stable
17-05-2024 21:00,May,262.05,92.93,1,26.6,6.68,7.89,3.19,5,5,0,5,29.1,33.9,24.1,5.96,5,18.84210526,0.789473684,8.271550579,0.408738193,0.011230794,No,No,Normal,Safe,Stable
17-05-2024 22:00,May,262.05,92.93,1,26.6,6.68,7.89,3.19,5,5,0,5,29.1,33.9,24.1,5.96,5,18.89473684,0.526315789,8.280059984,0.409592421,0.011303375,Yes,No,Normal,Safe,Stable
17-05-2024 23:00,May,262.05,92.93,1,26.6,6.68,7.89,3.19,5,5,0,4,29.1,33.9,24.1,5.96,5,18.94736842,0.263157895,8.28856939,0.410446648,0.011375955,No,No,Normal,Safe,Stable
18-05-2024 00:00,May,262.05,92.93,1,26.6,6.68,7.89,3.19,5,5,1,2,29.1,33.9,24.1,5.96,5,19,0,8.297078795,0.411300875,0.011448536,Yes,Yes,Normal,Safe,Stable
18-05-2024 01:00,May,262.05,92.93,1,26.6,6.68,7.89,3.19,5,5,0,2,29.1,33.9,24.1,5.96,5,19,1,7.823990017,0.948532889,0.002438634,No,No,Normal,Safe,Stable
18-05-2024 02:00,May,262.05,92.93,1,26.6,6.68,7.89,3.19,5,5,0,4,29.1,33.9,24.1,5.96,5,19,2,7.773423189,0.962406607,-0.027410244,Yes,No,Normal,Safe,Stable
18-05-2024 03:00,May,262.05,92.93,1,26.6,6.68,7.89,3.19,5,5,0,2,29.1,33.9,24.1,5.96,5,19,3,8.339582889,0.546313036,0.035869875,No,No,Normal,Safe,Stable
18-05-2024 04:00,May,262.05,92.93,1,26.6,6.68,7.89,3.19,5,5,0,5,29.1,33.9,24.1,5.96,5,19,4,8.479405968,0.311917309,0.967389722,Yes,No,Normal,Safe,Stable
18-05-2024 05:00,May,262.05,92.93,1,26.6,6.68,7.89,3.19,5,5,0,5,29.1,33.9,24.1,5.96,5,19,5,8.518450343,0.376234822,0.021137552,No,No,Normal,Safe,Stable
18-05-2024 06:00,May,262.05,92.93,1,26.6,6.68,7.89,3.19,5,5,0,2,29.1,33.9,24.1,5.96,5,19.05263158,4.736842105,8.490445664,0.377717527,0.01942905,Yes,Yes,Normal,Safe,Stable
18-05-2024 07:00,May,262.05,92.93,1,26.6,6.68,7.89,3.19,5,5,0,5,29.1,33.9,24.1,5.96,5,19.10526316,4.473684211,8.462440986,0.379200232,0.017720547,No,No,Normal,Safe,Stable
18-05-2024 08:00,May,262.05,92.93,1,26.6,6.68,7.89,3.19,5,5,1,5,29.1,33.9,24.1,5.96,5,19.15789474,4.210526316,8.434436307,0.380682937,0.016012045,Yes,No,Normal,Safe,Stable
18-05-2024 09:00,May,262.05,92.93,1,26.6,6.68,7.89,3.19,5,5,1,4,29.1,33.9,24.1,5.96,5,19.21052632,3.947368421,8.406431629,0.382165642,0.014303543,No,No,Normal,Safe,Stable
18-05-2024 10:00,May,262.05,92.93,1,26.6,6.68,7.89,3.19,5,5,0,4,29.1,33.9,24.1,5.96,5,19.26315789,3.684210526,8.37842695,0.383648347,0.012595041,Yes,No,Normal,Safe,Stable
18-05-2024 11:00,May,262.05,92.93,1,26.6,6.68,7.89,3.19,5,5,0,5,29.1,33.9,24.1,5.96,5,19.31578947,3.421052632,8.350422272,0.385131052,0.010886539,No,No,Normal,Safe,Stable
18-05-2024 12:00,May,262.05,92.93,1,26.6,6.68,7.89,3.19,5,5,0,4,29.1,33.9,24.1,5.96,5,19.36842105,3.157894737,8.322417593,0.386613757,0.009178037,Yes,Yes,Normal,Safe,Stable
18-05-2024 13:00,May,262.05,92.93,1,26.6,6.68,7.89,3.19,5,5,0,4,29.1,33.9,24.1,5.96,5,19.42105263,2.894736842,8.294412915,0.388096462,0.007469534,No,No,Normal,Safe,Stable
18-05-2024 14:00,May,262.05,92.93,1,26.6,6.68,7.89,3.19,5,5,0,4,29.1,33.9,24.1,5.96,5,19.47368421,2.631578947,8.266408237,0.389579167,0.005761032,Yes,No,Normal,Safe,Stable
18-05-2024 15:00,May,262.05,92.93,1,26.6,6.68,7.89,3.19,5,5,0,5,29.1,33.9,24.1,5.96,5,19.52631579,2.368421053,8.238403558,0.391061872,0.00405253,No,No,Normal,Safe,Stable
18-05-2024 16:00,May,262.05,92.93,1,26.6,6.68,7.89,3.19,5,5,0,4,29.1,33.9,24.1,5.96,5,19.57894737,2.105263158,8.21039888,0.392544577,0.002344028,Yes,No,Normal,Safe,Stable
18-05-2024 17:00,May,262.05,92.93,1,26.6,6.68,7.89,3.19,5,5,0,5,29.1,33.9,24.1,5.96,5,19.63157895,1.842105263,8.182394201,0.394027282,0.000635526,No,No,Normal,Safe,Stable
18-05-2024 18:00,May,262.05,92.93,1,26.6,6.68,7.89,3.19,5,5,0,6,29.1,33.9,24.1,5.96,5,19.68421053,1.578947368,8.154389523,0.395509987,-0.001072976,Yes,Yes,Normal,Safe,Stable
18-05-2024 19:00,May,262.05,92.93,1,26.6,6.68,7.89,3.19,5,5,0,4,29.1,33.9,24.1,5.96,5,19.73684211,1.315789474,8.126384844,0.396992692,-0.002781479,No,No,Normal,Safe,Stable
18-05-2024 20:00,May,262.05,92.93,1,26.6,6.68,7.89,3.19,5,5,0,2,29.1,33.9,24.1,5.96,5,19.78947368,1.052631579,8.098380166,0.398475397,-0.004489981,Yes,No,Normal,Safe,Stable
18-05-2024 21:00,May,262.05,92.93,1,26.6,6.68,7.89,3.19,5,5,0,5,29.1,33.9,24.1,5.96,5,19.84210526,0.789473684,8.070375487,0.399958102,-0.006198483,No,No,Normal,Safe,Stable
18-05-2024 22:00,May,262.05,92.93,1,26.6,6.68,7.89,3.19,5,5,0,2,29.1,33.9,24.1,5.96,5,19.89473684,0.526315789,8.042370809,0.401440807,-0.007906985,Yes,No,Normal,Safe,Stable
18-05-2024 23:00,May,262.05,92.93,1,26.6,6.68,7.89,3.19,5,5,0,1,29.1,33.9,24.1,5.96,5,19.94736842,0.263157895,8.01436613,0.402923512,-0.009615487,No,No,Normal,Safe,Stable
19-05-2024 00:00,May,262.05,92.93,1,26.6,6.68,7.89,3.19,5,5,1,2,29.1,33.9,24.1,5.96,5,20,0,7.986361452,0.404406217,-0.011323989,Yes,Yes,Normal,Safe,Stable
19-05-2024 01:00,May,262.05,92.93,1,26.6,6.68,7.89,3.19,5,5,1,5,29.1,33.9,24.1,5.96,5,20,1,8.003552745,0.349887658,0.114593396,No,No,Normal,Safe,Stable
19-05-2024 02:00,May,262.05,92.93,1,26.6,6.68,7.89,3.19,5,5,0,5,29.1,33.9,24.1,5.96,5,20,2,8.653526313,0.314857679,0.434395379,Yes,No,Normal,Safe,Stable
19-05-2024 03:00,May,262.05,92.93,1,26.6,6.68,7.89,3.19,5,5,0,2,29.1,33.9,24.1,5.96,5,20,3,7.689392414,0.968820994,0.012122173,No,No,Normal,Safe,Stable
19-05-2024 04:00,May,262.05,92.93,1,26.6,6.68,7.89,3.19,5,5,0,2,29.1,33.9,24.1,5.96,5,20,4,8.500883323,0.235849738,0.853415436,Yes,No,Normal,Safe,Stable
19-05-2024 05:00,May,262.05,92.93,1,26.6,6.68,7.89,3.19,5,5,0,2,29.1,33.9,24.1,5.96,5,20,5,8.030893841,0.384662592,0.002795026,No,No,Normal,Safe,Stable
19-05-2024 06:00,May,262.05,92.93,1,26.6,6.68,7.89,3.19,5,5,0,6,29.1,33.9,24.1,5.96,5,20.05263158,4.736842105,8.047539138,0.385713005,0.002666742,Yes,Yes,Normal,Safe,Stable
19-05-2024 07:00,May,262.05,92.93,1,26.6,6.68,7.89,3.19,5,5,0,1,29.1,33.9,24.1,5.96,5,20.10526316,4.473684211,8.064184434,0.386763418,0.002538458,No,No,Normal,Safe,Stable
19-05-2024 08:00,May,262.05,92.93,1,26.6,6.68,7.89,3.19,5,5,0,6,29.1,33.9,24.1,5.96,5,20.15789474,4.210526316,8.080829731,0.387813831,0.002410173,Yes,No,Normal,Safe,Stable
19-05-2024 09:00,May,262.05,92.93,1,26.6,6.68,7.89,3.19,5,5,0,1,29.1,33.9,24.1,5.96,5,20.21052632,3.947368421,8.097475028,0.388864244,0.002281889,No,No,Normal,Safe,Stable
19-05-2024 10:00,May,262.05,92.93,1,26.6,6.68,7.89,3.19,5,5,1,2,29.1,33.9,24.1,5.96,5,20.26315789,3.684210526,8.114120324,0.389914657,0.002153604,Yes,No,Normal,Safe,Stable
19-05-2024 11:00,May,262.05,92.93,1,26.6,6.68,7.89,3.19,5,5,0,1,29.1,33.9,24.1,5.96,5,20.31578947,3.421052632,8.130765621,0.39096507,0.00202532,No,No,Normal,Safe,Stable
19-05-2024 12:00,May,262.05,92.93,1,26.6,6.68,7.89,3.19,5,5,0,5,29.1,33.9,24.1,5.96,5,20.36842105,3.157894737,8.147410918,0.392015483,0.001897036,Yes,Yes,Normal,Safe,Stable
19-05-2024 13:00,May,262.05,92.93,1,26.6,6.68,7.89,3.19,5,5,0,5,29.1,33.9,24.1,5.96,5,20.42105263,2.894736842,8.164056215,0.393065896,0.001768751,No,No,Normal,Safe,Stable
19-05-2024 14:00,May,262.05,92.93,1,26.6,6.68,7.89,3.19,5,5,0,5,29.1,33.9,24.1,5.96,5,20.47368421,2.631578947,8.180701511,0.394116309,0.001640467,Yes,No,Normal,Safe,Stable
19-05-2024 15:00,May,262.05,92.93,1,26.6,6.68,7.89,3.19,5,5,1,5,29.1,33.9,24.1,5.96,5,20.52631579,2.368421053,8.197346808,0.395166722,0.001512183,No,No,Normal,Safe,Stable
19-05-2024 16:00,May,262.05,92.93,1,26.6,6.68,7.89,3.19,5,5,0,4,29.1,33.9,24.1,5.96,5,20.57894737,2.105263158,8.213992105,0.396217135,0.001383898,Yes,No,Normal,Safe,Stable
19-05-2024 17:00,May,262.05,92.93,1,26.6,6.68,7.89,3.19,5,5,0,2,29.1,33.9,24.1,5.96,5,20.63157895,1.842105263,8.230637402,0.397267549,0.001255614,No,No,Normal,Safe,Stable
19-05-2024 18:00,May,262.05,92.93,1,26.6,6.68,7.89,3.19,5,5,0,4,29.1,33.9,24.1,5.96,5,20.68421053,1.578947368,8.247282698,0.398317962,0.00112733,Yes,Yes,Normal,Safe,Stable
19-05-2024 19:00,May,262.05,92.93,1,26.6,6.68,7.89,3.19,5,5,0,5,29.1,33.9,24.1,5.96,5,20.73684211,1.315789474,8.263927995,0.399368375,0.000999045,No,No,Normal,Safe,Stable
19-05-2024 20:00,May,262.05,92.93,1,26.6,6.68,7.89,3.19,5,5,0,2,29.1,33.9,24.1,5.96,5,20.78947368,1.052631579,8.280573292,0.400418788,0.000870761,Yes,No,Normal,Safe,Stable
19-05-2024 21:00,May,262.05,92.93,1,26.6,6.68,7.89,3.19,5,5,0,4,29.1,33.9,24.1,5.96,5,20.84210526,0.789473684,8.297218588,0.401469201,0.000742476,No,No,Normal,Safe,Stable
19-05-2024 22:00,May,262.05,92.93,1,26.6,6.68,7.89,3.19,5,5,0,1,29.1,33.9,24.1,5.96,5,20.89473684,0.526315789,8.313863885,0.402519614,0.000614192,Yes,No,Normal,Safe,Stable
19-05-2024 23:00,May,262.05,92.93,1,26.6,6.68,7.89,3.19,5,5,0,4,29.1,33.9,24.1,5.96,5,20.94736842,0.263157895,8.330509182,0.403570027,0.000485908,No,No,Normal,Safe,Stable
20-05-2024 00:00,May,262.05,92.93,1,26.6,6.68,7.89,3.19,5,5,0,5,29.1,33.9,24.1,5.96,5,21,0,8.347154479,0.40462044,0.000357623,Yes,Yes,Normal,Safe,Stable
20-05-2024 01:00,May,262.05,92.93,1,26.6,6.68,7.89,3.19,5,5,0,5,29.1,33.9,24.1,5.96,5,21,1,8.1106844,0.972533204,0.007955237,No,No,Normal,Safe,Stable
20-05-2024 02:00,May,262.05,92.93,1,26.6,6.68,7.89,3.19,5,5,0,2,29.1,33.9,24.1,5.96,5,21,2,8.175037025,0.891217675,0.029853187,Yes,No,Normal,Safe,Stable
20-05-2024 03:00,May,262.05,92.93,1,26.6,6.68,7.89,3.19,5,5,0,5,29.1,33.9,24.1,5.96,5,21,3,8.372653862,0.250766401,0.966664192,No,No,Normal,Safe,Stable
20-05-2024 04:00,May,262.05,92.93,1,26.6,6.68,7.89,3.19,5,5,0,5,29.1,33.9,24.1,5.96,5,21,4,8.29769254,0.947104828,-0.018812754,Yes,No,Normal,Safe,Stable
20-05-2024 05:00,May,262.05,92.93,1,26.6,6.68,7.89,3.19,5,5,0,4,29.1,33.9,24.1,5.96,5,21,5,7.440606889,0.967939694,0.000290967,No,No,Normal,Safe,Stable
20-05-2024 06:00,May,262.05,92.93,1,26.6,6.68,7.89,3.19,5,5,1,4,29.1,33.9,24.1,5.96,5,21.05263158,4.736842105,7.47441211,0.937840044,0.000767827,Yes,Yes,Normal,Safe,Stable
20-05-2024 07:00,May,262.05,92.93,1,26.6,6.68,7.89,3.19,5,5,1,4,29.1,33.9,24.1,5.96,5,21.10526316,4.473684211,7.50821733,0.907740393,0.001244686,No,No,Normal,Safe,Stable
20-05-2024 08:00,May,262.05,92.93,1,26.6,6.68,7.89,3.19,5,5,1,5,29.1,33.9,24.1,5.96,5,21.15789474,4.210526316,7.542022551,0.877640743,0.001721546,Yes,No,Normal,Safe,Stable
20-05-2024 09:00,May,262.05,92.93,1,26.6,6.68,7.89,3.19,5,5,0,4,29.1,33.9,24.1,5.96,5,21.21052632,3.947368421,7.575827772,0.847541092,0.002198406,No,No,Normal,Safe,Stable
20-05-2024 10:00,May,262.05,92.93,1,26.6,6.68,7.89,3.19,5,5,1,1,29.1,33.9,24.1,5.96,5,21.26315789,3.684210526,7.609632992,0.817441441,0.002675266,Yes,No,Normal,Safe,Stable
20-05-2024 11:00,May,262.05,92.93,1,26.6,6.68,7.89,3.19,5,5,0,5,29.1,33.9,24.1,5.96,5,21.31578947,3.421052632,7.643438213,0.787341791,0.003152126,No,No,Normal,Safe,Stable
20-05-2024 12:00,May,262.05,92.93,1,26.6,6.68,7.89,3.19,5,5,0,4,29.1,33.9,24.1,5.96,5,21.36842105,3.157894737,7.677243433,0.75724214,0.003628985,Yes,Yes,Normal,Safe,Stable
20-05-2024 13:00,May,262.05,92.93,1,26.6,6.68,7.89,3.19,5,5,0,5,29.1,33.9,24.1,5.96,5,21.42105263,2.894736842,7.711048654,0.72714249,0.004105845,No,No,Normal,Safe,Stable
20-05-2024 14:00,May,262.05,92.93,1,26.6,6.68,7.89,3.19,5,5,0,5,29.1,33.9,24.1,5.96,5,21.47368421,2.631578947,7.744853874,0.697042839,0.004582705,Yes,No,Normal,Safe,Stable
20-05-2024 15:00,May,262.05,92.93,1,26.6,6.68,7.89,3.19,5,5,1,4,29.1,33.9,24.1,5.96,5,21.52631579,2.368421053,7.778659095,0.666943188,0.005059565,No,No,Normal,Safe,Stable
20-05-2024 16:00,May,262.05,92.93,1,26.6,6.68,7.89,3.19,5,5,0,4,29.1,33.9,24.1,5.96,5,21.57894737,2.105263158,7.812464316,0.636843538,0.005536425,Yes,No,Normal,Safe,Stable
20-05-2024 17:00,May,262.05,92.93,1,26.6,6.68,7.89,3.19,5,5,0,5,29.1,33.9,24.1,5.96,5,21.63157895,1.842105263,7.846269536,0.606743887,0.006013284,No,No,Normal,Safe,Stable
20-05-2024 18:00,May,262.05,92.93,1,26.6,6.68,7.89,3.19,5,5,0,5,29.1,33.9,24.1,5.96,5,21.68421053,1.578947368,7.880074757,0.576644236,0.006490144,Yes,Yes,Normal,Safe,Stable
20-05-2024 19:00,May,262.05,92.93,1,26.6,6.68,7.89,3.19,5,5,0,5,29.1,33.9,24.1,5.96,5,21.73684211,1.315789474,7.913879977,0.546544586,0.006967004,No,No,Normal,Safe,Stable
20-05-2024 20:00,May,262.05,92.93,1,26.6,6.68,7.89,3.19,5,5,1,6,29.1,33.9,24.1,5.96,5,21.78947368,1.052631579,7.947685198,0.516444935,0.007443864,Yes,No,Normal,Safe,Stable
20-05-2024 21:00,May,262.05,92.93,1,26.6,6.68,7.89,3.19,5,5,0,5,29.1,33.9,24.1,5.96,5,21.84210526,0.789473684,7.981490418,0.486345285,0.007920724,No,No,Normal,Safe,Stable
20-05-2024 22:00,May,262.05,92.93,1,26.6,6.68,7.89,3.19,5,5,0,6,29.1,33.9,24.1,5.96,5,21.89473684,0.526315789,8.015295639,0.456245634,0.008397583,Yes,No,Normal,Safe,Stable
20-05-2024 23:00,May,262.05,92.93,1,26.6,6.68,7.89,3.19,5,5,0,6,29.1,33.9,24.1,5.96,5,21.94736842,0.263157895,8.049100859,0.426145983,0.008874443,No,No,Normal,Safe,Stable
21-05-2024 00:00,May,262.05,92.93,1,26.6,6.68,7.89,3.19,5,5,0,5,29.1,33.9,24.1,5.96,5,22,0,8.08290608,0.396046333,0.009351303,Yes,Yes,Normal,Safe,Stable
21-05-2024 01:00,May,262.05,92.93,1,26.6,6.68,7.89,3.19,5,5,0,4,29.1,33.9,24.1,5.96,5,22,1,8.016271165,0.319829561,0.131537048,No,No,Normal,Safe,Stable
21-05-2024 02:00,May,262.05,92.93,1,26.6,6.68,7.89,3.19,5,5,0,5,29.1,33.9,24.1,5.96,5,22,2,8.049173202,0.961545263,-0.006032377,Yes,No,Normal,Safe,Stable
21-05-2024 03:00,May,262.05,92.93,1,26.6,6.68,7.89,3.19,5,5,0,4,29.1,33.9,24.1,5.96,5,22,3,8.457442043,0.257836862,0.959518009,No,No,Normal,Safe,Stable
21-05-2024 04:00,May,262.05,92.93,1,26.6,6.68,7.89,3.19,5,5,0,5,29.1,33.9,24.1,5.96,5,22,4,8.390941804,0.269900259,0.828285273,Yes,No,Normal,Safe,Stable
21-05-2024 05:00,May,262.05,92.93,1,26.6,6.68,7.89,3.19,5,5,0,2,29.1,33.9,24.1,5.96,5,22,5,8.334697559,0.387202585,0.014407438,No,No,Normal,Safe,Stable
21-05-2024 06:00,May,262.05,92.93,1,26.6,6.68,7.89,3.19,5,5,1,5,29.1,33.9,24.1,5.96,5,22.05263158,4.736842105,8.335419389,0.417493059,0.012790998,Yes,Yes,Normal,Safe,Stable
21-05-2024 07:00,May,262.05,92.93,1,26.6,6.68,7.89,3.19,5,5,0,2,29.1,33.9,24.1,5.96,5,22.10526316,4.473684211,8.336141219,0.447783533,0.011174557,No,No,Normal,Safe,Stable
21-05-2024 08:00,May,262.05,92.93,1,26.6,6.68,7.89,3.19,5,5,0,2,29.1,33.9,24.1,5.96,5,22.15789474,4.210526316,8.336863049,0.478074006,0.009558117,Yes,No,Normal,Safe,Stable
21-05-2024 09:00,May,262.05,92.93,1,26.6,6.68,7.89,3.19,5,5,0,4,29.1,33.9,24.1,5.96,5,22.21052632,3.947368421,8.337584879,0.50836448,0.007941677,No,No,Normal,Safe,Stable
21-05-2024 10:00,May,262.05,92.93,1,26.6,6.68,7.89,3.19,5,5,0,1,29.1,33.9,24.1,5.96,5,22.26315789,3.684210526,8.338306708,0.538654954,0.006325237,Yes,No,Normal,Safe,Stable
21-05-2024 11:00,May,262.05,92.93,1,26.6,6.68,7.89,3.19,5,5,1,4,29.1,33.9,24.1,5.96,5,22.31578947,3.421052632,8.339028538,0.568945428,0.004708797,No,No,Normal,Safe,Stable
21-05-2024 12:00,May,262.05,92.93,1,26.6,6.68,7.89,3.19,5,5,0,2,29.1,33.9,24.1,5.96,5,22.36842105,3.157894737,8.339750368,0.599235902,0.003092356,Yes,Yes,Normal,Safe,Stable
21-05-2024 13:00,May,262.05,92.93,1,26.6,6.68,7.89,3.19,5,5,0,6,29.1,33.9,24.1,5.96,5,22.42105263,2.894736842,8.340472198,0.629526375,0.001475916,No,No,Normal,Safe,Stable
21-05-2024 14:00,May,262.05,92.93,1,26.6,6.68,7.89,3.19,5,5,1,5,29.1,33.9,24.1,5.96,5,22.47368421,2.631578947,8.341194028,0.659816849,-0.000140524,Yes,No,Normal,Safe,Stable
21-05-2024 15:00,May,262.05,92.93,1,26.6,6.68,7.89,3.19,5,5,0,5,29.1,33.9,24.1,5.96,5,22.52631579,2.368421053,8.341915857,0.690107323,-0.001756964,No,No,Normal,Safe,Stable
21-05-2024 16:00,May,262.05,92.93,1,26.6,6.68,7.89,3.19,5,5,0,6,29.1,33.9,24.1,5.96,5,22.57894737,2.105263158,8.342637687,0.720397797,-0.003373404,Yes,No,Normal,Safe,Stable
21-05-2024 17:00,May,262.05,92.93,1,26.6,6.68,7.89,3.19,5,5,0,5,29.1,33.9,24.1,5.96,5,22.63157895,1.842105263,8.343359517,0.750688271,-0.004989844,No,No,Normal,Safe,Stable
21-05-2024 18:00,May,262.05,92.93,1,26.6,6.68,7.89,3.19,5,5,0,5,29.1,33.9,24.1,5.96,5,22.68421053,1.578947368,8.344081347,0.780978744,-0.006606285,Yes,Yes,Normal,Safe,Stable
21-05-2024 19:00,May,262.05,92.93,1,26.6,6.68,7.89,3.19,5,5,0,4,29.1,33.9,24.1,5.96,5,22.73684211,1.315789474,8.344803177,0.811269218,-0.008222725,No,No,Normal,Safe,Stable
21-05-2024 20:00,May,262.05,92.93,1,26.6,6.68,7.89,3.19,5,5,0,2,29.1,33.9,24.1,5.96,5,22.78947368,1.052631579,8.345525006,0.841559692,-0.009839165,Yes,No,Normal,Safe,Stable
21-05-2024 21:00,May,262.05,92.93,1,26.6,6.68,7.89,3.19,5,5,0,2,29.1,33.9,24.1,5.96,5,22.84210526,0.789473684,8.346246836,0.871850166,-0.011455605,No,No,Normal,Safe,Stable
21-05-2024 22:00,May,262.05,92.93,1,26.6,6.68,7.89,3.19,5,5,1,5,29.1,33.9,24.1,5.96,5,22.89473684,0.526315789,8.346968666,0.90214064,-0.013072045,Yes,No,Normal,Safe,Stable
21-05-2024 23:00,May,262.05,92.93,1,26.6,6.68,7.89,3.19,5,5,0,2,29.1,33.9,24.1,5.96,5,22.94736842,0.263157895,8.347690496,0.932431113,-0.014688486,No,No,Normal,Safe,Stable
22-05-2024 00:00,May,262.05,92.93,1,26.6,6.68,7.89,3.19,5,5,0,4,29.1,33.9,24.1,5.96,5,23,0,8.348412326,0.962721587,-0.016304926,Yes,Yes,Normal,Safe,Stable
22-05-2024 01:00,May,262.05,92.93,1,26.6,6.68,7.89,3.19,5,5,0,4,29.1,33.9,24.1,5.96,5,23,1,8.252459237,0.311628875,0.136737195,No,No,Normal,Safe,Stable
22-05-2024 02:00,May,262.05,92.93,1,26.6,6.68,7.89,3.19,5,5,0,5,29.1,33.9,24.1,5.96,5,23,2,7.891258357,0.321082654,0.486942164,Yes,No,Normal,Safe,Stable
22-05-2024 03:00,May,262.05,92.93,1,26.6,6.68,7.89,3.19,5,5,0,4,29.1,33.9,24.1,5.96,5,23,3,8.066614701,0.181766682,0.844858666,No,No,Normal,Safe,Stable
22-05-2024 04:00,May,262.05,92.93,1,26.6,6.68,7.89,3.19,5,5,0,2,29.1,33.9,24.1,5.96,5,23,4,8.597814114,0.297152844,0.89426715,Yes,No,Normal,Safe,Stable
22-05-2024 05:00,May,262.05,92.93,1,26.6,6.68,7.89,3.19,5,5,1,4,29.1,33.9,24.1,5.96,5,23,5,8.196349912,0.384926036,0.038592941,No,No,Normal,Safe,Stable
22-05-2024 06:00,May,262.05,92.93,1,26.6,6.68,7.89,3.19,5,5,0,4,29.1,33.9,24.1,5.96,5,23.05263158,4.736842105,8.194461916,0.384844361,0.039049922,Yes,Yes,Normal,Safe,Stable
22-05-2024 07:00,May,262.05,92.93,1,26.6,6.68,7.89,3.19,5,5,0,4,29.1,33.9,24.1,5.96,5,23.10526316,4.473684211,8.192573919,0.384762686,0.039506903,No,No,Normal,Safe,Stable
22-05-2024 08:00,May,262.05,92.93,1,26.6,6.68,7.89,3.19,5,5,0,4,29.1,33.9,24.1,5.96,5,23.15789474,4.210526316,8.190685923,0.384681011,0.039963884,Yes,No,Normal,Safe,Stable
22-05-2024 09:00,May,262.05,92.93,1,26.6,6.68,7.89,3.19,5,5,0,5,29.1,33.9,24.1,5.96,5,23.21052632,3.947368421,8.188797926,0.384599336,0.040420865,No,No,Normal,Safe,Stable
22-05-2024 10:00,May,262.05,92.93,1,26.6,6.68,7.89,3.19,5,5,0,5,29.1,33.9,24.1,5.96,5,23.26315789,3.684210526,8.18690993,0.384517662,0.040877846,Yes,No,Normal,Safe,Stable
22-05-2024 11:00,May,262.05,92.93,1,26.6,6.68,7.89,3.19,5,5,0,2,29.1,33.9,24.1,5.96,5,23.31578947,3.421052632,8.185021933,0.384435987,0.041334827,No,No,Normal,Safe,Stable
22-05-2024 12:00,May,262.05,92.93,1,26.6,6.68,7.89,3.19,5,5,0,2,29.1,33.9,24.1,5.96,5,23.36842105,3.157894737,8.183133937,0.384354312,0.041791808,Yes,Yes,Normal,Safe,Stable
22-05-2024 13:00,May,262.05,92.93,1,26.6,6.68,7.89,3.19,5,5,1,2,29.1,33.9,24.1,5.96,5,23.42105263,2.894736842,8.18124594,0.384272637,0.042248789,No,No,Normal,Safe,Stable
22-05-2024 14:00,May,262.05,92.93,1,26.6,6.68,7.89,3.19,5,5,0,2,29.1,33.9,24.1,5.96,5,23.47368421,2.631578947,8.179357943,0.384190962,0.04270577,Yes,No,Normal,Safe,Stable
22-05-2024 15:00,May,262.05,92.93,1,26.6,6.68,7.89,3.19,5,5,0,1,29.1,33.9,24.1,5.96,5,23.52631579,2.368421053,8.177469947,0.384109287,0.043162751,No,No,Normal,Safe,Stable
22-05-2024 16:00,May,262.05,92.93,1,26.6,6.68,7.89,3.19,5,5,0,4,29.1,33.9,24.1,5.96,5,23.57894737,2.105263158,8.17558195,0.384027613,0.043619732,Yes,No,Normal,Safe,Stable
22-05-2024 17:00,May,262.05,92.93,1,26.6,6.68,7.89,3.19,5,5,1,4,29.1,33.9,24.1,5.96,5,23.63157895,1.842105263,8.173693954,0.383945938,0.044076713,No,No,Normal,Safe,Stable
22-05-2024 18:00,May,262.05,92.93,1,26.6,6.68,7.89,3.19,5,5,0,2,29.1,33.9,24.1,5.96,5,23.68421053,1.578947368,8.171805957,0.383864263,0.044533694,Yes,Yes,Normal,Safe,Stable
22-05-2024 19:00,May,262.05,92.93,1,26.6,6.68,7.89,3.19,5,5,0,1,29.1,33.9,24.1,5.96,5,23.73684211,1.315789474,8.169917961,0.383782588,0.044990675,No,No,Normal,Safe,Stable
22-05-2024 20:00,May,262.05,92.93,1,26.6,6.68,7.89,3.19,5,5,0,4,29.1,33.9,24.1,5.96,5,23.78947368,1.052631579,8.168029964,0.383700913,0.045447656,Yes,No,Normal,Safe,Stable
22-05-2024 21:00,May,262.05,92.93,1,26.6,6.68,7.89,3.19,5,5,0,4,29.1,33.9,24.1,5.96,5,23.84210526,0.789473684,8.166141968,0.383619239,0.045904637,No,No,Normal,Safe,Stable
22-05-2024 22:00,May,262.05,92.93,1,26.6,6.68,7.89,3.19,5,5,0,4,29.1,33.9,24.1,5.96,5,23.89473684,0.526315789,8.164253971,0.383537564,0.046361618,Yes,No,Normal,Safe,Stable
22-05-2024 23:00,May,262.05,92.93,1,26.6,6.68,7.89,3.19,5,5,0,4,29.1,33.9,24.1,5.96,5,23.94736842,0.263157895,8.162365975,0.383455889,0.046818599,No,No,Normal,Safe,Stable
23-05-2024 00:00,May,262.05,92.93,1,26.6,6.68,7.89,3.19,5,5,0,4,29.1,33.9,24.1,5.96,5,24,0,8.160477978,0.383374214,0.04727558,Yes,Yes,Normal,Safe,Stable
23-05-2024 01:00,May,262.05,92.93,1,26.6,6.68,7.89,3.19,5,5,0,4,29.1,33.9,24.1,5.96,5,24,1,8.314143703,0.971868665,-0.006178136,No,No,Normal,Safe,Stable
23-05-2024 02:00,May,262.05,92.93,1,26.6,6.68,7.89,3.19,5,5,1,1,29.1,33.9,24.1,5.96,5,24,2,8.143742386,0.974560216,0.015323453,Yes,No,Normal,Safe,Stable
23-05-2024 03:00,May,262.05,92.93,1,26.6,6.68,7.89,3.19,5,5,0,5,29.1,33.9,24.1,5.96,5,24,3,7.675681103,0.982113776,0.029324459,No,No,Normal,Safe,Stable
23-05-2024 04:00,May,262.05,92.93,1,26.6,6.68,7.89,3.19,5,5,0,5,29.1,33.9,24.1,5.96,5,24,4,8.579768582,0.284540753,0.870657866,Yes,No,Normal,Safe,Stable
23-05-2024 05:00,May,262.05,92.93,1,26.6,6.68,7.89,3.19,5,5,1,5,29.1,33.9,24.1,5.96,5,24,5,8.210433346,0.373150803,-0.015690455,No,No,Normal,Safe,Stable
23-05-2024 06:00,May,262.05,92.93,1,26.6,6.68,7.89,3.19,5,5,0,1,29.1,33.9,24.1,5.96,5,24.05263158,4.736842105,8.199090622,0.40391787,-0.0147213,Yes,Yes,Normal,Safe,Stable
23-05-2024 07:00,May,262.05,92.93,1,26.6,6.68,7.89,3.19,5,5,0,5,29.1,33.9,24.1,5.96,5,24.10526316,4.473684211,8.187747898,0.434684936,-0.013752145,No,No,Normal,Safe,Stable
23-05-2024 08:00,May,262.05,92.93,1,26.6,6.68,7.89,3.19,5,5,1,6,29.1,33.9,24.1,5.96,5,24.15789474,4.210526316,8.176405173,0.465452003,-0.012782991,Yes,No,Normal,Safe,Stable
23-05-2024 09:00,May,262.05,92.93,1,26.6,6.68,7.89,3.19,5,5,0,5,29.1,33.9,24.1,5.96,5,24.21052632,3.947368421,8.165062449,0.496219069,-0.011813836,No,No,Normal,Safe,Stable
23-05-2024 10:00,May,262.05,92.93,1,26.6,6.68,7.89,3.19,5,5,1,5,29.1,33.9,24.1,5.96,5,24.26315789,3.684210526,8.153719725,0.526986136,-0.010844681,Yes,No,Normal,Safe,Stable
23-05-2024 11:00,May,262.05,92.93,1,26.6,6.68,7.89,3.19,5,5,0,4,29.1,33.9,24.1,5.96,5,24.31578947,3.421052632,8.142377001,0.557753202,-0.009875527,No,No,Normal,Safe,Stable
23-05-2024 12:00,May,262.05,92.93,1,26.6,6.68,7.89,3.19,5,5,0,4,29.1,33.9,24.1,5.96,5,24.36842105,3.157894737,8.131034276,0.588520268,-0.008906372,Yes,Yes,Normal,Safe,Stable
23-05-2024 13:00,May,262.05,92.93,1,26.6,6.68,7.89,3.19,5,5,0,4,29.1,33.9,24.1,5.96,5,24.42105263,2.894736842,8.119691552,0.619287335,-0.007937217,No,No,Normal,Safe,Stable
23-05-2024 14:00,May,262.05,92.93,1,26.6,6.68,7.89,3.19,5,5,0,4,29.1,33.9,24.1,5.96,5,24.47368421,2.631578947,8.108348828,0.650054401,-0.006968063,Yes,No,Normal,Safe,Stable
23-05-2024 15:00,May,262.05,92.93,1,26.6,6.68,7.89,3.19,5,5,0,1,29.1,33.9,24.1,5.96,5,24.52631579,2.368421053,8.097006104,0.680821468,-0.005998908,No,No,Normal,Safe,Stable
23-05-2024 16:00,May,262.05,92.93,1,26.6,6.68,7.89,3.19,5,5,0,6,29.1,33.9,24.1,5.96,5,24.57894737,2.105263158,8.08566338,0.711588534,-0.005029753,Yes,No,Normal,Safe,Stable
23-05-2024 17:00,May,262.05,92.93,1,26.6,6.68,7.89,3.19,5,5,0,1,29.1,33.9,24.1,5.96,5,24.63157895,1.842105263,8.074320655,0.742355601,-0.004060599,No,No,Normal,Safe,Stable
23-05-2024 18:00,May,262.05,92.93,1,26.6,6.68,7.89,3.19,5,5,0,2,29.1,33.9,24.1,5.96,5,24.68421053,1.578947368,8.062977931,0.773122667,-0.003091444,Yes,Yes,Normal,Safe,Stable
23-05-2024 19:00,May,262.05,92.93,1,26.6,6.68,7.89,3.19,5,5,0,6,29.1,33.9,24.1,5.96,5,24.73684211,1.315789474,8.051635207,0.803889734,-0.002122289,No,No,Normal,Safe,Stable
23-05-2024 20:00,May,262.05,92.93,1,26.6,6.68,7.89,3.19,5,5,1,4,29.1,33.9,24.1,5.96,5,24.78947368,1.052631579,8.040292483,0.8346568,-0.001153135,Yes,No,Normal,Safe,Stable
23-05-2024 21:00,May,262.05,92.93,1,26.6,6.68,7.89,3.19,5,5,1,2,29.1,33.9,24.1,5.96,5,24.84210526,0.789473684,8.028949758,0.865423867,-0.00018398,No,No,Normal,Safe,Stable
23-05-2024 22:00,May,262.05,92.93,1,26.6,6.68,7.89,3.19,5,5,0,4,29.1,33.9,24.1,5.96,5,24.89473684,0.526315789,8.017607034,0.896190933,0.000785175,Yes,No,Normal,Safe,Stable
23-05-2024 23:00,May,262.05,92.93,1,26.6,6.68,7.89,3.19,5,5,0,5,29.1,33.9,24.1,5.96,5,24.94736842,0.263157895,8.00626431,0.926958,0.001754329,No,No,Normal,Safe,Stable
24-05-2024 00:00,May,262.05,92.93,1,26.6,6.68,7.89,3.19,5,5,0,5,29.1,33.9,24.1,5.96,5,25,0,7.994921586,0.957725066,0.002723484,Yes,Yes,Normal,Safe,Stable
24-05-2024 01:00,May,262.05,92.93,1,26.6,6.68,7.89,3.19,5,5,0,5,29.1,33.9,24.1,5.96,5,25,1,8.128941946,0.289874695,0.106464652,No,No,Normal,Safe,Stable
24-05-2024 02:00,May,262.05,92.93,1,26.6,6.68,7.89,3.19,5,5,0,4,29.1,33.9,24.1,5.96,5,25,2,8.131242835,0.343784703,0.459275895,Yes,No,Normal,Safe,Stable
24-05-2024 03:00,May,262.05,92.93,1,26.6,6.68,7.89,3.19,5,5,1,1,29.1,33.9,24.1,5.96,5,25,3,8.470513247,0.242898462,0.94215278,No,No,Normal,Safe,Stable
24-05-2024 04:00,May,262.05,92.93,1,26.6,6.68,7.89,3.19,5,5,0,2,29.1,33.9,24.1,5.96,5,25,4,7.929638479,0.957732139,-0.0201613,Yes,No,Normal,Safe,Stable
24-05-2024 05:00,May,262.05,92.93,1,26.6,6.68,7.89,3.19,5,5,0,1,29.1,33.9,24.1,5.96,5,25,5,8.311126658,0.375005942,0.011658938,No,No,Normal,Safe,Stable
24-05-2024 06:00,May,262.05,92.93,1,26.6,6.68,7.89,3.19,5,5,0,4,29.1,33.9,24.1,5.96,5,25.05263158,4.736842105,8.285282584,0.40700329,0.011880204,Yes,Yes,Normal,Safe,Stable
24-05-2024 07:00,May,262.05,92.93,1,26.6,6.68,7.89,3.19,5,5,0,5,29.1,33.9,24.1,5.96,5,25.10526316,4.473684211,8.259438509,0.439000638,0.01210147,No,No,Normal,Safe,Stable
24-05-2024 08:00,May,262.05,92.93,1,26.6,6.68,7.89,3.19,5,5,1,4,29.1,33.9,24.1,5.96,5,25.15789474,4.210526316,8.233594435,0.470997986,0.012322736,Yes,No,Normal,Safe,Stable
24-05-2024 09:00,May,262.05,92.93,1,26.6,6.68,7.89,3.19,5,5,1,4,29.1,33.9,24.1,5.96,5,25.21052632,3.947368421,8.20775036,0.502995334,0.012544001,No,No,Normal,Safe,Stable
24-05-2024 10:00,May,262.05,92.93,1,26.6,6.68,7.89,3.19,5,5,1,5,29.1,33.9,24.1,5.96,5,25.26315789,3.684210526,8.181906285,0.534992682,0.012765267,Yes,No,Normal,Safe,Stable
24-05-2024 11:00,May,262.05,92.93,1,26.6,6.68,7.89,3.19,5,5,0,4,29.1,33.9,24.1,5.96,5,25.31578947,3.421052632,8.156062211,0.56699003,0.012986533,No,No,Normal,Safe,Stable
24-05-2024 12:00,May,262.05,92.93,1,26.6,6.68,7.89,3.19,5,5,0,2,29.1,33.9,24.1,5.96,5,25.36842105,3.157894737,8.130218136,0.598987378,0.013207799,Yes,Yes,Normal,Safe,Stable
24-05-2024 13:00,May,262.05,92.93,1,26.6,6.68,7.89,3.19,5,5,0,4,29.1,33.9,24.1,5.96,5,25.42105263,2.894736842,8.104374062,0.630984726,0.013429065,No,No,Normal,Safe,Stable
24-05-2024 14:00,May,262.05,92.93,1,26.6,6.68,7.89,3.19,5,5,0,4,29.1,33.9,24.1,5.96,5,25.47368421,2.631578947,8.078529987,0.662982074,0.01365033,Yes,No,Normal,Safe,Stable
24-05-2024 15:00,May,262.05,92.93,1,26.6,6.68,7.89,3.19,5,5,0,4,29.1,33.9,24.1,5.96,5,25.52631579,2.368421053,8.052685913,0.694979422,0.013871596,No,No,Normal,Safe,Stable
24-05-2024 16:00,May,262.05,92.93,1,26.6,6.68,7.89,3.19,5,5,0,6,29.1,33.9,24.1,5.96,5,25.57894737,2.105263158,8.026841838,0.72697677,0.014092862,Yes,No,Normal,Safe,Stable
24-05-2024 17:00,May,262.05,92.93,1,26.6,6.68,7.89,3.19,5,5,0,2,29.1,33.9,24.1,5.96,5,25.63157895,1.842105263,8.000997763,0.758974118,0.014314128,No,No,Normal,Safe,Stable
24-05-2024 18:00,May,262.05,92.93,1,26.6,6.68,7.89,3.19,5,5,1,1,29.1,33.9,24.1,5.96,5,25.68421053,1.578947368,7.975153689,0.790971466,0.014535394,Yes,Yes,Normal,Safe,Stable
24-05-2024 19:00,May,262.05,92.93,1,26.6,6.68,7.89,3.19,5,5,0,2,29.1,33.9,24.1,5.96,5,25.73684211,1.315789474,7.949309614,0.822968814,0.01475666,No,No,Normal,Safe,Stable
24-05-2024 20:00,May,262.05,92.93,1,26.6,6.68,7.89,3.19,5,5,1,1,29.1,33.9,24.1,5.96,5,25.78947368,1.052631579,7.92346554,0.854966162,0.014977925,Yes,No,Normal,Safe,Stable
24-05-2024 21:00,May,262.05,92.93,1,26.6,6.68,7.89,3.19,5,5,0,5,29.1,33.9,24.1,5.96,5,25.84210526,0.789473684,7.897621465,0.88696351,0.015199191,No,No,Normal,Safe,Stable
24-05-2024 22:00,May,262.05,92.93,1,26.6,6.68,7.89,3.19,5,5,0,4,29.1,33.9,24.1,5.96,5,25.89473684,0.526315789,7.871777391,0.918960858,0.015420457,Yes,No,Normal,Safe,Stable
24-05-2024 23:00,May,262.05,92.93,1,26.6,6.68,7.89,3.19,5,5,0,2,29.1,33.9,24.1,5.96,5,25.94736842,0.263157895,7.845933316,0.950958206,0.015641723,No,No,Normal,Safe,Stable
25-05-2024 00:00,May,262.05,92.93,1,26.6,6.68,7.89,3.19,5,5,0,2,29.1,33.9,24.1,5.96,5,26,0,7.820089241,0.982955554,0.015862989,Yes,Yes,Normal,Safe,Stable
25-05-2024 01:00,May,262.05,92.93,1,26.6,6.68,7.89,3.19,5,5,0,4,29.1,33.9,24.1,5.96,5,26,1,8.645721169,0.331717294,0.101480381,No,No,Normal,Safe,Stable
25-05-2024 02:00,May,262.05,92.93,1,26.6,6.68,7.89,3.19,5,5,0,4,29.1,33.9,24.1,5.96,5,26,2,7.933450938,0.992587782,-0.030531883,Yes,No,Normal,Safe,Stable
25-05-2024 03:00,May,262.05,92.93,1,26.6,6.68,7.89,3.19,5,5,0,5,29.1,33.9,24.1,5.96,5,26,3,8.579975424,0.185406542,0.892217271,No,No,Normal,Safe,Stable
25-05-2024 04:00,May,262.05,92.93,1,26.6,6.68,7.89,3.19,5,5,0,5,29.1,33.9,24.1,5.96,5,26,4,7.697137152,0.967723165,0.012552463,Yes,No,Normal,Safe,Stable
25-05-2024 05:00,May,262.05,92.93,1,26.6,6.68,7.89,3.19,5,5,0,4,29.1,33.9,24.1,5.96,5,26,5,8.468725625,0.367638829,0.001471477,No,No,Normal,Safe,Stable
25-05-2024 06:00,May,262.05,92.93,1,26.6,6.68,7.89,3.19,5,5,0,5,29.1,33.9,24.1,5.96,5,26.05263158,4.736842105,8.471629355,0.370069078,0.001048767,Yes,Yes,Normal,Safe,Stable
25-05-2024 07:00,May,262.05,92.93,1,26.6,6.68,7.89,3.19,5,5,1,2,29.1,33.9,24.1,5.96,5,26.10526316,4.473684211,8.474533086,0.372499327,0.000626056,No,No,Normal,Safe,Stable
25-05-2024 08:00,May,262.05,92.93,1,26.6,6.68,7.89,3.19,5,5,0,4,29.1,33.9,24.1,5.96,5,26.15789474,4.210526316,8.477436816,0.374929576,0.000203346,Yes,No,Normal,Safe,Stable
25-05-2024 09:00,May,262.05,92.93,1,26.6,6.68,7.89,3.19,5,5,0,1,29.1,33.9,24.1,5.96,5,26.21052632,3.947368421,8.480340546,0.377359825,-0.000219364,No,No,Normal,Safe,Stable
25-05-2024 10:00,May,262.05,92.93,1,26.6,6.68,7.89,3.19,5,5,0,5,29.1,33.9,24.1,5.96,5,26.26315789,3.684210526,8.483244276,0.379790074,-0.000642075,Yes,No,Normal,Safe,Stable
25-05-2024 11:00,May,262.05,92.93,1,26.6,6.68,7.89,3.19,5,5,1,5,29.1,33.9,24.1,5.96,5,26.31578947,3.421052632,8.486148006,0.382220323,-0.001064785,No,No,Normal,Safe,Stable
25-05-2024 12:00,May,262.05,92.93,1,26.6,6.68,7.89,3.19,5,5,0,4,29.1,33.9,24.1,5.96,5,26.36842105,3.157894737,8.489051736,0.384650572,-0.001487495,Yes,Yes,Normal,Safe,Stable
25-05-2024 13:00,May,262.05,92.93,1,26.6,6.68,7.89,3.19,5,5,0,4,29.1,33.9,24.1,5.96,5,26.42105263,2.894736842,8.491955466,0.387080821,-0.001910206,No,No,Normal,Safe,Stable
25-05-2024 14:00,May,262.05,92.93,1,26.6,6.68,7.89,3.19,5,5,0,2,29.1,33.9,24.1,5.96,5,26.47368421,2.631578947,8.494859196,0.38951107,-0.002332916,Yes,No,Normal,Safe,Stable
25-05-2024 15:00,May,262.05,92.93,1,26.6,6.68,7.89,3.19,5,5,0,2,29.1,33.9,24.1,5.96,5,26.52631579,2.368421053,8.497762926,0.391941319,-0.002755626,No,No,Normal,Safe,Stable
25-05-2024 16:00,May,262.05,92.93,1,26.6,6.68,7.89,3.19,5,5,0,1,29.1,33.9,24.1,5.96,5,26.57894737,2.105263158,8.500666656,0.394371568,-0.003178337,Yes,No,Normal,Safe,Stable
25-05-2024 17:00,May,262.05,92.93,1,26.6,6.68,7.89,3.19,5,5,0,4,29.1,33.9,24.1,5.96,5,26.63157895,1.842105263,8.503570386,0.396801817,-0.003601047,No,No,Normal,Safe,Stable
25-05-2024 18:00,May,262.05,92.93,1,26.6,6.68,7.89,3.19,5,5,0,4,29.1,33.9,24.1,5.96,5,26.68421053,1.578947368,8.506474116,0.399232066,-0.004023757,Yes,Yes,Normal,Safe,Stable
25-05-2024 19:00,May,262.05,92.93,1,26.6,6.68,7.89,3.19,5,5,0,4,29.1,33.9,24.1,5.96,5,26.73684211,1.315789474,8.509377846,0.401662315,-0.004446468,No,No,Normal,Safe,Stable
25-05-2024 20:00,May,262.05,92.93,1,26.6,6.68,7.89,3.19,5,5,1,5,29.1,33.9,24.1,5.96,5,26.78947368,1.052631579,8.512281576,0.404092564,-0.004869178,Yes,No,Normal,Safe,Stable
25-05-2024 21:00,May,262.05,92.93,1,26.6,6.68,7.89,3.19,5,5,0,4,29.1,33.9,24.1,5.96,5,26.84210526,0.789473684,8.515185306,0.406522813,-0.005291889,No,No,Normal,Safe,Stable
25-05-2024 22:00,May,262.05,92.93,1,26.6,6.68,7.89,3.19,5,5,1,6,29.1,33.9,24.1,5.96,5,26.89473684,0.526315789,8.518089036,0.408953062,-0.005714599,Yes,No,Normal,Safe,Stable
25-05-2024 23:00,May,262.05,92.93,1,26.6,6.68,7.89,3.19,5,5,0,2,29.1,33.9,24.1,5.96,5,26.94736842,0.263157895,8.520992766,0.411383311,-0.006137309,No,No,Normal,Safe,Stable
26-05-2024 00:00,May,262.05,92.93,1,26.6,6.68,7.89,3.19,5,5,0,5,29.1,33.9,24.1,5.96,5,27,0,8.523896496,0.41381356,-0.00656002,Yes,Yes,Normal,Safe,Stable
26-05-2024 01:00,May,262.05,92.93,1,26.6,6.68,7.89,3.19,5,5,0,5,29.1,33.9,24.1,5.96,5,27,1,7.618169821,0.979810782,-0.007834399,No,No,Normal,Safe,Stable
26-05-2024 02:00,May,262.05,92.93,1,26.6,6.68,7.89,3.19,5,5,0,5,29.1,33.9,24.1,5.96,5,27,2,8.226573759,0.941581387,0.00093005,Yes,No,Normal,Safe,Stable
26-05-2024 03:00,May,262.05,92.93,1,26.6,6.68,7.89,3.19,5,5,0,5,29.1,33.9,24.1,5.96,5,27,3,8.213882503,0.42624894,0.02063665,No,No,Normal,Safe,Stable
26-05-2024 04:00,May,262.05,92.93,1,26.6,6.68,7.89,3.19,5,5,0,2,29.1,33.9,24.1,5.96,5,27,4,7.924204659,0.960086086,0.012078847,Yes,No,Normal,Safe,Stable
26-05-2024 05:00,May,262.05,92.93,1,26.6,6.68,7.89,3.19,5,5,0,4,29.1,33.9,24.1,5.96,5,27,5,8.331883757,0.433280437,0.012141276,No,No,Normal,Safe,Stable
26-05-2024 06:00,May,262.05,92.93,1,26.6,6.68,7.89,3.19,5,5,0,6,29.1,33.9,24.1,5.96,5,27.05263158,4.736842105,8.309672404,0.431533461,0.011882658,Yes,Yes,Normal,Safe,Stable
26-05-2024 07:00,May,262.05,92.93,1,26.6,6.68,7.89,3.19,5,5,0,5,29.1,33.9,24.1,5.96,5,27.10526316,4.473684211,8.287461051,0.429786485,0.011624039,No,No,Normal,Safe,Stable
26-05-2024 08:00,May,262.05,92.93,1,26.6,6.68,7.89,3.19,5,5,0,2,29.1,33.9,24.1,5.96,5,27.15789474,4.210526316,8.265249698,0.428039509,0.011365421,Yes,No,Normal,Safe,Stable
26-05-2024 09:00,May,262.05,92.93,1,26.6,6.68,7.89,3.19,5,5,0,6,29.1,33.9,24.1,5.96,5,27.21052632,3.947368421,8.243038344,0.426292532,0.011106803,No,No,Normal,Safe,Stable
26-05-2024 10:00,May,262.05,92.93,1,26.6,6.68,7.89,3.19,5,5,1,4,29.1,33.9,24.1,5.96,5,27.26315789,3.684210526,8.220826991,0.424545556,0.010848184,Yes,No,Normal,Safe,Stable
26-05-2024 11:00,May,262.05,92.93,1,26.6,6.68,7.89,3.19,5,5,0,5,29.1,33.9,24.1,5.96,5,27.31578947,3.421052632,8.198615638,0.42279858,0.010589566,No,No,Normal,Safe,Stable
26-05-2024 12:00,May,262.05,92.93,1,26.6,6.68,7.89,3.19,5,5,0,5,29.1,33.9,24.1,5.96,5,27.36842105,3.157894737,8.176404284,0.421051604,0.010330948,Yes,Yes,Normal,Safe,Stable
26-05-2024 13:00,May,262.05,92.93,1,26.6,6.68,7.89,3.19,5,5,0,5,29.1,33.9,24.1,5.96,5,27.42105263,2.894736842,8.154192931,0.419304628,0.01007233,No,No,Normal,Safe,Stable
26-05-2024 14:00,May,262.05,92.93,1,26.6,6.68,7.89,3.19,5,5,0,2,29.1,33.9,24.1,5.96,5,27.47368421,2.631578947,8.131981578,0.417557651,0.009813711,Yes,No,Normal,Safe,Stable
26-05-2024 15:00,May,262.05,92.93,1,26.6,6.68,7.89,3.19,5,5,0,1,29.1,33.9,24.1,5.96,5,27.52631579,2.368421053,8.109770225,0.415810675,0.009555093,No,No,Normal,Safe,Stable
26-05-2024 16:00,May,262.05,92.93,1,26.6,6.68,7.89,3.19,5,5,0,6,29.1,33.9,24.1,5.96,5,27.57894737,2.105263158,8.087558871,0.414063699,0.009296475,Yes,No,Normal,Safe,Stable
26-05-2024 17:00,May,262.05,92.93,1,26.6,6.68,7.89,3.19,5,5,0,4,29.1,33.9,24.1,5.96,5,27.63157895,1.842105263,8.065347518,0.412316723,0.009037856,No,No,Normal,Safe,Stable
26-05-2024 18:00,May,262.05,92.93,1,26.6,6.68,7.89,3.19,5,5,0,5,29.1,33.9,24.1,5.96,5,27.68421053,1.578947368,8.043136165,0.410569747,0.008779238,Yes,Yes,Normal,Safe,Stable
26-05-2024 19:00,May,262.05,92.93,1,26.6,6.68,7.89,3.19,5,5,0,5,29.1,33.9,24.1,5.96,5,27.73684211,1.315789474,8.020924812,0.40882277,0.00852062,No,No,Normal,Safe,Stable
26-05-2024 20:00,May,262.05,92.93,1,26.6,6.68,7.89,3.19,5,5,0,5,29.1,33.9,24.1,5.96,5,27.78947368,1.052631579,7.998713458,0.407075794,0.008262001,Yes,No,Normal,Safe,Stable
26-05-2024 21:00,May,262.05,92.93,1,26.6,6.68,7.89,3.19,5,5,0,4,29.1,33.9,24.1,5.96,5,27.84210526,0.789473684,7.976502105,0.405328818,0.008003383,No,No,Normal,Safe,Stable
26-05-2024 22:00,May,262.05,92.93,1,26.6,6.68,7.89,3.19,5,5,0,4,29.1,33.9,24.1,5.96,5,27.89473684,0.526315789,7.954290752,0.403581842,0.007744765,Yes,No,Normal,Safe,Stable
26-05-2024 23:00,May,262.05,92.93,1,26.6,6.68,7.89,3.19,5,5,1,4,29.1,33.9,24.1,5.96,5,27.94736842,0.263157895,7.932079398,0.401834866,0.007486147,No,No,Normal,Safe,Stable
27-05-2024 00:00,May,262.05,92.93,1,26.6,6.68,7.89,3.19,5,5,0,6,29.1,33.9,24.1,5.96,5,28,0,7.909868045,0.400087889,0.007227528,Yes,Yes,Normal,Safe,Stable
27-05-2024 01:00,May,262.05,92.93,1,26.6,6.68,7.89,3.19,5,5,0,4,29.1,33.9,24.1,5.96,5,28,1,8.329447436,0.356874583,0.128146639,No,No,Normal,Safe,Stable
27-05-2024 02:00,May,262.05,92.93,1,26.6,6.68,7.89,3.19,5,5,0,2,29.1,33.9,24.1,5.96,5,28,2,8.113518669,0.352883646,0.42343208,Yes,No,Normal,Safe,Stable
27-05-2024 03:00,May,262.05,92.93,1,26.6,6.68,7.89,3.19,5,5,0,4,29.1,33.9,24.1,5.96,5,28,3,8.807474249,0.288777942,0.91325381,No,No,Normal,Safe,Stable
27-05-2024 04:00,May,262.05,92.93,1,26.6,6.68,7.89,3.19,5,5,0,5,29.1,33.9,24.1,5.96,5,28,4,8.035356592,0.287536287,0.976953984,Yes,No,Normal,Safe,Stable
27-05-2024 05:00,May,262.05,92.93,1,26.6,6.68,7.89,3.19,5,5,0,6,29.1,33.9,24.1,5.96,5,28,5,7.994409761,0.388928269,0.030152766,No,No,Normal,Safe,Stable
27-05-2024 06:00,May,262.0584615,92.92912088,1,26.60934066,6.691428571,7.88989011,3.195714286,5.010989011,5.010989011,0,4,29.1,33.9,24.1,5.938351648,5.010989011,27.7032967,4.945054945,7.991757897,0.38956476,0.029582048,Yes,Yes,Normal,Safe,Stable
27-05-2024 07:00,May,262.0669231,92.92824176,1,26.61868132,6.702857143,7.88978022,3.201428571,5.021978022,5.021978022,1,2,29.1,33.9,24.1,5.916703297,5.021978022,27.40659341,4.89010989,7.989106034,0.39020125,0.02901133,No,No,Normal,Safe,Stable
27-05-2024 08:00,May,262.0753846,92.92736264,1,26.62802198,6.714285714,7.88967033,3.207142857,5.032967033,5.032967033,0,1,29.1,33.9,24.1,5.895054945,5.032967033,27.10989011,4.835164835,7.98645417,0.390837741,0.028440612,Yes,No,Normal,Safe,Stable
27-05-2024 09:00,May,262.0838462,92.92648352,1,26.63736264,6.725714286,7.88956044,3.212857143,5.043956044,5.043956044,0,2,29.1,33.9,24.1,5.873406593,5.043956044,26.81318681,4.78021978,7.983802307,0.391474231,0.027869895,No,No,Normal,Safe,Stable
27-05-2024 10:00,May,262.0923077,92.9256044,1,26.6467033,6.737142857,7.889450549,3.218571429,5.054945055,5.054945055,0,5,29.1,33.9,24.1,5.851758242,5.054945055,26.51648352,4.725274725,7.981150443,0.392110722,0.027299177,Yes,No,Normal,Safe,Stable
27-05-2024 11:00,May,262.1007692,92.92472527,1,26.65604396,6.748571429,7.889340659,3.224285714,5.065934066,5.065934066,0,6,29.1,33.9,24.1,5.83010989,5.065934066,26.21978022,4.67032967,7.978498579,0.392747212,0.026728459,No,No,Normal,Safe,Stable
27-05-2024 12:00,May,262.1092308,92.92384615,1,26.66538462,6.76,7.889230769,3.23,5.076923077,5.076923077,0,5,29.1,33.9,24.1,5.808461538,5.076923077,25.92307692,4.615384615,7.975846716,0.393383703,0.026157741,Yes,Yes,Normal,Safe,Stable
27-05-2024 13:00,May,262.1176923,92.92296703,1,26.67472527,6.771428571,7.889120879,3.235714286,5.087912088,5.087912088,0,2,29.1,33.9,24.1,5.786813187,5.087912088,25.62637363,4.56043956,7.973194852,0.394020193,0.025587023,No,No,Normal,Safe,Stable
27-05-2024 14:00,May,262.1261538,92.92208791,1,26.68406593,6.782857143,7.889010989,3.241428571,5.098901099,5.098901099,0,6,29.1,33.9,24.1,5.765164835,5.098901099,25.32967033,4.505494505,7.970542989,0.394656684,0.025016305,Yes,No,Normal,Safe,Stable
27-05-2024 15:00,May,262.1346154,92.92120879,1,26.69340659,6.794285714,7.888901099,3.247142857,5.10989011,5.10989011,0,1,29.1,33.9,24.1,5.743516484,5.10989011,25.03296703,4.450549451,7.967891125,0.395293174,0.024445587,No,No,Normal,Safe,Stable
27-05-2024 16:00,May,262.1430769,92.92032967,1,26.70274725,6.805714286,7.888791209,3.252857143,5.120879121,5.120879121,0,4,29.1,33.9,24.1,5.721868132,5.120879121,24.73626374,4.395604396,7.965239261,0.395929665,0.02387487,Yes,No,Normal,Safe,Stable
27-05-2024 17:00,May,262.1515385,92.91945055,1,26.71208791,6.817142857,7.888681319,3.258571429,5.131868132,5.131868132,0,5,29.1,33.9,24.1,5.70021978,5.131868132,24.43956044,4.340659341,7.962587398,0.396566155,0.023304152,No,No,Normal,Safe,Stable
27-05-2024 18:00,May,262.16,92.91857143,1,26.72142857,6.828571429,7.888571429,3.264285714,5.142857143,5.142857143,1,6,29.1,33.9,24.1,5.678571429,5.142857143,24.14285714,4.285714286,7.959935534,0.397202646,0.022733434,Yes,Yes,Normal,Safe,Stable
27-05-2024 19:00,May,262.1684615,92.91769231,1,26.73076923,6.84,7.888461538,3.27,5.153846154,5.153846154,0,2,29.1,33.9,24.1,5.656923077,5.153846154,23.84615385,4.230769231,7.957283671,0.397839136,0.022162716,No,No,Normal,Safe,Stable
27-05-2024 20:00,May,262.1769231,92.91681319,1,26.74010989,6.851428571,7.888351648,3.275714286,5.164835165,5.164835165,0,4,29.1,33.9,24.1,5.635274725,5.164835165,23.54945055,4.175824176,7.954631807,0.398475627,0.021591998,Yes,No,Normal,Safe,Stable
27-05-2024 21:00,May,262.1853846,92.91593407,1,26.74945055,6.862857143,7.888241758,3.281428571,5.175824176,5.175824176,0,5,29.1,33.9,24.1,5.613626374,5.175824176,23.25274725,4.120879121,7.951979944,0.399112118,0.02102128,No,No,Normal,Safe,Stable
27-05-2024 22:00,May,262.1938462,92.91505495,1,26.75879121,6.874285714,7.888131868,3.287142857,5.186813187,5.186813187,1,2,29.1,33.9,24.1,5.591978022,5.186813187,22.95604396,4.065934066,7.94932808,0.399748608,0.020450562,Yes,No,Normal,Safe,Stable
27-05-2024 23:00,May,262.2023077,92.91417582,1,26.76813187,6.885714286,7.888021978,3.292857143,5.197802198,5.197802198,1,4,29.1,33.9,24.1,5.57032967,5.197802198,22.65934066,4.010989011,7.946676216,0.400385099,0.019879844,No,No,Normal,Safe,Stable
28-05-2024 00:00,May,262.2107692,92.9132967,1,26.77747253,6.897142857,7.887912088,3.298571429,5.208791209,5.208791209,0,2,29.1,33.9,24.1,5.548681319,5.208791209,22.36263736,3.956043956,7.944024353,0.401021589,0.019309127,Yes,Yes,Normal,Safe,Stable
28-05-2024 01:00,May,262.2192308,92.91241758,1,26.78681319,6.908571429,7.887802198,3.304285714,5.21978022,5.21978022,0,5,29.1,33.9,24.1,5.527032967,5.21978022,22.06593407,3.901098901,7.941372489,0.40165808,0.018738409,No,No,Normal,Safe,Stable
28-05-2024 02:00,May,262.2276923,92.91153846,1,26.79615385,6.92,7.887692308,3.31,5.230769231,5.230769231,1,6,29.1,33.9,24.1,5.505384615,5.230769231,21.76923077,3.846153846,7.938720626,0.40229457,0.018167691,Yes,No,Normal,Safe,Stable
28-05-2024 03:00,May,262.2361538,92.91065934,1,26.80549451,6.931428571,7.887582418,3.315714286,5.241758242,5.241758242,0,5,29.1,33.9,24.1,5.483736264,5.241758242,21.47252747,3.791208791,7.936068762,0.402931061,0.017596973,No,No,Normal,Safe,Stable
28-05-2024 04:00,May,262.2446154,92.90978022,1,26.81483516,6.942857143,7.887472527,3.321428571,5.252747253,5.252747253,0,4,29.1,33.9,24.1,5.462087912,5.252747253,21.17582418,3.736263736,7.933416899,0.403567551,0.017026255,Yes,No,Normal,Safe,Stable
28-05-2024 05:00,May,262.2530769,92.9089011,1,26.82417582,6.954285714,7.887362637,3.327142857,5.263736264,5.263736264,1,2,29.1,33.9,24.1,5.44043956,5.263736264,20.87912088,3.681318681,7.930765035,0.404204042,0.016455537,No,No,Normal,Safe,Stable
28-05-2024 06:00,May,262.2615385,92.90802198,1,26.83351648,6.965714286,7.887252747,3.332857143,5.274725275,5.274725275,0,6,29.1,33.9,24.1,5.418791209,5.274725275,20.58241758,3.626373626,7.928113171,0.404840532,0.015884819,Yes,Yes,Normal,Safe,Stable
28-05-2024 07:00,May,262.27,92.90714286,1,26.84285714,6.977142857,7.887142857,3.338571429,5.285714286,5.285714286,0,2,29.1,33.9,24.1,5.397142857,5.285714286,20.28571429,3.571428571,7.925461308,0.405477023,0.015314102,No,No,Normal,Safe,Stable
28-05-2024 08:00,May,262.2784615,92.90626374,1,26.8521978,6.988571429,7.887032967,3.344285714,5.296703297,5.296703297,1,4,29.1,33.9,24.1,5.375494505,5.296703297,19.98901099,3.516483516,7.922809444,0.406113513,0.014743384,Yes,No,Normal,Safe,Stable
28-05-2024 09:00,May,262.2869231,92.90538462,1,26.86153846,7,7.886923077,3.35,5.307692308,5.307692308,0,4,29.1,33.9,24.1,5.353846154,5.307692308,19.69230769,3.461538462,7.920157581,0.406750004,0.014172666,No,No,Normal,Safe,Stable
28-05-2024 10:00,May,262.2953846,92.90450549,1,26.87087912,7.011428571,7.886813187,3.355714286,5.318681319,5.318681319,0,5,29.1,33.9,24.1,5.332197802,5.318681319,19.3956044,3.406593407,7.917505717,0.407386494,0.013601948,Yes,No,Normal,Safe,Stable
28-05-2024 11:00,May,262.3038462,92.90362637,1,26.88021978,7.022857143,7.886703297,3.361428571,5.32967033,5.32967033,0,4,29.1,33.9,24.1,5.310549451,5.32967033,19.0989011,3.351648352,7.914853853,0.408022985,0.01303123,No,No,Normal,Safe,Stable
28-05-2024 12:00,May,262.3123077,92.90274725,1,26.88956044,7.034285714,7.886593407,3.367142857,5.340659341,5.340659341,0,5,29.1,33.9,24.1,5.288901099,5.340659341,18.8021978,3.296703297,7.91220199,0.408659475,0.012460512,Yes,Yes,Normal,Safe,Stable
28-05-2024 13:00,May,262.3207692,92.90186813,1,26.8989011,7.045714286,7.886483516,3.372857143,5.351648352,5.351648352,0,4,29.1,33.9,24.1,5.267252747,5.351648352,18.50549451,3.241758242,7.909550126,0.409295966,0.011889794,No,No,Normal,Safe,Stable
28-05-2024 14:00,May,262.3292308,92.90098901,1,26.90824176,7.057142857,7.886373626,3.378571429,5.362637363,5.362637363,0,5,29.1,33.9,24.1,5.245604396,5.362637363,18.20879121,3.186813187,7.906898263,0.409932457,0.011319077,Yes,No,Normal,Safe,Stable
28-05-2024 15:00,May,262.3376923,92.90010989,1,26.91758242,7.068571429,7.886263736,3.384285714,5.373626374,5.373626374,0,6,29.1,33.9,24.1,5.223956044,5.373626374,17.91208791,3.131868132,7.904246399,0.410568947,0.010748359,No,No,Normal,Safe,Stable
28-05-2024 16:00,May,262.3461538,92.89923077,1,26.92692308,7.08,7.886153846,3.39,5.384615385,5.384615385,0,1,29.1,33.9,24.1,5.202307692,5.384615385,17.61538462,3.076923077,7.901594536,0.411205438,0.010177641,Yes,No,Normal,Safe,Stable
28-05-2024 17:00,May,262.3546154,92.89835165,1,26.93626374,7.091428571,7.886043956,3.395714286,5.395604396,5.395604396,0,4,29.1,33.9,24.1,5.180659341,5.395604396,17.31868132,3.021978022,7.898942672,0.411841928,0.009606923,No,No,Normal,Safe,Stable
28-05-2024 18:00,May,262.3630769,92.89747253,1,26.9456044,7.102857143,7.885934066,3.401428571,5.406593407,5.406593407,0,6,29.1,33.9,24.1,5.159010989,5.406593407,17.02197802,2.967032967,7.896290808,0.412478419,0.009036205,Yes,Yes,Normal,Safe,Stable
28-05-2024 19:00,May,262.3715385,92.89659341,1,26.95494505,7.114285714,7.885824176,3.407142857,5.417582418,5.417582418,0,6,29.1,33.9,24.1,5.137362637,5.417582418,16.72527473,2.912087912,7.893638945,0.413114909,0.008465487,No,No,Normal,Safe,Stable
28-05-2024 20:00,May,262.38,92.89571429,1,26.96428571,7.125714286,7.885714286,3.412857143,5.428571429,5.428571429,0,1,29.1,33.9,24.1,5.115714286,5.428571429,16.42857143,2.857142857,7.890987081,0.4137514,0.007894769,Yes,No,Normal,Safe,Stable
28-05-2024 21:00,May,262.3884615,92.89483516,1,26.97362637,7.137142857,7.885604396,3.418571429,5.43956044,5.43956044,0,4,29.1,33.9,24.1,5.094065934,5.43956044,16.13186813,2.802197802,7.888335218,0.41438789,0.007324052,No,No,Normal,Safe,Stable
28-05-2024 22:00,May,262.3969231,92.89395604,1,26.98296703,7.148571429,7.885494505,3.424285714,5.450549451,5.450549451,0,5,29.1,33.9,24.1,5.072417582,5.450549451,15.83516484,2.747252747,7.885683354,0.415024381,0.006753334,Yes,No,Normal,Safe,Stable
28-05-2024 23:00,May,262.4053846,92.89307692,1,26.99230769,7.16,7.885384615,3.43,5.461538462,5.461538462,0,5,29.1,33.9,24.1,5.050769231,5.461538462,15.53846154,2.692307692,7.883031491,0.415660871,0.006182616,No,No,Normal,Safe,Stable
29-05-2024 00:00,May,262.4138462,92.8921978,1,27.00164835,7.171428571,7.885274725,3.435714286,5.472527473,5.472527473,0,2,29.1,33.9,24.1,5.029120879,5.472527473,15.24175824,2.637362637,7.880379627,0.416297362,0.005611898,Yes,Yes,Normal,Safe,Stable
29-05-2024 01:00,May,262.4223077,92.89131868,1,27.01098901,7.182857143,7.885164835,3.441428571,5.483516484,5.483516484,0,4,29.1,33.9,24.1,5.007472527,5.483516484,14.94505495,2.582417582,7.877727763,0.416933852,0.00504118,No,No,Normal,Safe,Stable
29-05-2024 02:00,May,262.4307692,92.89043956,1,27.02032967,7.194285714,7.885054945,3.447142857,5.494505495,5.494505495,0,6,29.1,33.9,24.1,4.985824176,5.494505495,14.64835165,2.527472527,7.8750759,0.417570343,0.004470462,Yes,No,Normal,Safe,Stable
29-05-2024 03:00,May,262.4392308,92.88956044,1,27.02967033,7.205714286,7.884945055,3.452857143,5.505494505,5.505494505,1,5,29.1,33.9,24.1,4.964175824,5.505494505,14.35164835,2.472527473,7.872424036,0.418206833,0.003899744,No,No,Normal,Safe,Stable
29-05-2024 04:00,May,262.4476923,92.88868132,1,27.03901099,7.217142857,7.884835165,3.458571429,5.516483516,5.516483516,0,5,29.1,33.9,24.1,4.942527473,5.516483516,14.05494505,2.417582418,7.869772173,0.418843324,0.003329027,Yes,No,Normal,Safe,Stable
29-05-2024 05:00,May,262.4561538,92.8878022,1,27.04835165,7.228571429,7.884725275,3.464285714,5.527472527,5.527472527,0,1,29.1,33.9,24.1,4.920879121,5.527472527,13.75824176,2.362637363,7.867120309,0.419479814,0.002758309,No,No,Normal,Safe,Stable
29-05-2024 06:00,May,262.4646154,92.88692308,1,27.05769231,7.24,7.884615385,3.47,5.538461538,5.538461538,0,5,29.1,33.9,24.1,4.899230769,5.538461538,13.46153846,2.307692308,7.864468446,0.420116305,0.002187591,Yes,Yes,Normal,Safe,Stable
29-05-2024 07:00,May,262.4730769,92.88604396,1,27.06703297,7.251428571,7.884505495,3.475714286,5.549450549,5.549450549,0,4,29.1,33.9,24.1,4.877582418,5.549450549,13.16483516,2.252747253,7.861816582,0.420752796,0.001616873,No,No,Normal,Safe,Stable
29-05-2024 08:00,May,262.4815385,92.88516484,1,27.07637363,7.262857143,7.884395604,3.481428571,5.56043956,5.56043956,0,2,29.1,33.9,24.1,4.855934066,5.56043956,12.86813187,2.197802198,7.859164718,0.421389286,0.001046155,Yes,No,Normal,Safe,Stable
29-05-2024 09:00,May,262.49,92.88428571,1,27.08571429,7.274285714,7.884285714,3.487142857,5.571428571,5.571428571,0,2,29.1,33.9,24.1,4.834285714,5.571428571,12.57142857,2.142857143,7.856512855,0.422025777,0.000475437,No,No,Normal,Safe,Stable
29-05-2024 10:00,May,262.4984615,92.88340659,1,27.09505495,7.285714286,7.884175824,3.492857143,5.582417582,5.582417582,0,5,29.1,33.9,24.1,4.812637363,5.582417582,12.27472527,2.087912088,7.853860991,0.422662267,-9.53E-05,Yes,No,Normal,Safe,Stable
29-05-2024 11:00,May,262.5069231,92.88252747,1,27.1043956,7.297142857,7.884065934,3.498571429,5.593406593,5.593406593,0,4,29.1,33.9,24.1,4.790989011,5.593406593,11.97802198,2.032967033,7.851209128,0.423298758,-0.000665998,No,No,Normal,Safe,Stable
29-05-2024 12:00,May,262.5153846,92.88164835,1,27.11373626,7.308571429,7.883956044,3.504285714,5.604395604,5.604395604,0,1,29.1,33.9,24.1,4.769340659,5.604395604,11.68131868,1.978021978,7.848557264,0.423935248,-0.001236716,Yes,Yes,Normal,Safe,Stable
29-05-2024 13:00,May,262.5238462,92.88076923,1,27.12307692,7.32,7.883846154,3.51,5.615384615,5.615384615,1,2,29.1,33.9,24.1,4.747692308,5.615384615,11.38461538,1.923076923,7.8459054,0.424571739,-0.001807434,No,No,Normal,Safe,Stable
29-05-2024 14:00,May,262.5323077,92.87989011,1,27.13241758,7.331428571,7.883736264,3.515714286,5.626373626,5.626373626,0,1,29.1,33.9,24.1,4.726043956,5.626373626,11.08791209,1.868131868,7.843253537,0.425208229,-0.002378152,Yes,No,Normal,Safe,Stable
29-05-2024 15:00,May,262.5407692,92.87901099,1,27.14175824,7.342857143,7.883626374,3.521428571,5.637362637,5.637362637,0,2,29.1,33.9,24.1,4.704395604,5.637362637,10.79120879,1.813186813,7.840601673,0.42584472,-0.00294887,No,No,Normal,Safe,Stable
29-05-2024 16:00,May,262.5492308,92.87813187,1,27.1510989,7.354285714,7.883516484,3.527142857,5.648351648,5.648351648,1,4,29.1,33.9,24.1,4.682747253,5.648351648,10.49450549,1.758241758,7.83794981,0.42648121,-0.003519588,Yes,No,Normal,Safe,Stable
29-05-2024 17:00,May,262.5576923,92.87725275,1,27.16043956,7.365714286,7.883406593,3.532857143,5.659340659,5.659340659,0,5,29.1,33.9,24.1,4.661098901,5.659340659,10.1978022,1.703296703,7.835297946,0.427117701,-0.004090306,No,No,Normal,Safe,Stable
29-05-2024 18:00,May,262.5661538,92.87637363,1,27.16978022,7.377142857,7.883296703,3.538571429,5.67032967,5.67032967,0,5,29.1,33.9,24.1,4.639450549,5.67032967,9.901098901,1.648351648,7.832646083,0.427754191,-0.004661023,Yes,Yes,Normal,Safe,Stable
29-05-2024 19:00,May,262.5746154,92.87549451,1,27.17912088,7.388571429,7.883186813,3.544285714,5.681318681,5.681318681,0,4,29.1,33.9,24.1,4.617802198,5.681318681,9.604395604,1.593406593,7.829994219,0.428390682,-0.005231741,No,No,Normal,Safe,Stable
29-05-2024 20:00,May,262.5830769,92.87461538,1,27.18846154,7.4,7.883076923,3.55,5.692307692,5.692307692,0,2,29.1,33.9,24.1,4.596153846,5.692307692,9.307692308,1.538461538,7.827342355,0.429027172,-0.005802459,Yes,No,Normal,Safe,Stable
29-05-2024 21:00,May,262.5915385,92.87373626,1,27.1978022,7.411428571,7.882967033,3.555714286,5.703296703,5.703296703,0,2,29.1,33.9,24.1,4.574505495,5.703296703,9.010989011,1.483516484,7.824690492,0.429663663,-0.006373177,No,No,Normal,Safe,Stable
29-05-2024 22:00,May,262.6,92.87285714,1,27.20714286,7.422857143,7.882857143,3.561428571,5.714285714,5.714285714,0,2,29.1,33.9,24.1,4.552857143,5.714285714,8.714285714,1.428571429,7.822038628,0.430300153,-0.006943895,Yes,No,Normal,Safe,Stable
29-05-2024 23:00,May,262.6084615,92.87197802,1,27.21648352,7.434285714,7.882747253,3.567142857,5.725274725,5.725274725,0,4,29.1,33.9,24.1,4.531208791,5.725274725,8.417582418,1.373626374,7.819386765,0.430936644,-0.007514613,No,No,Normal,Safe,Stable
30-05-2024 00:00,May,262.6169231,92.8710989,1,27.22582418,7.445714286,7.882637363,3.572857143,5.736263736,5.736263736,0,5,29.1,33.9,24.1,4.50956044,5.736263736,8.120879121,1.318681319,7.816734901,0.431573135,-0.008085331,Yes,Yes,Normal,Safe,Stable
30-05-2024 01:00,May,262.6253846,92.87021978,1,27.23516484,7.457142857,7.882527473,3.578571429,5.747252747,5.747252747,1,4,29.1,33.9,24.1,4.487912088,5.747252747,7.824175824,1.263736264,7.814083038,0.432209625,-0.008656048,No,No,Normal,Safe,Stable
30-05-2024 02:00,May,262.6338462,92.86934066,1,27.24450549,7.468571429,7.882417582,3.584285714,5.758241758,5.758241758,1,2,29.1,33.9,24.1,4.466263736,5.758241758,7.527472527,1.208791209,7.811431174,0.432846116,-0.009226766,Yes,No,Normal,Safe,Stable
30-05-2024 03:00,May,262.6423077,92.86846154,1,27.25384615,7.48,7.882307692,3.59,5.769230769,5.769230769,0,2,29.1,33.9,24.1,4.444615385,5.769230769,7.230769231,1.153846154,7.80877931,0.433482606,-0.009797484,No,No,Normal,Safe,Stable
30-05-2024 04:00,May,262.6507692,92.86758242,1,27.26318681,7.491428571,7.882197802,3.595714286,5.78021978,5.78021978,1,5,29.1,33.9,24.1,4.422967033,5.78021978,6.934065934,1.098901099,7.806127447,0.434119097,-0.010368202,Yes,No,Normal,Safe,Stable
30-05-2024 05:00,May,262.6592308,92.8667033,1,27.27252747,7.502857143,7.882087912,3.601428571,5.791208791,5.791208791,0,2,29.1,33.9,24.1,4.401318681,5.791208791,6.637362637,1.043956044,7.803475583,0.434755587,-0.01093892,No,No,Normal,Safe,Stable
30-05-2024 06:00,May,262.6676923,92.86582418,1,27.28186813,7.514285714,7.881978022,3.607142857,5.802197802,5.802197802,0,4,29.1,33.9,24.1,4.37967033,5.802197802,6.340659341,0.989010989,7.80082372,0.435392078,-0.011509638,Yes,Yes,Normal,Safe,Stable
30-05-2024 07:00,May,262.6761538,92.86494505,1,27.29120879,7.525714286,7.881868132,3.612857143,5.813186813,5.813186813,0,4,29.1,33.9,24.1,4.358021978,5.813186813,6.043956044,0.934065934,7.798171856,0.436028568,-0.012080356,No,No,Normal,Safe,Stable
30-05-2024 08:00,May,262.6846154,92.86406593,1,27.30054945,7.537142857,7.881758242,3.618571429,5.824175824,5.824175824,0,5,29.1,33.9,24.1,4.336373626,5.824175824,5.747252747,0.879120879,7.795519992,0.436665059,-0.012651074,Yes,No,Normal,Safe,Stable
30-05-2024 09:00,May,262.6930769,92.86318681,1,27.30989011,7.548571429,7.881648352,3.624285714,5.835164835,5.835164835,0,2,29.1,33.9,24.1,4.314725275,5.835164835,5.450549451,0.824175824,7.792868129,0.437301549,-0.013221791,No,No,Normal,Safe,Stable
30-05-2024 10:00,May,262.7015385,92.86230769,1,27.31923077,7.56,7.881538462,3.63,5.846153846,5.846153846,0,4,29.1,33.9,24.1,4.293076923,5.846153846,5.153846154,0.769230769,7.790216265,0.43793804,-0.013792509,Yes,No,Normal,Safe,Stable
30-05-2024 11:00,May,262.71,92.86142857,1,27.32857143,7.571428571,7.881428571,3.635714286,5.857142857,5.857142857,1,5,29.1,33.9,24.1,4.271428571,5.857142857,4.857142857,0.714285714,7.787564402,0.43857453,-0.014363227,No,No,Normal,Safe,Stable
30-05-2024 12:00,May,262.7184615,92.86054945,1,27.33791209,7.582857143,7.881318681,3.641428571,5.868131868,5.868131868,1,4,29.1,33.9,24.1,4.24978022,5.868131868,4.56043956,0.659340659,7.784912538,0.439211021,-0.014933945,Yes,Yes,Normal,Safe,Stable
30-05-2024 13:00,May,262.7269231,92.85967033,1,27.34725275,7.594285714,7.881208791,3.647142857,5.879120879,5.879120879,1,5,29.1,33.9,24.1,4.228131868,5.879120879,4.263736264,0.604395604,7.782260675,0.439847511,-0.015504663,No,No,Normal,Safe,Stable
30-05-2024 14:00,May,262.7353846,92.85879121,1,27.35659341,7.605714286,7.881098901,3.652857143,5.89010989,5.89010989,0,5,29.1,33.9,24.1,4.206483516,5.89010989,3.967032967,0.549450549,7.779608811,0.440484002,-0.016075381,Yes,No,Normal,Safe,Stable
30-05-2024 15:00,May,262.7438462,92.85791209,1,27.36593407,7.617142857,7.880989011,3.658571429,5.901098901,5.901098901,0,6,29.1,33.9,24.1,4.184835165,5.901098901,3.67032967,0.494505495,7.776956947,0.441120492,-0.016646099,No,No,Normal,Safe,Stable
30-05-2024 16:00,May,262.7523077,92.85703297,1,27.37527473,7.628571429,7.880879121,3.664285714,5.912087912,5.912087912,1,4,29.1,33.9,24.1,4.163186813,5.912087912,3.373626374,0.43956044,7.774305084,0.441756983,-0.017216816,Yes,No,Normal,Safe,Stable
30-05-2024 17:00,May,262.7607692,92.85615385,1,27.38461538,7.64,7.880769231,3.67,5.923076923,5.923076923,0,1,29.1,33.9,24.1,4.141538462,5.923076923,3.076923077,0.384615385,7.77165322,0.442393473,-0.017787534,No,No,Normal,Safe,Stable
30-05-2024 18:00,May,262.7692308,92.85527473,1,27.39395604,7.651428571,7.880659341,3.675714286,5.934065934,5.934065934,0,5,29.1,33.9,24.1,4.11989011,5.934065934,2.78021978,0.32967033,7.769001357,0.443029964,-0.018358252,Yes,Yes,Normal,Safe,Stable
30-05-2024 19:00,May,262.7776923,92.8543956,1,27.4032967,7.662857143,7.880549451,3.681428571,5.945054945,5.945054945,0,5,29.1,33.9,24.1,4.098241758,5.945054945,2.483516484,0.274725275,7.766349493,0.443666455,-0.01892897,No,No,Normal,Safe,Stable
30-05-2024 20:00,May,262.7861538,92.85351648,1,27.41263736,7.674285714,7.88043956,3.687142857,5.956043956,5.956043956,0,4,29.1,33.9,24.1,4.076593407,5.956043956,2.186813187,0.21978022,7.76369763,0.444302945,-0.019499688,Yes,No,Normal,Safe,Stable
30-05-2024 21:00,May,262.7946154,92.85263736,1,27.42197802,7.685714286,7.88032967,3.692857143,5.967032967,5.967032967,0,4,29.1,33.9,24.1,4.054945055,5.967032967,1.89010989,0.164835165,7.761045766,0.444939436,-0.020070406,No,No,Normal,Safe,Stable
30-05-2024 22:00,May,262.8030769,92.85175824,1,27.43131868,7.697142857,7.88021978,3.698571429,5.978021978,5.978021978,1,5,29.1,33.9,24.1,4.033296703,5.978021978,1.593406593,0.10989011,7.758393902,0.445575926,-0.020641124,Yes,No,Normal,Safe,Stable
30-05-2024 23:00,May,262.8115385,92.85087912,1,27.44065934,7.708571429,7.88010989,3.704285714,5.989010989,5.989010989,0,2,29.1,33.9,24.1,4.011648352,5.989010989,1.296703297,0.054945055,7.755742039,0.446212417,-0.021211841,No,No,Normal,Safe,Stable
31-05-2024 00:00,June,262.82,92.85,1,27.45,7.72,7.88,3.71,6,6,0,4,29.1,33.9,24.1,3.99,6,1,0,7.753090175,0.446848907,-0.021782559,Yes,Yes,Normal,Safe,Stable
31-05-2024 01:00,June,262.82,92.85,1,27.45,7.72,7.88,3.71,6,6,1,5,29.1,33.9,24.1,3.99,6,1,1,7.914567336,0.345801902,0.145913612,No,No,Normal,Safe,Stable
31-05-2024 02:00,June,262.82,92.85,1,27.45,7.72,7.88,3.71,6,6,1,2,29.1,33.9,24.1,3.99,6,1,2,8.424293554,0.324290994,0.429300524,Yes,No,Normal,Safe,Stable
31-05-2024 03:00,June,262.82,92.85,1,27.45,7.72,7.88,3.71,6,6,0,2,29.1,33.9,24.1,3.99,6,1,3,7.991850633,0.568262261,0.019498346,No,No,Normal,Safe,Stable
31-05-2024 04:00,June,262.82,92.85,1,27.45,7.72,7.88,3.71,6,6,0,1,29.1,33.9,24.1,3.99,6,1,4,8.016499891,0.287051851,0.876256448,Yes,No,Normal,Safe,Stable
31-05-2024 05:00,June,262.82,92.85,1,27.45,7.72,7.88,3.71,6,6,0,2,29.1,33.9,24.1,3.99,6,1,5,8.038394206,0.966925171,0.022025305,No,No,Normal,Safe,Stable
31-05-2024 06:00,June,262.82,92.85,1,27.45,7.72,7.88,3.71,6,6,0,2,29.1,33.9,24.1,3.99,6,1.052631579,4.736842105,8.052824462,0.937980061,0.021533019,Yes,Yes,Normal,Safe,Stable
31-05-2024 07:00,June,262.82,92.85,1,27.45,7.72,7.88,3.71,6,6,0,5,29.1,33.9,24.1,3.99,6,1.105263158,4.473684211,8.067254719,0.909034952,0.021040734,No,No,Normal,Safe,Stable
31-05-2024 08:00,June,262.82,92.85,1,27.45,7.72,7.88,3.71,6,6,0,2,29.1,33.9,24.1,3.99,6,1.157894737,4.210526316,8.081684976,0.880089843,0.020548448,Yes,No,Normal,Safe,Stable
31-05-2024 09:00,June,262.82,92.85,1,27.45,7.72,7.88,3.71,6,6,0,2,29.1,33.9,24.1,3.99,6,1.210526316,3.947368421,8.096115232,0.851144734,0.020056162,No,No,Normal,Safe,Stable
31-05-2024 10:00,June,262.82,92.85,1,27.45,7.72,7.88,3.71,6,6,0,5,29.1,33.9,24.1,3.99,6,1.263157895,3.684210526,8.110545489,0.822199625,0.019563877,Yes,No,Normal,Safe,Stable
31-05-2024 11:00,June,262.82,92.85,1,27.45,7.72,7.88,3.71,6,6,0,2,29.1,33.9,24.1,3.99,6,1.315789474,3.421052632,8.124975745,0.793254516,0.019071591,No,No,Normal,Safe,Stable
31-05-2024 12:00,June,262.82,92.85,1,27.45,7.72,7.88,3.71,6,6,0,4,29.1,33.9,24.1,3.99,6,1.368421053,3.157894737,8.139406002,0.764309407,0.018579305,Yes,Yes,Normal,Safe,Stable
31-05-2024 13:00,June,262.82,92.85,1,27.45,7.72,7.88,3.71,6,6,0,4,29.1,33.9,24.1,3.99,6,1.421052632,2.894736842,8.153836258,0.735364298,0.018087019,No,No,Normal,Safe,Stable
31-05-2024 14:00,June,262.82,92.85,1,27.45,7.72,7.88,3.71,6,6,0,5,29.1,33.9,24.1,3.99,6,1.473684211,2.631578947,8.168266515,0.706419189,0.017594734,Yes,No,Normal,Safe,Stable
31-05-2024 15:00,June,262.82,92.85,1,27.45,7.72,7.88,3.71,6,6,0,5,29.1,33.9,24.1,3.99,6,1.526315789,2.368421053,8.182696772,0.67747408,0.017102448,No,No,Normal,Safe,Stable
31-05-2024 16:00,June,262.82,92.85,1,27.45,7.72,7.88,3.71,6,6,1,5,29.1,33.9,24.1,3.99,6,1.578947368,2.105263158,8.197127028,0.648528971,0.016610162,Yes,No,Normal,Safe,Stable
31-05-2024 17:00,June,262.82,92.85,1,27.45,7.72,7.88,3.71,6,6,0,4,29.1,33.9,24.1,3.99,6,1.631578947,1.842105263,8.211557285,0.619583861,0.016117877,No,No,Normal,Safe,Stable
31-05-2024 18:00,June,262.82,92.85,1,27.45,7.72,7.88,3.71,6,6,0,1,29.1,33.9,24.1,3.99,6,1.684210526,1.578947368,8.225987541,0.590638752,0.015625591,Yes,Yes,Normal,Safe,Stable
31-05-2024 19:00,June,262.82,92.85,1,27.45,7.72,7.88,3.71,6,6,0,4,29.1,33.9,24.1,3.99,6,1.736842105,1.315789474,8.240417798,0.561693643,0.015133305,No,No,Normal,Safe,Stable
31-05-2024 20:00,June,262.82,92.85,1,27.45,7.72,7.88,3.71,6,6,0,5,29.1,33.9,24.1,3.99,6,1.789473684,1.052631579,8.254848055,0.532748534,0.01464102,Yes,No,Normal,Safe,Stable
31-05-2024 21:00,June,262.82,92.85,1,27.45,7.72,7.88,3.71,6,6,0,4,29.1,33.9,24.1,3.99,6,1.842105263,0.789473684,8.269278311,0.503803425,0.014148734,No,No,Normal,Safe,Stable
31-05-2024 22:00,June,262.82,92.85,1,27.45,7.72,7.88,3.71,6,6,1,6,29.1,33.9,24.1,3.99,6,1.894736842,0.526315789,8.283708568,0.474858316,0.013656448,Yes,No,Normal,Safe,Stable
31-05-2024 23:00,June,262.82,92.85,1,27.45,7.72,7.88,3.71,6,6,0,5,29.1,33.9,24.1,3.99,6,1.947368421,0.263157895,8.298138824,0.445913207,0.013164163,No,No,Normal,Safe,Stable
01-06-2024 00:00,June,262.82,92.85,1,27.45,7.72,7.88,3.71,6,6,0,5,29.1,33.9,24.1,3.99,6,2,0,8.312569081,0.416968098,0.012671877,Yes,Yes,Normal,Safe,Stable
01-06-2024 01:00,June,262.82,92.85,1,27.45,7.72,7.88,3.71,6,6,0,5,29.1,33.9,24.1,3.99,6,2,1,7.961158732,0.324146431,0.152481284,No,No,Normal,Safe,Stable
01-06-2024 02:00,June,262.82,92.85,1,27.45,7.72,7.88,3.71,6,6,0,1,29.1,33.9,24.1,3.99,6,2,2,8.302178958,0.969327245,0.017348483,Yes,No,Normal,Safe,Stable
01-06-2024 03:00,June,262.82,92.85,1,27.45,7.72,7.88,3.71,6,6,0,4,29.1,33.9,24.1,3.99,6,2,3,8.058567847,0.96274955,-0.002273418,No,No,Normal,Safe,Stable
01-06-2024 04:00,June,262.82,92.85,1,27.45,7.72,7.88,3.71,6,6,1,5,29.1,33.9,24.1,3.99,6,2,4,8.469669543,0.258864685,0.987296928,Yes,No,Normal,Safe,Stable
01-06-2024 05:00,June,262.82,92.85,1,27.45,7.72,7.88,3.71,6,6,0,1,29.1,33.9,24.1,3.99,6,2,5,8.285294075,0.390035429,0.027929655,No,No,Normal,Safe,Stable
01-06-2024 06:00,June,262.82,92.85,1,27.45,7.72,7.88,3.71,6,6,0,5,29.1,33.9,24.1,3.99,6,2.052631579,4.736842105,8.276838461,0.390436304,0.027249001,Yes,Yes,Normal,Safe,Stable
01-06-2024 07:00,June,262.82,92.85,1,27.45,7.72,7.88,3.71,6,6,0,2,29.1,33.9,24.1,3.99,6,2.105263158,4.473684211,8.268382847,0.39083718,0.026568348,No,No,Normal,Safe,Stable
01-06-2024 08:00,June,262.82,92.85,1,27.45,7.72,7.88,3.71,6,6,0,2,29.1,33.9,24.1,3.99,6,2.157894737,4.210526316,8.259927233,0.391238055,0.025887694,Yes,No,Normal,Safe,Stable
01-06-2024 09:00,June,262.82,92.85,1,27.45,7.72,7.88,3.71,6,6,1,4,29.1,33.9,24.1,3.99,6,2.210526316,3.947368421,8.251471619,0.39163893,0.02520704,No,No,Normal,Safe,Stable
01-06-2024 10:00,June,262.82,92.85,1,27.45,7.72,7.88,3.71,6,6,1,4,29.1,33.9,24.1,3.99,6,2.263157895,3.684210526,8.243016006,0.392039805,0.024526387,Yes,No,Normal,Safe,Stable
01-06-2024 11:00,June,262.82,92.85,1,27.45,7.72,7.88,3.71,6,6,0,5,29.1,33.9,24.1,3.99,6,2.315789474,3.421052632,8.234560392,0.39244068,0.023845733,No,No,Normal,Safe,Stable
01-06-2024 12:00,June,262.82,92.85,1,27.45,7.72,7.88,3.71,6,6,0,4,29.1,33.9,24.1,3.99,6,2.368421053,3.157894737,8.226104778,0.392841556,0.023165079,Yes,Yes,Normal,Safe,Stable
01-06-2024 13:00,June,262.82,92.85,1,27.45,7.72,7.88,3.71,6,6,0,1,29.1,33.9,24.1,3.99,6,2.421052632,2.894736842,8.217649164,0.393242431,0.022484426,No,No,Normal,Safe,Stable
01-06-2024 14:00,June,262.82,92.85,1,27.45,7.72,7.88,3.71,6,6,0,4,29.1,33.9,24.1,3.99,6,2.473684211,2.631578947,8.20919355,0.393643306,0.021803772,Yes,No,Normal,Safe,Stable
01-06-2024 15:00,June,262.82,92.85,1,27.45,7.72,7.88,3.71,6,6,0,2,29.1,33.9,24.1,3.99,6,2.526315789,2.368421053,8.200737936,0.394044181,0.021123118,No,No,Normal,Safe,Stable
01-06-2024 16:00,June,262.82,92.85,1,27.45,7.72,7.88,3.71,6,6,0,4,29.1,33.9,24.1,3.99,6,2.578947368,2.105263158,8.192282322,0.394445057,0.020442465,Yes,No,Normal,Safe,Stable
01-06-2024 17:00,June,262.82,92.85,1,27.45,7.72,7.88,3.71,6,6,0,2,29.1,33.9,24.1,3.99,6,2.631578947,1.842105263,8.183826708,0.394845932,0.019761811,No,No,Normal,Safe,Stable
01-06-2024 18:00,June,262.82,92.85,1,27.45,7.72,7.88,3.71,6,6,1,2,29.1,33.9,24.1,3.99,6,2.684210526,1.578947368,8.175371094,0.395246807,0.019081157,Yes,Yes,Normal,Safe,Stable
01-06-2024 19:00,June,262.82,92.85,1,27.45,7.72,7.88,3.71,6,6,0,1,29.1,33.9,24.1,3.99,6,2.736842105,1.315789474,8.16691548,0.395647682,0.018400504,No,No,Normal,Safe,Stable
01-06-2024 20:00,June,262.82,92.85,1,27.45,7.72,7.88,3.71,6,6,0,1,29.1,33.9,24.1,3.99,6,2.789473684,1.052631579,8.158459866,0.396048558,0.01771985,Yes,No,Normal,Safe,Stable
01-06-2024 21:00,June,262.82,92.85,1,27.45,7.72,7.88,3.71,6,6,0,4,29.1,33.9,24.1,3.99,6,2.842105263,0.789473684,8.150004252,0.396449433,0.017039196,No,No,Normal,Safe,Stable
01-06-2024 22:00,June,262.82,92.85,1,27.45,7.72,7.88,3.71,6,6,0,4,29.1,33.9,24.1,3.99,6,2.894736842,0.526315789,8.141548638,0.396850308,0.016358543,Yes,No,Normal,Safe,Stable
01-06-2024 23:00,June,262.82,92.85,1,27.45,7.72,7.88,3.71,6,6,0,4,29.1,33.9,24.1,3.99,6,2.947368421,0.263157895,8.133093024,0.397251183,0.015677889,No,No,Normal,Safe,Stable
02-06-2024 00:00,June,262.82,92.85,1,27.45,7.72,7.88,3.71,6,6,0,5,29.1,33.9,24.1,3.99,6,3,0,8.124637411,0.397652059,0.014997235,Yes,Yes,Normal,Safe,Stable
02-06-2024 01:00,June,262.82,92.85,1,27.45,7.72,7.88,3.71,6,6,0,5,29.1,33.9,24.1,3.99,6,3,1,8.183473027,0.974246939,0.011747147,No,No,Normal,Safe,Stable
02-06-2024 02:00,June,262.82,92.85,1,27.45,7.72,7.88,3.71,6,6,0,6,29.1,33.9,24.1,3.99,6,3,2,8.40595962,0.266678103,0.499283665,Yes,No,Normal,Safe,Stable
02-06-2024 03:00,June,262.82,92.85,1,27.45,7.72,7.88,3.71,6,6,0,5,29.1,33.9,24.1,3.99,6,3,3,8.124381,0.25289707,0.96043538,No,No,Normal,Safe,Stable
02-06-2024 04:00,June,262.82,92.85,1,27.45,7.72,7.88,3.71,6,6,1,1,29.1,33.9,24.1,3.99,6,3,4,8.459023665,0.324738317,0.867327931,Yes,No,Normal,Safe,Stable
02-06-2024 05:00,June,262.82,92.85,1,27.45,7.72,7.88,3.71,6,6,0,1,29.1,33.9,24.1,3.99,6,3,5,8.149800566,0.360109962,0.04765891,No,No,Normal,Safe,Stable
02-06-2024 06:00,June,262.82,92.85,1,27.45,7.72,7.88,3.71,6,6,0,5,29.1,33.9,24.1,3.99,6,3.052631579,4.736842105,8.152533004,0.362541969,0.045097693,Yes,Yes,Normal,Safe,Stable
02-06-2024 07:00,June,262.82,92.85,1,27.45,7.72,7.88,3.71,6,6,0,4,29.1,33.9,24.1,3.99,6,3.105263158,4.473684211,8.155265443,0.364973976,0.042536476,No,No,Normal,Safe,Stable
02-06-2024 08:00,June,262.82,92.85,1,27.45,7.72,7.88,3.71,6,6,0,5,29.1,33.9,24.1,3.99,6,3.157894737,4.210526316,8.157997881,0.367405983,0.039975259,Yes,No,Normal,Safe,Stable
02-06-2024 09:00,June,262.82,92.85,1,27.45,7.72,7.88,3.71,6,6,0,1,29.1,33.9,24.1,3.99,6,3.210526316,3.947368421,8.16073032,0.36983799,0.037414041,No,No,Normal,Safe,Stable
02-06-2024 10:00,June,262.82,92.85,1,27.45,7.72,7.88,3.71,6,6,0,4,29.1,33.9,24.1,3.99,6,3.263157895,3.684210526,8.163462759,0.372269997,0.034852824,Yes,No,Normal,Safe,Stable
02-06-2024 11:00,June,262.82,92.85,1,27.45,7.72,7.88,3.71,6,6,0,5,29.1,33.9,24.1,3.99,6,3.315789474,3.421052632,8.166195197,0.374702004,0.032291607,No,No,Normal,Safe,Stable
02-06-2024 12:00,June,262.82,92.85,1,27.45,7.72,7.88,3.71,6,6,1,6,29.1,33.9,24.1,3.99,6,3.368421053,3.157894737,8.168927636,0.377134011,0.02973039,Yes,Yes,Normal,Safe,Stable
02-06-2024 13:00,June,262.82,92.85,1,27.45,7.72,7.88,3.71,6,6,0,4,29.1,33.9,24.1,3.99,6,3.421052632,2.894736842,8.171660074,0.379566018,0.027169172,No,No,Normal,Safe,Stable
02-06-2024 14:00,June,262.82,92.85,1,27.45,7.72,7.88,3.71,6,6,1,5,29.1,33.9,24.1,3.99,6,3.473684211,2.631578947,8.174392513,0.381998026,0.024607955,Yes,No,Normal,Safe,Stable
02-06-2024 15:00,June,262.82,92.85,1,27.45,7.72,7.88,3.71,6,6,0,4,29.1,33.9,24.1,3.99,6,3.526315789,2.368421053,8.177124952,0.384430033,0.022046738,No,No,Normal,Safe,Stable
02-06-2024 16:00,June,262.82,92.85,1,27.45,7.72,7.88,3.71,6,6,1,4,29.1,33.9,24.1,3.99,6,3.578947368,2.105263158,8.17985739,0.38686204,0.019485521,Yes,No,Normal,Safe,Stable
02-06-2024 17:00,June,262.82,92.85,1,27.45,7.72,7.88,3.71,6,6,0,2,29.1,33.9,24.1,3.99,6,3.631578947,1.842105263,8.182589829,0.389294047,0.016924303,No,No,Normal,Safe,Stable
02-06-2024 18:00,June,262.82,92.85,1,27.45,7.72,7.88,3.71,6,6,0,6,29.1,33.9,24.1,3.99,6,3.684210526,1.578947368,8.185322267,0.391726054,0.014363086,Yes,Yes,Normal,Safe,Stable
02-06-2024 19:00,June,262.82,92.85,1,27.45,7.72,7.88,3.71,6,6,0,1,29.1,33.9,24.1,3.99,6,3.736842105,1.315789474,8.188054706,0.394158061,0.011801869,No,No,Normal,Safe,Stable
02-06-2024 20:00,June,262.82,92.85,1,27.45,7.72,7.88,3.71,6,6,0,6,29.1,33.9,24.1,3.99,6,3.789473684,1.052631579,8.190787145,0.396590068,0.009240652,Yes,No,Normal,Safe,Stable
02-06-2024 21:00,June,262.82,92.85,1,27.45,7.72,7.88,3.71,6,6,0,4,29.1,33.9,24.1,3.99,6,3.842105263,0.789473684,8.193519583,0.399022075,0.006679434,No,No,Normal,Safe,Stable
02-06-2024 22:00,June,262.82,92.85,1,27.45,7.72,7.88,3.71,6,6,0,5,29.1,33.9,24.1,3.99,6,3.894736842,0.526315789,8.196252022,0.401454083,0.004118217,Yes,No,Normal,Safe,Stable
02-06-2024 23:00,June,262.82,92.85,1,27.45,7.72,7.88,3.71,6,6,0,5,29.1,33.9,24.1,3.99,6,3.947368421,0.263157895,8.198984461,0.40388609,0.001557,No,No,Normal,Safe,Stable
03-06-2024 00:00,June,262.82,92.85,1,27.45,7.72,7.88,3.71,6,6,0,4,29.1,33.9,24.1,3.99,6,4,0,8.201716899,0.406318097,-0.001004217,Yes,Yes,Normal,Safe,Stable
03-06-2024 01:00,June,262.82,92.85,1,27.45,7.72,7.88,3.71,6,6,0,4,29.1,33.9,24.1,3.99,6,4,1,8.350614664,0.307208172,0.086824719,No,No,Normal,Safe,Stable
03-06-2024 02:00,June,262.82,92.85,1,27.45,7.72,7.88,3.71,6,6,0,2,29.1,33.9,24.1,3.99,6,4,2,7.993883439,0.963660407,-0.028066567,Yes,No,Normal,Safe,Stable
03-06-2024 03:00,June,262.82,92.85,1,27.45,7.72,7.88,3.71,6,6,1,1,29.1,33.9,24.1,3.99,6,4,3,8.41015484,0.217967476,0.963974361,No,No,Normal,Safe,Stable
03-06-2024 04:00,June,262.82,92.85,1,27.45,7.72,7.88,3.71,6,6,0,1,29.1,33.9,24.1,3.99,6,4,4,7.988021013,0.971901473,-0.000481158,Yes,No,Normal,Safe,Stable
03-06-2024 05:00,June,262.82,92.85,1,27.45,7.72,7.88,3.71,6,6,0,4,29.1,33.9,24.1,3.99,6,4,5,8.081829848,0.382436885,-0.015320081,No,No,Normal,Safe,Stable
03-06-2024 06:00,June,262.82,92.85,1,27.45,7.72,7.88,3.71,6,6,1,2,29.1,33.9,24.1,3.99,6,4.052631579,4.736842105,8.089478557,0.382532542,-0.013042542,Yes,Yes,Normal,Safe,Stable
03-06-2024 07:00,June,262.82,92.85,1,27.45,7.72,7.88,3.71,6,6,0,1,29.1,33.9,24.1,3.99,6,4.105263158,4.473684211,8.097127266,0.382628199,-0.010765003,No,No,Normal,Safe,Stable
03-06-2024 08:00,June,262.82,92.85,1,27.45,7.72,7.88,3.71,6,6,0,4,29.1,33.9,24.1,3.99,6,4.157894737,4.210526316,8.104775974,0.382723856,-0.008487464,Yes,No,Normal,Safe,Stable
03-06-2024 09:00,June,262.82,92.85,1,27.45,7.72,7.88,3.71,6,6,0,2,29.1,33.9,24.1,3.99,6,4.210526316,3.947368421,8.112424683,0.382819513,-0.006209925,No,No,Normal,Safe,Stable
03-06-2024 10:00,June,262.82,92.85,1,27.45,7.72,7.88,3.71,6,6,1,1,29.1,33.9,24.1,3.99,6,4.263157895,3.684210526,8.120073391,0.38291517,-0.003932385,Yes,No,Normal,Safe,Stable
03-06-2024 11:00,June,262.82,92.85,1,27.45,7.72,7.88,3.71,6,6,0,5,29.1,33.9,24.1,3.99,6,4.315789474,3.421052632,8.1277221,0.383010827,-0.001654846,No,No,Normal,Safe,Stable
03-06-2024 12:00,June,262.82,92.85,1,27.45,7.72,7.88,3.71,6,6,0,2,29.1,33.9,24.1,3.99,6,4.368421053,3.157894737,8.135370808,0.383106484,0.000622693,Yes,Yes,Normal,Safe,Stable
03-06-2024 13:00,June,262.82,92.85,1,27.45,7.72,7.88,3.71,6,6,1,4,29.1,33.9,24.1,3.99,6,4.421052632,2.894736842,8.143019517,0.383202141,0.002900232,No,No,Normal,Safe,Stable
03-06-2024 14:00,June,262.82,92.85,1,27.45,7.72,7.88,3.71,6,6,1,4,29.1,33.9,24.1,3.99,6,4.473684211,2.631578947,8.150668225,0.383297798,0.005177771,Yes,No,Normal,Safe,Stable
03-06-2024 15:00,June,262.82,92.85,1,27.45,7.72,7.88,3.71,6,6,1,4,29.1,33.9,24.1,3.99,6,4.526315789,2.368421053,8.158316934,0.383393455,0.00745531,No,No,Normal,Safe,Stable
03-06-2024 16:00,June,262.82,92.85,1,27.45,7.72,7.88,3.71,6,6,0,1,29.1,33.9,24.1,3.99,6,4.578947368,2.105263158,8.165965643,0.383489112,0.009732849,Yes,No,Normal,Safe,Stable
03-06-2024 17:00,June,262.82,92.85,1,27.45,7.72,7.88,3.71,6,6,0,6,29.1,33.9,24.1,3.99,6,4.631578947,1.842105263,8.173614351,0.383584769,0.012010388,No,No,Normal,Safe,Stable
03-06-2024 18:00,June,262.82,92.85,1,27.45,7.72,7.88,3.71,6,6,1,2,29.1,33.9,24.1,3.99,6,4.684210526,1.578947368,8.18126306,0.383680426,0.014287928,Yes,Yes,Normal,Safe,Stable
03-06-2024 19:00,June,262.82,92.85,1,27.45,7.72,7.88,3.71,6,6,0,2,29.1,33.9,24.1,3.99,6,4.736842105,1.315789474,8.188911768,0.383776083,0.016565467,No,No,Normal,Safe,Stable
03-06-2024 20:00,June,262.82,92.85,1,27.45,7.72,7.88,3.71,6,6,0,6,29.1,33.9,24.1,3.99,6,4.789473684,1.052631579,8.196560477,0.38387174,0.018843006,Yes,No,Normal,Safe,Stable
03-06-2024 21:00,June,262.82,92.85,1,27.45,7.72,7.88,3.71,6,6,0,2,29.1,33.9,24.1,3.99,6,4.842105263,0.789473684,8.204209185,0.383967397,0.021120545,No,No,Normal,Safe,Stable
03-06-2024 22:00,June,262.82,92.85,1,27.45,7.72,7.88,3.71,6,6,0,2,29.1,33.9,24.1,3.99,6,4.894736842,0.526315789,8.211857894,0.384063055,0.023398084,Yes,No,Normal,Safe,Stable
03-06-2024 23:00,June,262.82,92.85,1,27.45,7.72,7.88,3.71,6,6,0,2,29.1,33.9,24.1,3.99,6,4.947368421,0.263157895,8.219506602,0.384158712,0.025675623,No,No,Normal,Safe,Stable
04-06-2024 00:00,June,262.82,92.85,1,27.45,7.72,7.88,3.71,6,6,1,2,29.1,33.9,24.1,3.99,6,5,0,8.227155311,0.384254369,0.027953162,Yes,Yes,Normal,Safe,Stable
04-06-2024 01:00,June,262.82,92.85,1,27.45,7.72,7.88,3.71,6,6,0,1,29.1,33.9,24.1,3.99,6,5,1,8.077177447,0.347836839,0.145461662,No,No,Normal,Safe,Stable
04-06-2024 02:00,June,262.82,92.85,1,27.45,7.72,7.88,3.71,6,6,0,4,29.1,33.9,24.1,3.99,6,5,2,7.72777929,0.937670912,0.00669268,Yes,No,Normal,Safe,Stable
04-06-2024 03:00,June,262.82,92.85,1,27.45,7.72,7.88,3.71,6,6,0,4,29.1,33.9,24.1,3.99,6,5,3,8.203890659,0.217539995,0.986820855,No,No,Normal,Safe,Stable
04-06-2024 04:00,June,262.82,92.85,1,27.45,7.72,7.88,3.71,6,6,1,6,29.1,33.9,24.1,3.99,6,5,4,8.105480433,0.972710301,-0.000321624,Yes,No,Normal,Safe,Stable
04-06-2024 05:00,June,262.82,92.85,1,27.45,7.72,7.88,3.71,6,6,1,5,29.1,33.9,24.1,3.99,6,5,5,8.055682298,0.386052526,0.008375225,No,No,Normal,Safe,Stable
04-06-2024 06:00,June,262.82,92.85,1,27.45,7.72,7.88,3.71,6,6,0,2,29.1,33.9,24.1,3.99,6,5.052631579,4.736842105,8.040797828,0.417052705,0.00793886,Yes,Yes,Normal,Safe,Stable
04-06-2024 07:00,June,262.82,92.85,1,27.45,7.72,7.88,3.71,6,6,0,2,29.1,33.9,24.1,3.99,6,5.105263158,4.473684211,8.025913357,0.448052885,0.007502496,No,No,Normal,Safe,Stable
04-06-2024 08:00,June,262.82,92.85,1,27.45,7.72,7.88,3.71,6,6,0,5,29.1,33.9,24.1,3.99,6,5.157894737,4.210526316,8.011028886,0.479053064,0.007066131,Yes,No,Normal,Safe,Stable
04-06-2024 09:00,June,262.82,92.85,1,27.45,7.72,7.88,3.71,6,6,0,4,29.1,33.9,24.1,3.99,6,5.210526316,3.947368421,7.996144415,0.510053244,0.006629767,No,No,Normal,Safe,Stable
04-06-2024 10:00,June,262.82,92.85,1,27.45,7.72,7.88,3.71,6,6,1,1,29.1,33.9,24.1,3.99,6,5.263157895,3.684210526,7.981259944,0.541053423,0.006193402,Yes,No,Normal,Safe,Stable
04-06-2024 11:00,June,262.82,92.85,1,27.45,7.72,7.88,3.71,6,6,0,6,29.1,33.9,24.1,3.99,6,5.315789474,3.421052632,7.966375473,0.572053603,0.005757037,No,No,Normal,Safe,Stable
04-06-2024 12:00,June,262.82,92.85,1,27.45,7.72,7.88,3.71,6,6,1,4,29.1,33.9,24.1,3.99,6,5.368421053,3.157894737,7.951491002,0.603053782,0.005320673,Yes,Yes,Normal,Safe,Stable
04-06-2024 13:00,June,262.82,92.85,1,27.45,7.72,7.88,3.71,6,6,0,6,29.1,33.9,24.1,3.99,6,5.421052632,2.894736842,7.936606531,0.634053962,0.004884308,No,No,Normal,Safe,Stable
04-06-2024 14:00,June,262.82,92.85,1,27.45,7.72,7.88,3.71,6,6,1,2,29.1,33.9,24.1,3.99,6,5.473684211,2.631578947,7.92172206,0.665054141,0.004447943,Yes,No,Normal,Safe,Stable
04-06-2024 15:00,June,262.82,92.85,1,27.45,7.72,7.88,3.71,6,6,0,4,29.1,33.9,24.1,3.99,6,5.526315789,2.368421053,7.906837589,0.696054321,0.004011579,No,No,Normal,Safe,Stable
04-06-2024 16:00,June,262.82,92.85,1,27.45,7.72,7.88,3.71,6,6,0,2,29.1,33.9,24.1,3.99,6,5.578947368,2.105263158,7.891953118,0.7270545,0.003575214,Yes,No,Normal,Safe,Stable
04-06-2024 17:00,June,262.82,92.85,1,27.45,7.72,7.88,3.71,6,6,0,2,29.1,33.9,24.1,3.99,6,5.631578947,1.842105263,7.877068647,0.75805468,0.00313885,No,No,Normal,Safe,Stable
04-06-2024 18:00,June,262.82,92.85,1,27.45,7.72,7.88,3.71,6,6,0,2,29.1,33.9,24.1,3.99,6,5.684210526,1.578947368,7.862184176,0.789054859,0.002702485,Yes,Yes,Normal,Safe,Stable
04-06-2024 19:00,June,262.82,92.85,1,27.45,7.72,7.88,3.71,6,6,0,1,29.1,33.9,24.1,3.99,6,5.736842105,1.315789474,7.847299706,0.820055039,0.00226612,No,No,Normal,Safe,Stable
04-06-2024 20:00,June,262.82,92.85,1,27.45,7.72,7.88,3.71,6,6,1,4,29.1,33.9,24.1,3.99,6,5.789473684,1.052631579,7.832415235,0.851055218,0.001829756,Yes,No,Normal,Safe,Stable
04-06-2024 21:00,June,262.82,92.85,1,27.45,7.72,7.88,3.71,6,6,0,5,29.1,33.9,24.1,3.99,6,5.842105263,0.789473684,7.817530764,0.882055398,0.001393391,No,No,Normal,Safe,Stable
04-06-2024 22:00,June,262.82,92.85,1,27.45,7.72,7.88,3.71,6,6,0,4,29.1,33.9,24.1,3.99,6,5.894736842,0.526315789,7.802646293,0.913055577,0.000957026,Yes,No,Normal,Safe,Stable
04-06-2024 23:00,June,262.82,92.85,1,27.45,7.72,7.88,3.71,6,6,0,5,29.1,33.9,24.1,3.99,6,5.947368421,0.263157895,7.787761822,0.944055757,0.000520662,No,No,Normal,Safe,Stable
05-06-2024 00:00,June,262.82,92.85,1,27.45,7.72,7.88,3.71,6,6,1,1,29.1,33.9,24.1,3.99,6,6,0,7.772877351,0.975055936,8.43E-05,Yes,Yes,Normal,Safe,Stable
05-06-2024 01:00,June,262.82,92.85,1,27.45,7.72,7.88,3.71,6,6,0,2,29.1,33.9,24.1,3.99,6,6,1,7.927839998,0.942422717,0.020860753,No,No,Normal,Safe,Stable
05-06-2024 02:00,June,262.82,92.85,1,27.45,7.72,7.88,3.71,6,6,1,5,29.1,33.9,24.1,3.99,6,6,2,8.072874977,0.978514549,-0.002397754,Yes,No,Normal,Safe,Stable
05-06-2024 03:00,June,262.82,92.85,1,27.45,7.72,7.88,3.71,6,6,0,4,29.1,33.9,24.1,3.99,6,6,3,7.986073614,0.231436462,0.873343128,No,No,Normal,Safe,Stable
05-06-2024 04:00,June,262.82,92.85,1,27.45,7.72,7.88,3.71,6,6,0,6,29.1,33.9,24.1,3.99,6,6,4,8.059902787,0.311719324,0.857647196,Yes,No,Normal,Safe,Stable
05-06-2024 05:00,June,262.82,92.85,1,27.45,7.72,7.88,3.71,6,6,0,5,29.1,33.9,24.1,3.99,6,6,5,8.285966154,0.390839882,-0.01017772,No,No,Normal,Safe,Stable
05-06-2024 06:00,June,262.82,92.85,1,27.45,7.72,7.88,3.71,6,6,0,5,29.1,33.9,24.1,3.99,6,6.052631579,4.736842105,8.286836491,0.420449034,-0.010012096,Yes,Yes,Normal,Safe,Stable
05-06-2024 07:00,June,262.82,92.85,1,27.45,7.72,7.88,3.71,6,6,1,5,29.1,33.9,24.1,3.99,6,6.105263158,4.473684211,8.287706828,0.450058187,-0.009846472,No,No,Normal,Safe,Stable
05-06-2024 08:00,June,262.82,92.85,1,27.45,7.72,7.88,3.71,6,6,0,4,29.1,33.9,24.1,3.99,6,6.157894737,4.210526316,8.288577165,0.479667339,-0.009680848,Yes,No,Normal,Safe,Stable
05-06-2024 09:00,June,262.82,92.85,1,27.45,7.72,7.88,3.71,6,6,1,5,29.1,33.9,24.1,3.99,6,6.210526316,3.947368421,8.289447503,0.509276492,-0.009515224,No,No,Normal,Safe,Stable
05-06-2024 10:00,June,262.82,92.85,1,27.45,7.72,7.88,3.71,6,6,0,2,29.1,33.9,24.1,3.99,6,6.263157895,3.684210526,8.29031784,0.538885644,-0.0093496,Yes,No,Normal,Safe,Stable
05-06-2024 11:00,June,262.82,92.85,1,27.45,7.72,7.88,3.71,6,6,0,5,29.1,33.9,24.1,3.99,6,6.315789474,3.421052632,8.291188177,0.568494797,-0.009183976,No,No,Normal,Safe,Stable
05-06-2024 12:00,June,262.82,92.85,1,27.45,7.72,7.88,3.71,6,6,1,4,29.1,33.9,24.1,3.99,6,6.368421053,3.157894737,8.292058514,0.598103949,-0.009018352,Yes,Yes,Normal,Safe,Stable
05-06-2024 13:00,June,262.82,92.85,1,27.45,7.72,7.88,3.71,6,6,0,2,29.1,33.9,24.1,3.99,6,6.421052632,2.894736842,8.292928851,0.627713102,-0.008852728,No,No,Normal,Safe,Stable
05-06-2024 14:00,June,262.82,92.85,1,27.45,7.72,7.88,3.71,6,6,0,5,29.1,33.9,24.1,3.99,6,6.473684211,2.631578947,8.293799188,0.657322254,-0.008687104,Yes,No,Normal,Safe,Stable
05-06-2024 15:00,June,262.82,92.85,1,27.45,7.72,7.88,3.71,6,6,0,5,29.1,33.9,24.1,3.99,6,6.526315789,2.368421053,8.294669525,0.686931407,-0.00852148,No,No,Normal,Safe,Stable
05-06-2024 16:00,June,262.82,92.85,1,27.45,7.72,7.88,3.71,6,6,0,4,29.1,33.9,24.1,3.99,6,6.578947368,2.105263158,8.295539862,0.716540559,-0.008355856,Yes,No,Normal,Safe,Stable
05-06-2024 17:00,June,262.82,92.85,1,27.45,7.72,7.88,3.71,6,6,1,4,29.1,33.9,24.1,3.99,6,6.631578947,1.842105263,8.296410199,0.746149712,-0.008190232,No,No,Normal,Safe,Stable
05-06-2024 18:00,June,262.82,92.85,1,27.45,7.72,7.88,3.71,6,6,0,4,29.1,33.9,24.1,3.99,6,6.684210526,1.578947368,8.297280536,0.775758864,-0.008024608,Yes,Yes,Normal,Safe,Stable
05-06-2024 19:00,June,262.82,92.85,1,27.45,7.72,7.88,3.71,6,6,0,4,29.1,33.9,24.1,3.99,6,6.736842105,1.315789474,8.298150874,0.805368017,-0.007858984,No,No,Normal,Safe,Stable
05-06-2024 20:00,June,262.82,92.85,1,27.45,7.72,7.88,3.71,6,6,0,4,29.1,33.9,24.1,3.99,6,6.789473684,1.052631579,8.299021211,0.834977169,-0.00769336,Yes,No,Normal,Safe,Stable
05-06-2024 21:00,June,262.82,92.85,1,27.45,7.72,7.88,3.71,6,6,0,4,29.1,33.9,24.1,3.99,6,6.842105263,0.789473684,8.299891548,0.864586322,-0.007527736,No,No,Normal,Safe,Stable
05-06-2024 22:00,June,262.82,92.85,1,27.45,7.72,7.88,3.71,6,6,0,2,29.1,33.9,24.1,3.99,6,6.894736842,0.526315789,8.300761885,0.894195474,-0.007362112,Yes,No,Normal,Safe,Stable
05-06-2024 23:00,June,262.82,92.85,1,27.45,7.72,7.88,3.71,6,6,0,4,29.1,33.9,24.1,3.99,6,6.947368421,0.263157895,8.301632222,0.923804627,-0.007196488,No,No,Normal,Safe,Stable
06-06-2024 00:00,June,262.82,92.85,1,27.45,7.72,7.88,3.71,6,6,0,2,29.1,33.9,24.1,3.99,6,7,0,8.302502559,0.953413779,-0.007030864,Yes,Yes,Normal,Safe,Stable
06-06-2024 01:00,June,262.82,92.85,1,27.45,7.72,7.88,3.71,6,6,0,1,29.1,33.9,24.1,3.99,6,7,1,8.236634102,0.993935837,-0.035472532,No,No,Normal,Safe,Stable
06-06-2024 02:00,June,262.82,92.85,1,27.45,7.72,7.88,3.71,6,6,0,4,29.1,33.9,24.1,3.99,6,7,2,8.03665584,0.367028778,0.456124573,Yes,No,Normal,Safe,Stable
06-06-2024 03:00,June,262.82,92.85,1,27.45,7.72,7.88,3.71,6,6,0,2,29.1,33.9,24.1,3.99,6,7,3,8.236576625,0.427822952,0.051842266,No,No,Normal,Safe,Stable
06-06-2024 04:00,June,262.82,92.85,1,27.45,7.72,7.88,3.71,6,6,0,4,29.1,33.9,24.1,3.99,6,7,4,8.339133179,0.291595247,0.958529013,Yes,No,Normal,Safe,Stable
06-06-2024 05:00,June,262.82,92.85,1,27.45,7.72,7.88,3.71,6,6,0,5,29.1,33.9,24.1,3.99,6,7,5,8.082473452,0.416818819,0.024366491,No,No,Normal,Safe,Stable
06-06-2024 06:00,June,262.82,92.85,1,27.45,7.72,7.88,3.71,6,6,0,4,29.1,33.9,24.1,3.99,6,7.052631579,4.736842105,8.099578162,0.416022527,0.02396005,Yes,Yes,Normal,Safe,Stable
06-06-2024 07:00,June,262.82,92.85,1,27.45,7.72,7.88,3.71,6,6,0,4,29.1,33.9,24.1,3.99,6,7.105263158,4.473684211,8.116682873,0.415226234,0.023553608,No,No,Normal,Safe,Stable
06-06-2024 08:00,June,262.82,92.85,1,27.45,7.72,7.88,3.71,6,6,0,6,29.1,33.9,24.1,3.99,6,7.157894737,4.210526316,8.133787584,0.414429941,0.023147166,Yes,No,Normal,Safe,Stable
06-06-2024 09:00,June,262.82,92.85,1,27.45,7.72,7.88,3.71,6,6,0,5,29.1,33.9,24.1,3.99,6,7.210526316,3.947368421,8.150892295,0.413633649,0.022740724,No,No,Normal,Safe,Stable
06-06-2024 10:00,June,262.82,92.85,1,27.45,7.72,7.88,3.71,6,6,1,4,29.1,33.9,24.1,3.99,6,7.263157895,3.684210526,8.167997006,0.412837356,0.022334283,Yes,No,Normal,Safe,Stable
06-06-2024 11:00,June,262.82,92.85,1,27.45,7.72,7.88,3.71,6,6,0,1,29.1,33.9,24.1,3.99,6,7.315789474,3.421052632,8.185101717,0.412041064,0.021927841,No,No,Normal,Safe,Stable
06-06-2024 12:00,June,262.82,92.85,1,27.45,7.72,7.88,3.71,6,6,0,5,29.1,33.9,24.1,3.99,6,7.368421053,3.157894737,8.202206427,0.411244771,0.021521399,Yes,Yes,Normal,Safe,Stable
06-06-2024 13:00,June,262.82,92.85,1,27.45,7.72,7.88,3.71,6,6,0,2,29.1,33.9,24.1,3.99,6,7.421052632,2.894736842,8.219311138,0.410448478,0.021114957,No,No,Normal,Safe,Stable
06-06-2024 14:00,June,262.82,92.85,1,27.45,7.72,7.88,3.71,6,6,0,2,29.1,33.9,24.1,3.99,6,7.473684211,2.631578947,8.236415849,0.409652186,0.020708516,Yes,No,Normal,Safe,Stable
06-06-2024 15:00,June,262.82,92.85,1,27.45,7.72,7.88,3.71,6,6,0,5,29.1,33.9,24.1,3.99,6,7.526315789,2.368421053,8.25352056,0.408855893,0.020302074,No,No,Normal,Safe,Stable
06-06-2024 16:00,June,262.82,92.85,1,27.45,7.72,7.88,3.71,6,6,0,2,29.1,33.9,24.1,3.99,6,7.578947368,2.105263158,8.270625271,0.408059601,0.019895632,Yes,No,Normal,Safe,Stable
06-06-2024 17:00,June,262.82,92.85,1,27.45,7.72,7.88,3.71,6,6,1,2,29.1,33.9,24.1,3.99,6,7.631578947,1.842105263,8.287729982,0.407263308,0.019489191,No,No,Normal,Safe,Stable
06-06-2024 18:00,June,262.82,92.85,1,27.45,7.72,7.88,3.71,6,6,1,4,29.1,33.9,24.1,3.99,6,7.684210526,1.578947368,8.304834692,0.406467016,0.019082749,Yes,Yes,Normal,Safe,Stable
06-06-2024 19:00,June,262.82,92.85,1,27.45,7.72,7.88,3.71,6,6,0,5,29.1,33.9,24.1,3.99,6,7.736842105,1.315789474,8.321939403,0.405670723,0.018676307,No,No,Normal,Safe,Stable
06-06-2024 20:00,June,262.82,92.85,1,27.45,7.72,7.88,3.71,6,6,0,4,29.1,33.9,24.1,3.99,6,7.789473684,1.052631579,8.339044114,0.40487443,0.018269865,Yes,No,Normal,Safe,Stable
06-06-2024 21:00,June,262.82,92.85,1,27.45,7.72,7.88,3.71,6,6,0,5,29.1,33.9,24.1,3.99,6,7.842105263,0.789473684,8.356148825,0.404078138,0.017863424,No,No,Normal,Safe,Stable
06-06-2024 22:00,June,262.82,92.85,1,27.45,7.72,7.88,3.71,6,6,0,2,29.1,33.9,24.1,3.99,6,7.894736842,0.526315789,8.373253536,0.403281845,0.017456982,Yes,No,Normal,Safe,Stable
06-06-2024 23:00,June,262.82,92.85,1,27.45,7.72,7.88,3.71,6,6,0,5,29.1,33.9,24.1,3.99,6,7.947368421,0.263157895,8.390358247,0.402485553,0.01705054,No,No,Normal,Safe,Stable
07-06-2024 00:00,June,262.82,92.85,1,27.45,7.72,7.88,3.71,6,6,0,2,29.1,33.9,24.1,3.99,6,8,0,8.407462957,0.40168926,0.016644098,Yes,Yes,Normal,Safe,Stable
07-06-2024 01:00,June,262.82,92.85,1,27.45,7.72,7.88,3.71,6,6,0,4,29.1,33.9,24.1,3.99,6,8,1,8.343848266,0.349598396,0.137575299,No,No,Normal,Safe,Stable
07-06-2024 02:00,June,262.82,92.85,1,27.45,7.72,7.88,3.71,6,6,0,2,29.1,33.9,24.1,3.99,6,8,2,7.832267638,0.958221576,0.014816988,Yes,No,Normal,Safe,Stable
07-06-2024 03:00,June,262.82,92.85,1,27.45,7.72,7.88,3.71,6,6,0,5,29.1,33.9,24.1,3.99,6,8,3,8.225083964,0.15245971,0.873892241,No,No,Normal,Safe,Stable
07-06-2024 04:00,June,262.82,92.85,1,27.45,7.72,7.88,3.71,6,6,0,4,29.1,33.9,24.1,3.99,6,8,4,8.217125941,0.968929955,-0.004398405,Yes,No,Normal,Safe,Stable
07-06-2024 05:00,June,262.82,92.85,1,27.45,7.72,7.88,3.71,6,6,0,2,29.1,33.9,24.1,3.99,6,8,5,7.668681514,0.952253924,0.044310218,No,No,Normal,Safe,Stable
07-06-2024 06:00,June,262.82,92.85,1,27.45,7.72,7.88,3.71,6,6,0,5,29.1,33.9,24.1,3.99,6,8.052631579,4.736842105,7.674375398,0.921597787,0.042586681,Yes,Yes,Normal,Safe,Stable
07-06-2024 07:00,June,262.82,92.85,1,27.45,7.72,7.88,3.71,6,6,0,4,29.1,33.9,24.1,3.99,6,8.105263158,4.473684211,7.680069283,0.89094165,0.040863143,No,No,Normal,Safe,Stable
07-06-2024 08:00,June,262.82,92.85,1,27.45,7.72,7.88,3.71,6,6,1,5,29.1,33.9,24.1,3.99,6,8.157894737,4.210526316,7.685763168,0.860285513,0.039139606,Yes,No,Normal,Safe,Stable
07-06-2024 09:00,June,262.82,92.85,1,27.45,7.72,7.88,3.71,6,6,0,4,29.1,33.9,24.1,3.99,6,8.210526316,3.947368421,7.691457052,0.829629376,0.037416069,No,No,Normal,Safe,Stable
07-06-2024 10:00,June,262.82,92.85,1,27.45,7.72,7.88,3.71,6,6,0,4,29.1,33.9,24.1,3.99,6,8.263157895,3.684210526,7.697150937,0.798973239,0.035692532,Yes,No,Normal,Safe,Stable
07-06-2024 11:00,June,262.82,92.85,1,27.45,7.72,7.88,3.71,6,6,0,6,29.1,33.9,24.1,3.99,6,8.315789474,3.421052632,7.702844821,0.768317102,0.033968995,No,No,Normal,Safe,Stable
07-06-2024 12:00,June,262.82,92.85,1,27.45,7.72,7.88,3.71,6,6,0,5,29.1,33.9,24.1,3.99,6,8.368421053,3.157894737,7.708538706,0.737660965,0.032245458,Yes,Yes,Normal,Safe,Stable
07-06-2024 13:00,June,262.82,92.85,1,27.45,7.72,7.88,3.71,6,6,0,2,29.1,33.9,24.1,3.99,6,8.421052632,2.894736842,7.71423259,0.707004828,0.030521921,No,No,Normal,Safe,Stable
07-06-2024 14:00,June,262.82,92.85,1,27.45,7.72,7.88,3.71,6,6,1,2,29.1,33.9,24.1,3.99,6,8.473684211,2.631578947,7.719926475,0.676348691,0.028798384,Yes,No,Normal,Safe,Stable
07-06-2024 15:00,June,262.82,92.85,1,27.45,7.72,7.88,3.71,6,6,0,5,29.1,33.9,24.1,3.99,6,8.526315789,2.368421053,7.72562036,0.645692554,0.027074847,No,No,Normal,Safe,Stable
07-06-2024 16:00,June,262.82,92.85,1,27.45,7.72,7.88,3.71,6,6,1,4,29.1,33.9,24.1,3.99,6,8.578947368,2.105263158,7.731314244,0.615036418,0.02535131,Yes,No,Normal,Safe,Stable
07-06-2024 17:00,June,262.82,92.85,1,27.45,7.72,7.88,3.71,6,6,0,5,29.1,33.9,24.1,3.99,6,8.631578947,1.842105263,7.737008129,0.584380281,0.023627773,No,No,Normal,Safe,Stable
07-06-2024 18:00,June,262.82,92.85,1,27.45,7.72,7.88,3.71,6,6,0,5,29.1,33.9,24.1,3.99,6,8.684210526,1.578947368,7.742702013,0.553724144,0.021904235,Yes,Yes,Normal,Safe,Stable
07-06-2024 19:00,June,262.82,92.85,1,27.45,7.72,7.88,3.71,6,6,0,2,29.1,33.9,24.1,3.99,6,8.736842105,1.315789474,7.748395898,0.523068007,0.020180698,No,No,Normal,Safe,Stable
07-06-2024 20:00,June,262.82,92.85,1,27.45,7.72,7.88,3.71,6,6,0,6,29.1,33.9,24.1,3.99,6,8.789473684,1.052631579,7.754089783,0.49241187,0.018457161,Yes,No,Normal,Safe,Stable
07-06-2024 21:00,June,262.82,92.85,1,27.45,7.72,7.88,3.71,6,6,0,4,29.1,33.9,24.1,3.99,6,8.842105263,0.789473684,7.759783667,0.461755733,0.016733624,No,No,Normal,Safe,Stable
07-06-2024 22:00,June,262.82,92.85,1,27.45,7.72,7.88,3.71,6,6,1,2,29.1,33.9,24.1,3.99,6,8.894736842,0.526315789,7.765477552,0.431099596,0.015010087,Yes,No,Normal,Safe,Stable
07-06-2024 23:00,June,262.82,92.85,1,27.45,7.72,7.88,3.71,6,6,0,4,29.1,33.9,24.1,3.99,6,8.947368421,0.263157895,7.771171436,0.400443459,0.01328655,No,No,Normal,Safe,Stable
08-06-2024 00:00,June,262.82,92.85,1,27.45,7.72,7.88,3.71,6,6,0,4,29.1,33.9,24.1,3.99,6,9,0,7.776865321,0.369787322,0.011563013,Yes,Yes,Normal,Safe,Stable
08-06-2024 01:00,June,262.82,92.85,1,27.45,7.72,7.88,3.71,6,6,0,4,29.1,33.9,24.1,3.99,6,9,1,8.24539708,1.001847388,0.005052792,No,No,Normal,Safe,Stable
08-06-2024 02:00,June,262.82,92.85,1,27.45,7.72,7.88,3.71,6,6,0,4,29.1,33.9,24.1,3.99,6,9,2,8.198097476,0.997494636,0.028499723,Yes,No,Normal,Safe,Stable
08-06-2024 03:00,June,262.82,92.85,1,27.45,7.72,7.88,3.71,6,6,0,5,29.1,33.9,24.1,3.99,6,9,3,8.195951117,0.278309755,0.868778533,No,No,Normal,Safe,Stable
08-06-2024 04:00,June,262.82,92.85,1,27.45,7.72,7.88,3.71,6,6,1,5,29.1,33.9,24.1,3.99,6,9,4,8.318991166,0.284428642,0.977795709,Yes,No,Normal,Safe,Stable
08-06-2024 05:00,June,262.82,92.85,1,27.45,7.72,7.88,3.71,6,6,0,5,29.1,33.9,24.1,3.99,6,9,5,7.903889988,0.962666586,0.000836196,No,No,Normal,Safe,Stable
08-06-2024 06:00,June,262.82,92.85,1,27.45,7.72,7.88,3.71,6,6,0,4,29.1,33.9,24.1,3.99,6,9.052631579,4.736842105,7.924859062,0.932685837,0.00295067,Yes,Yes,Normal,Safe,Stable
08-06-2024 07:00,June,262.82,92.85,1,27.45,7.72,7.88,3.71,6,6,0,1,29.1,33.9,24.1,3.99,6,9.105263158,4.473684211,7.945828136,0.902705088,0.005065144,No,No,Normal,Safe,Stable
08-06-2024 08:00,June,262.82,92.85,1,27.45,7.72,7.88,3.71,6,6,0,5,29.1,33.9,24.1,3.99,6,9.157894737,4.210526316,7.966797209,0.872724339,0.007179618,Yes,No,Normal,Safe,Stable
08-06-2024 09:00,June,262.82,92.85,1,27.45,7.72,7.88,3.71,6,6,0,2,29.1,33.9,24.1,3.99,6,9.210526316,3.947368421,7.987766283,0.84274359,0.009294093,No,No,Normal,Safe,Stable
08-06-2024 10:00,June,262.82,92.85,1,27.45,7.72,7.88,3.71,6,6,0,2,29.1,33.9,24.1,3.99,6,9.263157895,3.684210526,8.008735356,0.812762841,0.011408567,Yes,No,Normal,Safe,Stable
08-06-2024 11:00,June,262.82,92.85,1,27.45,7.72,7.88,3.71,6,6,0,2,29.1,33.9,24.1,3.99,6,9.315789474,3.421052632,8.02970443,0.782782092,0.013523041,No,No,Normal,Safe,Stable
08-06-2024 12:00,June,262.82,92.85,1,27.45,7.72,7.88,3.71,6,6,1,6,29.1,33.9,24.1,3.99,6,9.368421053,3.157894737,8.050673503,0.752801343,0.015637516,Yes,Yes,Normal,Safe,Stable
08-06-2024 13:00,June,262.82,92.85,1,27.45,7.72,7.88,3.71,6,6,0,5,29.1,33.9,24.1,3.99,6,9.421052632,2.894736842,8.071642577,0.722820593,0.01775199,No,No,Normal,Safe,Stable
08-06-2024 14:00,June,262.82,92.85,1,27.45,7.72,7.88,3.71,6,6,0,2,29.1,33.9,24.1,3.99,6,9.473684211,2.631578947,8.092611651,0.692839844,0.019866464,Yes,No,Normal,Safe,Stable
08-06-2024 15:00,June,262.82,92.85,1,27.45,7.72,7.88,3.71,6,6,1,5,29.1,33.9,24.1,3.99,6,9.526315789,2.368421053,8.113580724,0.662859095,0.021980939,No,No,Normal,Safe,Stable
08-06-2024 16:00,June,262.82,92.85,1,27.45,7.72,7.88,3.71,6,6,0,6,29.1,33.9,24.1,3.99,6,9.578947368,2.105263158,8.134549798,0.632878346,0.024095413,Yes,No,Normal,Safe,Stable
08-06-2024 17:00,June,262.82,92.85,1,27.45,7.72,7.88,3.71,6,6,0,1,29.1,33.9,24.1,3.99,6,9.631578947,1.842105263,8.155518871,0.602897597,0.026209887,No,No,Normal,Safe,Stable
08-06-2024 18:00,June,262.82,92.85,1,27.45,7.72,7.88,3.71,6,6,0,5,29.1,33.9,24.1,3.99,6,9.684210526,1.578947368,8.176487945,0.572916848,0.028324362,Yes,Yes,Normal,Safe,Stable
08-06-2024 19:00,June,262.82,92.85,1,27.45,7.72,7.88,3.71,6,6,0,6,29.1,33.9,24.1,3.99,6,9.736842105,1.315789474,8.197457018,0.542936099,0.030438836,No,No,Normal,Safe,Stable
08-06-2024 20:00,June,262.82,92.85,1,27.45,7.72,7.88,3.71,6,6,0,5,29.1,33.9,24.1,3.99,6,9.789473684,1.052631579,8.218426092,0.51295535,0.03255331,Yes,No,Normal,Safe,Stable
08-06-2024 21:00,June,262.82,92.85,1,27.45,7.72,7.88,3.71,6,6,0,4,29.1,33.9,24.1,3.99,6,9.842105263,0.789473684,8.239395166,0.4829746,0.034667785,No,No,Normal,Safe,Stable
08-06-2024 22:00,June,262.82,92.85,1,27.45,7.72,7.88,3.71,6,6,0,4,29.1,33.9,24.1,3.99,6,9.894736842,0.526315789,8.260364239,0.452993851,0.036782259,Yes,No,Normal,Safe,Stable
08-06-2024 23:00,June,262.82,92.85,1,27.45,7.72,7.88,3.71,6,6,0,5,29.1,33.9,24.1,3.99,6,9.947368421,0.263157895,8.281333313,0.423013102,0.038896733,No,No,Normal,Safe,Stable
09-06-2024 00:00,June,262.82,92.85,1,27.45,7.72,7.88,3.71,6,6,0,4,29.1,33.9,24.1,3.99,6,10,0,8.302302386,0.393032353,0.041011208,Yes,Yes,Normal,Safe,Stable
09-06-2024 01:00,June,262.82,92.85,1,27.45,7.72,7.88,3.71,6,6,0,4,29.1,33.9,24.1,3.99,6,10,1,7.991543852,0.335951115,0.107244775,No,No,Normal,Safe,Stable
09-06-2024 02:00,June,262.82,92.85,1,27.45,7.72,7.88,3.71,6,6,1,1,29.1,33.9,24.1,3.99,6,10,2,8.132208851,0.31295081,0.48872662,Yes,No,Normal,Safe,Stable
09-06-2024 03:00,June,262.82,92.85,1,27.45,7.72,7.88,3.71,6,6,1,5,29.1,33.9,24.1,3.99,6,10,3,8.366309636,0.213905217,0.985872839,No,No,Normal,Safe,Stable
09-06-2024 04:00,June,262.82,92.85,1,27.45,7.72,7.88,3.71,6,6,0,2,29.1,33.9,24.1,3.99,6,10,4,8.039070401,0.924541098,0.002173731,Yes,No,Normal,Safe,Stable
09-06-2024 05:00,June,262.82,92.85,1,27.45,7.72,7.88,3.71,6,6,0,2,29.1,33.9,24.1,3.99,6,10,5,8.420317239,0.439812711,0.027159693,No,No,Normal,Safe,Stable
09-06-2024 06:00,June,262.82,92.85,1,27.45,7.72,7.88,3.71,6,6,0,4,29.1,33.9,24.1,3.99,6,10.05263158,4.736842105,8.434244866,0.438718833,0.026465782,Yes,Yes,Normal,Safe,Stable
09-06-2024 07:00,June,262.82,92.85,1,27.45,7.72,7.88,3.71,6,6,0,4,29.1,33.9,24.1,3.99,6,10.10526316,4.473684211,8.448172494,0.437624954,0.02577187,No,No,Normal,Safe,Stable
09-06-2024 08:00,June,262.82,92.85,1,27.45,7.72,7.88,3.71,6,6,1,2,29.1,33.9,24.1,3.99,6,10.15789474,4.210526316,8.462100121,0.436531076,0.025077958,Yes,No,Normal,Safe,Stable
09-06-2024 09:00,June,262.82,92.85,1,27.45,7.72,7.88,3.71,6,6,0,4,29.1,33.9,24.1,3.99,6,10.21052632,3.947368421,8.476027748,0.435437197,0.024384046,No,No,Normal,Safe,Stable
09-06-2024 10:00,June,262.82,92.85,1,27.45,7.72,7.88,3.71,6,6,0,5,29.1,33.9,24.1,3.99,6,10.26315789,3.684210526,8.489955375,0.434343319,0.023690134,Yes,No,Normal,Safe,Stable
09-06-2024 11:00,June,262.82,92.85,1,27.45,7.72,7.88,3.71,6,6,1,5,29.1,33.9,24.1,3.99,6,10.31578947,3.421052632,8.503883003,0.433249441,0.022996223,No,No,Normal,Safe,Stable
09-06-2024 12:00,June,262.82,92.85,1,27.45,7.72,7.88,3.71,6,6,0,4,29.1,33.9,24.1,3.99,6,10.36842105,3.157894737,8.51781063,0.432155562,0.022302311,Yes,Yes,Normal,Safe,Stable
09-06-2024 13:00,June,262.82,92.85,1,27.45,7.72,7.88,3.71,6,6,0,4,29.1,33.9,24.1,3.99,6,10.42105263,2.894736842,8.531738257,0.431061684,0.021608399,No,No,Normal,Safe,Stable
09-06-2024 14:00,June,262.82,92.85,1,27.45,7.72,7.88,3.71,6,6,0,1,29.1,33.9,24.1,3.99,6,10.47368421,2.631578947,8.545665884,0.429967806,0.020914487,Yes,No,Normal,Safe,Stable
09-06-2024 15:00,June,262.82,92.85,1,27.45,7.72,7.88,3.71,6,6,0,2,29.1,33.9,24.1,3.99,6,10.52631579,2.368421053,8.559593512,0.428873927,0.020220575,No,No,Normal,Safe,Stable
09-06-2024 16:00,June,262.82,92.85,1,27.45,7.72,7.88,3.71,6,6,0,5,29.1,33.9,24.1,3.99,6,10.57894737,2.105263158,8.573521139,0.427780049,0.019526663,Yes,No,Normal,Safe,Stable
09-06-2024 17:00,June,262.82,92.85,1,27.45,7.72,7.88,3.71,6,6,0,1,29.1,33.9,24.1,3.99,6,10.63157895,1.842105263,8.587448766,0.42668617,0.018832752,No,No,Normal,Safe,Stable
09-06-2024 18:00,June,262.82,92.85,1,27.45,7.72,7.88,3.71,6,6,0,5,29.1,33.9,24.1,3.99,6,10.68421053,1.578947368,8.601376393,0.425592292,0.01813884,Yes,Yes,Normal,Safe,Stable
09-06-2024 19:00,June,262.82,92.85,1,27.45,7.72,7.88,3.71,6,6,0,5,29.1,33.9,24.1,3.99,6,10.73684211,1.315789474,8.615304021,0.424498414,0.017444928,No,No,Normal,Safe,Stable
09-06-2024 20:00,June,262.82,92.85,1,27.45,7.72,7.88,3.71,6,6,1,4,29.1,33.9,24.1,3.99,6,10.78947368,1.052631579,8.629231648,0.423404535,0.016751016,Yes,No,Normal,Safe,Stable
09-06-2024 21:00,June,262.82,92.85,1,27.45,7.72,7.88,3.71,6,6,1,5,29.1,33.9,24.1,3.99,6,10.84210526,0.789473684,8.643159275,0.422310657,0.016057104,No,No,Normal,Safe,Stable
09-06-2024 22:00,June,262.82,92.85,1,27.45,7.72,7.88,3.71,6,6,0,2,29.1,33.9,24.1,3.99,6,10.89473684,0.526315789,8.657086903,0.421216779,0.015363193,Yes,No,Normal,Safe,Stable
09-06-2024 23:00,June,262.82,92.85,1,27.45,7.72,7.88,3.71,6,6,1,4,29.1,33.9,24.1,3.99,6,10.94736842,0.263157895,8.67101453,0.4201229,0.014669281,No,No,Normal,Safe,Stable
10-06-2024 00:00,June,262.82,92.85,1,27.45,7.72,7.88,3.71,6,6,0,4,29.1,33.9,24.1,3.99,6,11,0,8.684942157,0.419029022,0.013975369,Yes,Yes,Normal,Safe,Stable
10-06-2024 01:00,June,262.82,92.85,1,27.45,7.72,7.88,3.71,6,6,0,4,29.1,33.9,24.1,3.99,6,11,1,8.050336406,0.331268925,0.122577037,No,No,Normal,Safe,Stable
10-06-2024 02:00,June,262.82,92.85,1,27.45,7.72,7.88,3.71,6,6,0,5,29.1,33.9,24.1,3.99,6,11,2,7.858834783,0.961206104,0.00049827,Yes,No,Normal,Safe,Stable
10-06-2024 03:00,June,262.82,92.85,1,27.45,7.72,7.88,3.71,6,6,0,2,29.1,33.9,24.1,3.99,6,11,3,7.999000041,0.548658043,0.046781235,No,No,Normal,Safe,Stable
10-06-2024 04:00,June,262.82,92.85,1,27.45,7.72,7.88,3.71,6,6,0,2,29.1,33.9,24.1,3.99,6,11,4,7.743568869,0.980063015,0.021416473,Yes,No,Normal,Safe,Stable
10-06-2024 05:00,June,262.82,92.85,1,27.45,7.72,7.88,3.71,6,6,0,5,29.1,33.9,24.1,3.99,6,11,5,8.089373566,0.375205636,0.005199987,No,No,Normal,Safe,Stable
10-06-2024 06:00,June,262.82,92.85,1,27.45,7.72,7.88,3.71,6,6,0,5,29.1,33.9,24.1,3.99,6,11.05263158,4.736842105,8.123778366,0.376563335,0.005882295,Yes,Yes,Normal,Safe,Stable
10-06-2024 07:00,June,262.82,92.85,1,27.45,7.72,7.88,3.71,6,6,0,1,29.1,33.9,24.1,3.99,6,11.10526316,4.473684211,8.158183166,0.377921034,0.006564603,No,No,Normal,Safe,Stable
10-06-2024 08:00,June,262.82,92.85,1,27.45,7.72,7.88,3.71,6,6,1,2,29.1,33.9,24.1,3.99,6,11.15789474,4.210526316,8.192587966,0.379278734,0.007246912,Yes,No,Normal,Safe,Stable
10-06-2024 09:00,June,262.82,92.85,1,27.45,7.72,7.88,3.71,6,6,0,5,29.1,33.9,24.1,3.99,6,11.21052632,3.947368421,8.226992766,0.380636433,0.00792922,No,No,Normal,Safe,Stable
10-06-2024 10:00,June,262.82,92.85,1,27.45,7.72,7.88,3.71,6,6,0,5,29.1,33.9,24.1,3.99,6,11.26315789,3.684210526,8.261397566,0.381994132,0.008611529,Yes,No,Normal,Safe,Stable
10-06-2024 11:00,June,262.82,92.85,1,27.45,7.72,7.88,3.71,6,6,0,2,29.1,33.9,24.1,3.99,6,11.31578947,3.421052632,8.295802365,0.383351831,0.009293837,No,No,Normal,Safe,Stable
10-06-2024 12:00,June,262.82,92.85,1,27.45,7.72,7.88,3.71,6,6,0,5,29.1,33.9,24.1,3.99,6,11.36842105,3.157894737,8.330207165,0.38470953,0.009976146,Yes,Yes,Normal,Safe,Stable
10-06-2024 13:00,June,262.82,92.85,1,27.45,7.72,7.88,3.71,6,6,0,6,29.1,33.9,24.1,3.99,6,11.42105263,2.894736842,8.364611965,0.386067229,0.010658454,No,No,Normal,Safe,Stable
10-06-2024 14:00,June,262.82,92.85,1,27.45,7.72,7.88,3.71,6,6,1,5,29.1,33.9,24.1,3.99,6,11.47368421,2.631578947,8.399016765,0.387424929,0.011340762,Yes,No,Normal,Safe,Stable
10-06-2024 15:00,June,262.82,92.85,1,27.45,7.72,7.88,3.71,6,6,0,1,29.1,33.9,24.1,3.99,6,11.52631579,2.368421053,8.433421565,0.388782628,0.012023071,No,No,Normal,Safe,Stable
10-06-2024 16:00,June,262.82,92.85,1,27.45,7.72,7.88,3.71,6,6,1,5,29.1,33.9,24.1,3.99,6,11.57894737,2.105263158,8.467826365,0.390140327,0.012705379,Yes,No,Normal,Safe,Stable
10-06-2024 17:00,June,262.82,92.85,1,27.45,7.72,7.88,3.71,6,6,0,5,29.1,33.9,24.1,3.99,6,11.63157895,1.842105263,8.502231165,0.391498026,0.013387688,No,No,Normal,Safe,Stable
10-06-2024 18:00,June,262.82,92.85,1,27.45,7.72,7.88,3.71,6,6,1,5,29.1,33.9,24.1,3.99,6,11.68421053,1.578947368,8.536635965,0.392855725,0.014069996,Yes,Yes,Normal,Safe,Stable
10-06-2024 19:00,June,262.82,92.85,1,27.45,7.72,7.88,3.71,6,6,0,2,29.1,33.9,24.1,3.99,6,11.73684211,1.315789474,8.571040765,0.394213424,0.014752304,No,No,Normal,Safe,Stable
10-06-2024 20:00,June,262.82,92.85,1,27.45,7.72,7.88,3.71,6,6,0,2,29.1,33.9,24.1,3.99,6,11.78947368,1.052631579,8.605445564,0.395571124,0.015434613,Yes,No,Normal,Safe,Stable
10-06-2024 21:00,June,262.82,92.85,1,27.45,7.72,7.88,3.71,6,6,0,5,29.1,33.9,24.1,3.99,6,11.84210526,0.789473684,8.639850364,0.396928823,0.016116921,No,No,Normal,Safe,Stable
10-06-2024 22:00,June,262.82,92.85,1,27.45,7.72,7.88,3.71,6,6,0,1,29.1,33.9,24.1,3.99,6,11.89473684,0.526315789,8.674255164,0.398286522,0.01679923,Yes,No,Normal,Safe,Stable
10-06-2024 23:00,June,262.82,92.85,1,27.45,7.72,7.88,3.71,6,6,0,1,29.1,33.9,24.1,3.99,6,11.94736842,0.263157895,8.708659964,0.399644221,0.017481538,No,No,Normal,Safe,Stable
11-06-2024 00:00,June,262.82,92.85,1,27.45,7.72,7.88,3.71,6,6,0,6,29.1,33.9,24.1,3.99,6,12,0,8.743064764,0.40100192,0.018163846,Yes,Yes,Normal,Safe,Stable
11-06-2024 01:00,June,262.82,92.85,1,27.45,7.72,7.88,3.71,6,6,0,2,29.1,33.9,24.1,3.99,6,12,1,7.793345365,0.944859123,-0.026351526,No,No,Normal,Safe,Stable
11-06-2024 02:00,June,262.82,92.85,1,27.45,7.72,7.88,3.71,6,6,1,4,29.1,33.9,24.1,3.99,6,12,2,8.088801314,0.348970242,0.454287893,Yes,No,Normal,Safe,Stable
11-06-2024 03:00,June,262.82,92.85,1,27.45,7.72,7.88,3.71,6,6,0,5,29.1,33.9,24.1,3.99,6,12,3,8.305886625,0.509692501,0.043669507,No,No,Normal,Safe,Stable
11-06-2024 04:00,June,262.82,92.85,1,27.45,7.72,7.88,3.71,6,6,1,5,29.1,33.9,24.1,3.99,6,12,4,7.962882051,0.237481655,0.973259149,Yes,No,Normal,Safe,Stable
11-06-2024 05:00,June,262.82,92.85,1,27.45,7.72,7.88,3.71,6,6,0,5,29.1,33.9,24.1,3.99,6,12,5,8.374380521,0.41435613,0.013025151,No,No,Normal,Safe,Stable
11-06-2024 06:00,June,262.82,92.85,1,27.45,7.72,7.88,3.71,6,6,0,4,29.1,33.9,24.1,3.99,6,12.05263158,4.736842105,8.370522788,0.41370349,0.011757587,Yes,Yes,Normal,Safe,Stable
11-06-2024 07:00,June,262.82,92.85,1,27.45,7.72,7.88,3.71,6,6,0,1,29.1,33.9,24.1,3.99,6,12.10526316,4.473684211,8.366665055,0.41305085,0.010490023,No,No,Normal,Safe,Stable
11-06-2024 08:00,June,262.82,92.85,1,27.45,7.72,7.88,3.71,6,6,0,4,29.1,33.9,24.1,3.99,6,12.15789474,4.210526316,8.362807322,0.41239821,0.009222459,Yes,No,Normal,Safe,Stable
11-06-2024 09:00,June,262.82,92.85,1,27.45,7.72,7.88,3.71,6,6,0,6,29.1,33.9,24.1,3.99,6,12.21052632,3.947368421,8.358949589,0.41174557,0.007954894,No,No,Normal,Safe,Stable
11-06-2024 10:00,June,262.82,92.85,1,27.45,7.72,7.88,3.71,6,6,0,4,29.1,33.9,24.1,3.99,6,12.26315789,3.684210526,8.355091855,0.411092931,0.00668733,Yes,No,Normal,Safe,Stable
11-06-2024 11:00,June,262.82,92.85,1,27.45,7.72,7.88,3.71,6,6,0,5,29.1,33.9,24.1,3.99,6,12.31578947,3.421052632,8.351234122,0.410440291,0.005419766,No,No,Normal,Safe,Stable
11-06-2024 12:00,June,262.82,92.85,1,27.45,7.72,7.88,3.71,6,6,0,5,29.1,33.9,24.1,3.99,6,12.36842105,3.157894737,8.347376389,0.409787651,0.004152202,Yes,Yes,Normal,Safe,Stable
11-06-2024 13:00,June,262.82,92.85,1,27.45,7.72,7.88,3.71,6,6,0,2,29.1,33.9,24.1,3.99,6,12.42105263,2.894736842,8.343518656,0.409135011,0.002884637,No,No,Normal,Safe,Stable
11-06-2024 14:00,June,262.82,92.85,1,27.45,7.72,7.88,3.71,6,6,1,1,29.1,33.9,24.1,3.99,6,12.47368421,2.631578947,8.339660923,0.408482371,0.001617073,Yes,No,Normal,Safe,Stable
11-06-2024 15:00,June,262.82,92.85,1,27.45,7.72,7.88,3.71,6,6,1,2,29.1,33.9,24.1,3.99,6,12.52631579,2.368421053,8.335803189,0.407829731,0.000349509,No,No,Normal,Safe,Stable
11-06-2024 16:00,June,262.82,92.85,1,27.45,7.72,7.88,3.71,6,6,0,5,29.1,33.9,24.1,3.99,6,12.57894737,2.105263158,8.331945456,0.407177091,-0.000918056,Yes,No,Normal,Safe,Stable
11-06-2024 17:00,June,262.82,92.85,1,27.45,7.72,7.88,3.71,6,6,0,1,29.1,33.9,24.1,3.99,6,12.63157895,1.842105263,8.328087723,0.406524451,-0.00218562,No,No,Normal,Safe,Stable
11-06-2024 18:00,June,262.82,92.85,1,27.45,7.72,7.88,3.71,6,6,1,4,29.1,33.9,24.1,3.99,6,12.68421053,1.578947368,8.32422999,0.405871812,-0.003453184,Yes,Yes,Normal,Safe,Stable
11-06-2024 19:00,June,262.82,92.85,1,27.45,7.72,7.88,3.71,6,6,0,2,29.1,33.9,24.1,3.99,6,12.73684211,1.315789474,8.320372257,0.405219172,-0.004720748,No,No,Normal,Safe,Stable
11-06-2024 20:00,June,262.82,92.85,1,27.45,7.72,7.88,3.71,6,6,0,5,29.1,33.9,24.1,3.99,6,12.78947368,1.052631579,8.316514524,0.404566532,-0.005988313,Yes,No,Normal,Safe,Stable
11-06-2024 21:00,June,262.82,92.85,1,27.45,7.72,7.88,3.71,6,6,1,6,29.1,33.9,24.1,3.99,6,12.84210526,0.789473684,8.31265679,0.403913892,-0.007255877,No,No,Normal,Safe,Stable
11-06-2024 22:00,June,262.82,92.85,1,27.45,7.72,7.88,3.71,6,6,0,2,29.1,33.9,24.1,3.99,6,12.89473684,0.526315789,8.308799057,0.403261252,-0.008523441,Yes,No,Normal,Safe,Stable
11-06-2024 23:00,June,262.82,92.85,1,27.45,7.72,7.88,3.71,6,6,0,1,29.1,33.9,24.1,3.99,6,12.94736842,0.263157895,8.304941324,0.402608612,-0.009791005,No,No,Normal,Safe,Stable
12-06-2024 00:00,June,262.82,92.85,1,27.45,7.72,7.88,3.71,6,6,1,2,29.1,33.9,24.1,3.99,6,13,0,8.301083591,0.401955972,-0.01105857,Yes,Yes,Normal,Safe,Stable
12-06-2024 01:00,June,262.82,92.85,1,27.45,7.72,7.88,3.71,6,6,0,1,29.1,33.9,24.1,3.99,6,13,1,7.925432306,0.32614695,0.132308055,No,No,Normal,Safe,Stable
12-06-2024 02:00,June,262.82,92.85,1,27.45,7.72,7.88,3.71,6,6,0,5,29.1,33.9,24.1,3.99,6,13,2,8.245429084,0.373193307,0.434478696,Yes,No,Normal,Safe,Stable
12-06-2024 03:00,June,262.82,92.85,1,27.45,7.72,7.88,3.71,6,6,0,6,29.1,33.9,24.1,3.99,6,13,3,8.40760996,0.293352396,0.94507323,No,No,Normal,Safe,Stable
12-06-2024 04:00,June,262.82,92.85,1,27.45,7.72,7.88,3.71,6,6,0,6,29.1,33.9,24.1,3.99,6,13,4,8.03962996,0.328198343,0.866868939,Yes,No,Normal,Safe,Stable
12-06-2024 05:00,June,262.82,92.85,1,27.45,7.72,7.88,3.71,6,6,0,2,29.1,33.9,24.1,3.99,6,13,5,8.04498625,0.388725342,0.019925699,No,No,Normal,Safe,Stable
12-06-2024 06:00,June,262.82,92.85,1,27.45,7.72,7.88,3.71,6,6,0,6,29.1,33.9,24.1,3.99,6,13.05263158,4.736842105,8.072578526,0.390195096,0.018312381,Yes,Yes,Normal,Safe,Stable
12-06-2024 07:00,June,262.82,92.85,1,27.45,7.72,7.88,3.71,6,6,0,5,29.1,33.9,24.1,3.99,6,13.10526316,4.473684211,8.100170801,0.39166485,0.016699063,No,No,Normal,Safe,Stable
12-06-2024 08:00,June,262.82,92.85,1,27.45,7.72,7.88,3.71,6,6,0,2,29.1,33.9,24.1,3.99,6,13.15789474,4.210526316,8.127763077,0.393134604,0.015085745,Yes,No,Normal,Safe,Stable
12-06-2024 09:00,June,262.82,92.85,1,27.45,7.72,7.88,3.71,6,6,1,4,29.1,33.9,24.1,3.99,6,13.21052632,3.947368421,8.155355352,0.394604358,0.013472427,No,No,Normal,Safe,Stable
12-06-2024 10:00,June,262.82,92.85,1,27.45,7.72,7.88,3.71,6,6,0,5,29.1,33.9,24.1,3.99,6,13.26315789,3.684210526,8.182947628,0.396074112,0.011859109,Yes,No,Normal,Safe,Stable
12-06-2024 11:00,June,262.82,92.85,1,27.45,7.72,7.88,3.71,6,6,0,2,29.1,33.9,24.1,3.99,6,13.31578947,3.421052632,8.210539903,0.397543867,0.01024579,No,No,Normal,Safe,Stable
12-06-2024 12:00,June,262.82,92.85,1,27.45,7.72,7.88,3.71,6,6,0,4,29.1,33.9,24.1,3.99,6,13.36842105,3.157894737,8.238132179,0.399013621,0.008632472,Yes,Yes,Normal,Safe,Stable
12-06-2024 13:00,June,262.82,92.85,1,27.45,7.72,7.88,3.71,6,6,0,6,29.1,33.9,24.1,3.99,6,13.42105263,2.894736842,8.265724454,0.400483375,0.007019154,No,No,Normal,Safe,Stable
12-06-2024 14:00,June,262.82,92.85,1,27.45,7.72,7.88,3.71,6,6,0,5,29.1,33.9,24.1,3.99,6,13.47368421,2.631578947,8.29331673,0.401953129,0.005405836,Yes,No,Normal,Safe,Stable
12-06-2024 15:00,June,262.82,92.85,1,27.45,7.72,7.88,3.71,6,6,1,2,29.1,33.9,24.1,3.99,6,13.52631579,2.368421053,8.320909005,0.403422883,0.003792518,No,No,Normal,Safe,Stable
12-06-2024 16:00,June,262.82,92.85,1,27.45,7.72,7.88,3.71,6,6,0,5,29.1,33.9,24.1,3.99,6,13.57894737,2.105263158,8.34850128,0.404892637,0.0021792,Yes,No,Normal,Safe,Stable
12-06-2024 17:00,June,262.82,92.85,1,27.45,7.72,7.88,3.71,6,6,0,6,29.1,33.9,24.1,3.99,6,13.63157895,1.842105263,8.376093556,0.406362391,0.000565882,No,No,Normal,Safe,Stable
12-06-2024 18:00,June,262.82,92.85,1,27.45,7.72,7.88,3.71,6,6,1,2,29.1,33.9,24.1,3.99,6,13.68421053,1.578947368,8.403685831,0.407832145,-0.001047437,Yes,Yes,Normal,Safe,Stable
12-06-2024 19:00,June,262.82,92.85,1,27.45,7.72,7.88,3.71,6,6,0,4,29.1,33.9,24.1,3.99,6,13.73684211,1.315789474,8.431278107,0.409301899,-0.002660755,No,No,Normal,Safe,Stable
12-06-2024 20:00,June,262.82,92.85,1,27.45,7.72,7.88,3.71,6,6,0,5,29.1,33.9,24.1,3.99,6,13.78947368,1.052631579,8.458870382,0.410771653,-0.004274073,Yes,No,Normal,Safe,Stable
12-06-2024 21:00,June,262.82,92.85,1,27.45,7.72,7.88,3.71,6,6,0,5,29.1,33.9,24.1,3.99,6,13.84210526,0.789473684,8.486462658,0.412241407,-0.005887391,No,No,Normal,Safe,Stable
12-06-2024 22:00,June,262.82,92.85,1,27.45,7.72,7.88,3.71,6,6,0,5,29.1,33.9,24.1,3.99,6,13.89473684,0.526315789,8.514054933,0.413711161,-0.007500709,Yes,No,Normal,Safe,Stable
12-06-2024 23:00,June,262.82,92.85,1,27.45,7.72,7.88,3.71,6,6,0,2,29.1,33.9,24.1,3.99,6,13.94736842,0.263157895,8.541647209,0.415180915,-0.009114027,No,No,Normal,Safe,Stable
13-06-2024 00:00,June,262.82,92.85,1,27.45,7.72,7.88,3.71,6,6,0,5,29.1,33.9,24.1,3.99,6,14,0,8.569239484,0.41665067,-0.010727346,Yes,Yes,Normal,Safe,Stable
13-06-2024 01:00,June,262.82,92.85,1,27.45,7.72,7.88,3.71,6,6,0,2,29.1,33.9,24.1,3.99,6,14,1,8.055372402,0.335083266,0.124848965,No,No,Normal,Safe,Stable
13-06-2024 02:00,June,262.82,92.85,1,27.45,7.72,7.88,3.71,6,6,1,2,29.1,33.9,24.1,3.99,6,14,2,7.941772919,1.004329128,0.008082778,Yes,No,Normal,Safe,Stable
13-06-2024 03:00,June,262.82,92.85,1,27.45,7.72,7.88,3.71,6,6,0,5,29.1,33.9,24.1,3.99,6,14,3,8.239677462,0.317972819,0.854534616,No,No,Normal,Safe,Stable
13-06-2024 04:00,June,262.82,92.85,1,27.45,7.72,7.88,3.71,6,6,0,6,29.1,33.9,24.1,3.99,6,14,4,8.445522335,0.287860531,0.874806684,Yes,No,Normal,Safe,Stable
13-06-2024 05:00,June,262.82,92.85,1,27.45,7.72,7.88,3.71,6,6,0,5,29.1,33.9,24.1,3.99,6,14,5,7.911947118,0.38617475,0.012277767,No,No,Normal,Safe,Stable
13-06-2024 06:00,June,262.82,92.85,1,27.45,7.72,7.88,3.71,6,6,0,5,29.1,33.9,24.1,3.99,6,14.05263158,4.736842105,7.937884566,0.386967766,0.0129544,Yes,Yes,Normal,Safe,Stable
13-06-2024 07:00,June,262.82,92.85,1,27.45,7.72,7.88,3.71,6,6,0,2,29.1,33.9,24.1,3.99,6,14.10526316,4.473684211,7.963822014,0.387760782,0.013631034,No,No,Normal,Safe,Stable
13-06-2024 08:00,June,262.82,92.85,1,27.45,7.72,7.88,3.71,6,6,0,5,29.1,33.9,24.1,3.99,6,14.15789474,4.210526316,7.989759461,0.388553798,0.014307667,Yes,No,Normal,Safe,Stable
13-06-2024 09:00,June,262.82,92.85,1,27.45,7.72,7.88,3.71,6,6,0,2,29.1,33.9,24.1,3.99,6,14.21052632,3.947368421,8.015696909,0.389346814,0.014984301,No,No,Normal,Safe,Stable
13-06-2024 10:00,June,262.82,92.85,1,27.45,7.72,7.88,3.71,6,6,1,5,29.1,33.9,24.1,3.99,6,14.26315789,3.684210526,8.041634357,0.390139829,0.015660934,Yes,No,Normal,Safe,Stable
13-06-2024 11:00,June,262.82,92.85,1,27.45,7.72,7.88,3.71,6,6,0,2,29.1,33.9,24.1,3.99,6,14.31578947,3.421052632,8.067571805,0.390932845,0.016337568,No,No,Normal,Safe,Stable
13-06-2024 12:00,June,262.82,92.85,1,27.45,7.72,7.88,3.71,6,6,0,2,29.1,33.9,24.1,3.99,6,14.36842105,3.157894737,8.093509252,0.391725861,0.017014201,Yes,Yes,Normal,Safe,Stable
13-06-2024 13:00,June,262.82,92.85,1,27.45,7.72,7.88,3.71,6,6,0,5,29.1,33.9,24.1,3.99,6,14.42105263,2.894736842,8.1194467,0.392518877,0.017690835,No,No,Normal,Safe,Stable
13-06-2024 14:00,June,262.82,92.85,1,27.45,7.72,7.88,3.71,6,6,0,4,29.1,33.9,24.1,3.99,6,14.47368421,2.631578947,8.145384148,0.393311893,0.018367468,Yes,No,Normal,Safe,Stable
13-06-2024 15:00,June,262.82,92.85,1,27.45,7.72,7.88,3.71,6,6,0,4,29.1,33.9,24.1,3.99,6,14.52631579,2.368421053,8.171321596,0.394104909,0.019044102,No,No,Normal,Safe,Stable
13-06-2024 16:00,June,262.82,92.85,1,27.45,7.72,7.88,3.71,6,6,0,2,29.1,33.9,24.1,3.99,6,14.57894737,2.105263158,8.197259043,0.394897925,0.019720735,Yes,No,Normal,Safe,Stable
13-06-2024 17:00,June,262.82,92.85,1,27.45,7.72,7.88,3.71,6,6,0,5,29.1,33.9,24.1,3.99,6,14.63157895,1.842105263,8.223196491,0.395690941,0.020397369,No,No,Normal,Safe,Stable
13-06-2024 18:00,June,262.82,92.85,1,27.45,7.72,7.88,3.71,6,6,1,4,29.1,33.9,24.1,3.99,6,14.68421053,1.578947368,8.249133939,0.396483957,0.021074002,Yes,Yes,Normal,Safe,Stable
13-06-2024 19:00,June,262.82,92.85,1,27.45,7.72,7.88,3.71,6,6,0,5,29.1,33.9,24.1,3.99,6,14.73684211,1.315789474,8.275071387,0.397276973,0.021750636,No,No,Normal,Safe,Stable
13-06-2024 20:00,June,262.82,92.85,1,27.45,7.72,7.88,3.71,6,6,0,4,29.1,33.9,24.1,3.99,6,14.78947368,1.052631579,8.301008834,0.398069989,0.022427269,Yes,No,Normal,Safe,Stable
13-06-2024 21:00,June,262.82,92.85,1,27.45,7.72,7.88,3.71,6,6,1,6,29.1,33.9,24.1,3.99,6,14.84210526,0.789473684,8.326946282,0.398863005,0.023103903,No,No,Normal,Safe,Stable
13-06-2024 22:00,June,262.82,92.85,1,27.45,7.72,7.88,3.71,6,6,1,4,29.1,33.9,24.1,3.99,6,14.89473684,0.526315789,8.35288373,0.399656021,0.023780536,Yes,No,Normal,Safe,Stable
13-06-2024 23:00,June,262.82,92.85,1,27.45,7.72,7.88,3.71,6,6,0,4,29.1,33.9,24.1,3.99,6,14.94736842,0.263157895,8.378821178,0.400449036,0.02445717,No,No,Normal,Safe,Stable
14-06-2024 00:00,June,262.82,92.85,1,27.45,7.72,7.88,3.71,6,6,0,5,29.1,33.9,24.1,3.99,6,15,0,8.404758625,0.401242052,0.025133803,Yes,Yes,Normal,Safe,Stable
14-06-2024 01:00,June,262.82,92.85,1,27.45,7.72,7.88,3.71,6,6,0,2,29.1,33.9,24.1,3.99,6,15,1,7.964170761,0.324170958,0.118008934,No,No,Normal,Safe,Stable
14-06-2024 02:00,June,262.82,92.85,1,27.45,7.72,7.88,3.71,6,6,1,5,29.1,33.9,24.1,3.99,6,15,2,8.245982486,0.297253353,0.51736743,Yes,No,Normal,Safe,Stable
14-06-2024 03:00,June,262.82,92.85,1,27.45,7.72,7.88,3.71,6,6,0,2,29.1,33.9,24.1,3.99,6,15,3,7.709911327,0.931263911,0.009629126,No,No,Normal,Safe,Stable
14-06-2024 04:00,June,262.82,92.85,1,27.45,7.72,7.88,3.71,6,6,0,2,29.1,33.9,24.1,3.99,6,15,4,8.073937497,0.294120042,0.838147357,Yes,No,Normal,Safe,Stable
14-06-2024 05:00,June,262.82,92.85,1,27.45,7.72,7.88,3.71,6,6,0,6,29.1,33.9,24.1,3.99,6,15,5,8.417532574,0.37447065,0.023196833,No,No,Normal,Safe,Stable
14-06-2024 06:00,June,262.82,92.85,1,27.45,7.72,7.88,3.71,6,6,1,1,29.1,33.9,24.1,3.99,6,15.05263158,4.736842105,8.390097284,0.406776575,0.020608908,Yes,Yes,Normal,Safe,Stable
14-06-2024 07:00,June,262.82,92.85,1,27.45,7.72,7.88,3.71,6,6,1,1,29.1,33.9,24.1,3.99,6,15.10526316,4.473684211,8.362661994,0.439082499,0.018020983,No,No,Normal,Safe,Stable
14-06-2024 08:00,June,262.82,92.85,1,27.45,7.72,7.88,3.71,6,6,0,2,29.1,33.9,24.1,3.99,6,15.15789474,4.210526316,8.335226705,0.471388424,0.015433058,Yes,No,Normal,Safe,Stable
14-06-2024 09:00,June,262.82,92.85,1,27.45,7.72,7.88,3.71,6,6,1,6,29.1,33.9,24.1,3.99,6,15.21052632,3.947368421,8.307791415,0.503694348,0.012845133,No,No,Normal,Safe,Stable
14-06-2024 10:00,June,262.82,92.85,1,27.45,7.72,7.88,3.71,6,6,0,4,29.1,33.9,24.1,3.99,6,15.26315789,3.684210526,8.280356125,0.536000272,0.010257208,Yes,No,Normal,Safe,Stable
14-06-2024 11:00,June,262.82,92.85,1,27.45,7.72,7.88,3.71,6,6,0,5,29.1,33.9,24.1,3.99,6,15.31578947,3.421052632,8.252920836,0.568306197,0.007669283,No,No,Normal,Safe,Stable
14-06-2024 12:00,June,262.82,92.85,1,27.45,7.72,7.88,3.71,6,6,0,1,29.1,33.9,24.1,3.99,6,15.36842105,3.157894737,8.225485546,0.600612121,0.005081358,Yes,Yes,Normal,Safe,Stable
14-06-2024 13:00,June,262.82,92.85,1,27.45,7.72,7.88,3.71,6,6,1,2,29.1,33.9,24.1,3.99,6,15.42105263,2.894736842,8.198050256,0.632918046,0.002493433,No,No,Normal,Safe,Stable
14-06-2024 14:00,June,262.82,92.85,1,27.45,7.72,7.88,3.71,6,6,1,4,29.1,33.9,24.1,3.99,6,15.47368421,2.631578947,8.170614966,0.66522397,-9.45E-05,Yes,No,Normal,Safe,Stable
14-06-2024 15:00,June,262.82,92.85,1,27.45,7.72,7.88,3.71,6,6,0,5,29.1,33.9,24.1,3.99,6,15.52631579,2.368421053,8.143179677,0.697529895,-0.002682417,No,No,Normal,Safe,Stable
14-06-2024 16:00,June,262.82,92.85,1,27.45,7.72,7.88,3.71,6,6,0,4,29.1,33.9,24.1,3.99,6,15.57894737,2.105263158,8.115744387,0.729835819,-0.005270342,Yes,No,Normal,Safe,Stable
14-06-2024 17:00,June,262.82,92.85,1,27.45,7.72,7.88,3.71,6,6,0,5,29.1,33.9,24.1,3.99,6,15.63157895,1.842105263,8.088309097,0.762141744,-0.007858267,No,No,Normal,Safe,Stable
14-06-2024 18:00,June,262.82,92.85,1,27.45,7.72,7.88,3.71,6,6,0,2,29.1,33.9,24.1,3.99,6,15.68421053,1.578947368,8.060873808,0.794447668,-0.010446192,Yes,Yes,Normal,Safe,Stable
14-06-2024 19:00,June,262.82,92.85,1,27.45,7.72,7.88,3.71,6,6,0,4,29.1,33.9,24.1,3.99,6,15.73684211,1.315789474,8.033438518,0.826753592,-0.013034117,No,No,Normal,Safe,Stable
14-06-2024 20:00,June,262.82,92.85,1,27.45,7.72,7.88,3.71,6,6,0,5,29.1,33.9,24.1,3.99,6,15.78947368,1.052631579,8.006003228,0.859059517,-0.015622042,Yes,No,Normal,Safe,Stable
14-06-2024 21:00,June,262.82,92.85,1,27.45,7.72,7.88,3.71,6,6,1,2,29.1,33.9,24.1,3.99,6,15.84210526,0.789473684,7.978567939,0.891365441,-0.018209967,No,No,Normal,Safe,Stable
14-06-2024 22:00,June,262.82,92.85,1,27.45,7.72,7.88,3.71,6,6,0,5,29.1,33.9,24.1,3.99,6,15.89473684,0.526315789,7.951132649,0.923671366,-0.020797892,Yes,No,Normal,Safe,Stable
14-06-2024 23:00,June,262.82,92.85,1,27.45,7.72,7.88,3.71,6,6,1,4,29.1,33.9,24.1,3.99,6,15.94736842,0.263157895,7.923697359,0.95597729,-0.023385817,No,No,Normal,Safe,Stable
15-06-2024 00:00,June,262.82,92.85,1,27.45,7.72,7.88,3.71,6,6,0,4,29.1,33.9,24.1,3.99,6,16,0,7.896262069,0.988283215,-0.025973742,Yes,Yes,Normal,Safe,Stable
15-06-2024 01:00,June,262.82,92.85,1,27.45,7.72,7.88,3.71,6,6,0,5,29.1,33.9,24.1,3.99,6,16,1,8.164099729,0.379752841,0.146357056,No,No,Normal,Safe,Stable
15-06-2024 02:00,June,262.82,92.85,1,27.45,7.72,7.88,3.71,6,6,0,1,29.1,33.9,24.1,3.99,6,16,2,7.828992438,1.017260159,-0.006904106,Yes,No,Normal,Safe,Stable
15-06-2024 03:00,June,262.82,92.85,1,27.45,7.72,7.88,3.71,6,6,0,4,29.1,33.9,24.1,3.99,6,16,3,8.28442282,0.369945194,0.804882725,No,No,Normal,Safe,Stable
15-06-2024 04:00,June,262.82,92.85,1,27.45,7.72,7.88,3.71,6,6,0,4,29.1,33.9,24.1,3.99,6,16,4,7.702875412,1.02448125,-0.016098808,Yes,No,Normal,Safe,Stable
15-06-2024 05:00,June,262.82,92.85,1,27.45,7.72,7.88,3.71,6,6,0,6,29.1,33.9,24.1,3.99,6,16,5,8.125303835,0.397795032,0.020738014,No,No,Normal,Safe,Stable
15-06-2024 06:00,June,262.82,92.85,1,27.45,7.72,7.88,3.71,6,6,0,5,29.1,33.9,24.1,3.99,6,16.05263158,4.736842105,8.130071582,0.398340699,0.019357531,Yes,Yes,Normal,Safe,Stable
15-06-2024 07:00,June,262.82,92.85,1,27.45,7.72,7.88,3.71,6,6,0,4,29.1,33.9,24.1,3.99,6,16.10526316,4.473684211,8.13483933,0.398886366,0.017977048,No,No,Normal,Safe,Stable
15-06-2024 08:00,June,262.82,92.85,1,27.45,7.72,7.88,3.71,6,6,0,1,29.1,33.9,24.1,3.99,6,16.15789474,4.210526316,8.139607078,0.399432034,0.016596565,Yes,No,Normal,Safe,Stable
15-06-2024 09:00,June,262.82,92.85,1,27.45,7.72,7.88,3.71,6,6,1,2,29.1,33.9,24.1,3.99,6,16.21052632,3.947368421,8.144374825,0.399977701,0.015216082,No,No,Normal,Safe,Stable
15-06-2024 10:00,June,262.82,92.85,1,27.45,7.72,7.88,3.71,6,6,0,5,29.1,33.9,24.1,3.99,6,16.26315789,3.684210526,8.149142573,0.400523369,0.013835599,Yes,No,Normal,Safe,Stable
15-06-2024 11:00,June,262.82,92.85,1,27.45,7.72,7.88,3.71,6,6,1,5,29.1,33.9,24.1,3.99,6,16.31578947,3.421052632,8.15391032,0.401069036,0.012455116,No,No,Normal,Safe,Stable
15-06-2024 12:00,June,262.82,92.85,1,27.45,7.72,7.88,3.71,6,6,0,4,29.1,33.9,24.1,3.99,6,16.36842105,3.157894737,8.158678068,0.401614704,0.011074633,Yes,Yes,Normal,Safe,Stable
15-06-2024 13:00,June,262.82,92.85,1,27.45,7.72,7.88,3.71,6,6,0,5,29.1,33.9,24.1,3.99,6,16.42105263,2.894736842,8.163445816,0.402160371,0.00969415,No,No,Normal,Safe,Stable
15-06-2024 14:00,June,262.82,92.85,1,27.45,7.72,7.88,3.71,6,6,0,4,29.1,33.9,24.1,3.99,6,16.47368421,2.631578947,8.168213563,0.402706039,0.008313667,Yes,No,Normal,Safe,Stable
15-06-2024 15:00,June,262.82,92.85,1,27.45,7.72,7.88,3.71,6,6,0,4,29.1,33.9,24.1,3.99,6,16.52631579,2.368421053,8.172981311,0.403251706,0.006933184,No,No,Normal,Safe,Stable
15-06-2024 16:00,June,262.82,92.85,1,27.45,7.72,7.88,3.71,6,6,1,5,29.1,33.9,24.1,3.99,6,16.57894737,2.105263158,8.177749059,0.403797373,0.005552701,Yes,No,Normal,Safe,Stable
15-06-2024 17:00,June,262.82,92.85,1,27.45,7.72,7.88,3.71,6,6,1,2,29.1,33.9,24.1,3.99,6,16.63157895,1.842105263,8.182516806,0.404343041,0.004172218,No,No,Normal,Safe,Stable
15-06-2024 18:00,June,262.82,92.85,1,27.45,7.72,7.88,3.71,6,6,1,4,29.1,33.9,24.1,3.99,6,16.68421053,1.578947368,8.187284554,0.404888708,0.002791735,Yes,Yes,Normal,Safe,Stable
15-06-2024 19:00,June,262.82,92.85,1,27.45,7.72,7.88,3.71,6,6,0,4,29.1,33.9,24.1,3.99,6,16.73684211,1.315789474,8.192052302,0.405434376,0.001411252,No,No,Normal,Safe,Stable
15-06-2024 20:00,June,262.82,92.85,1,27.45,7.72,7.88,3.71,6,6,0,4,29.1,33.9,24.1,3.99,6,16.78947368,1.052631579,8.196820049,0.405980043,3.08E-05,Yes,No,Normal,Safe,Stable
15-06-2024 21:00,June,262.82,92.85,1,27.45,7.72,7.88,3.71,6,6,1,4,29.1,33.9,24.1,3.99,6,16.84210526,0.789473684,8.201587797,0.406525711,-0.001349714,No,No,Normal,Safe,Stable
15-06-2024 22:00,June,262.82,92.85,1,27.45,7.72,7.88,3.71,6,6,0,6,29.1,33.9,24.1,3.99,6,16.89473684,0.526315789,8.206355544,0.407071378,-0.002730196,Yes,No,Normal,Safe,Stable
15-06-2024 23:00,June,262.82,92.85,1,27.45,7.72,7.88,3.71,6,6,0,2,29.1,33.9,24.1,3.99,6,16.94736842,0.263157895,8.211123292,0.407617046,-0.004110679,No,No,Normal,Safe,Stable
16-06-2024 00:00,June,262.82,92.85,1,27.45,7.72,7.88,3.71,6,6,0,5,29.1,33.9,24.1,3.99,6,17,0,8.21589104,0.408162713,-0.005491162,Yes,Yes,Normal,Safe,Stable
16-06-2024 01:00,June,262.82,92.85,1,27.45,7.72,7.88,3.71,6,6,0,1,29.1,33.9,24.1,3.99,6,17,1,8.30596106,0.322871395,0.123538851,No,No,Normal,Safe,Stable
16-06-2024 02:00,June,262.82,92.85,1,27.45,7.72,7.88,3.71,6,6,1,2,29.1,33.9,24.1,3.99,6,17,2,7.892265213,0.989618485,0.0356739,Yes,No,Normal,Safe,Stable
16-06-2024 03:00,June,262.82,92.85,1,27.45,7.72,7.88,3.71,6,6,0,5,29.1,33.9,24.1,3.99,6,17,3,8.346126894,0.232947056,0.944026422,No,No,Normal,Safe,Stable
16-06-2024 04:00,June,262.82,92.85,1,27.45,7.72,7.88,3.71,6,6,0,6,29.1,33.9,24.1,3.99,6,17,4,7.870565693,0.978052056,0.016931,Yes,No,Normal,Safe,Stable
16-06-2024 05:00,June,262.82,92.85,1,27.45,7.72,7.88,3.71,6,6,0,5,29.1,33.9,24.1,3.99,6,17,5,8.567624959,0.397479577,0.002074196,No,No,Normal,Safe,Stable
16-06-2024 06:00,June,262.82,92.85,1,27.45,7.72,7.88,3.71,6,6,1,5,29.1,33.9,24.1,3.99,6,17.05263158,4.736842105,8.537947179,0.397472144,0.003787427,Yes,Yes,Normal,Safe,Stable
16-06-2024 07:00,June,262.82,92.85,1,27.45,7.72,7.88,3.71,6,6,1,6,29.1,33.9,24.1,3.99,6,17.10526316,4.473684211,8.508269399,0.39746471,0.005500657,No,No,Normal,Safe,Stable
16-06-2024 08:00,June,262.82,92.85,1,27.45,7.72,7.88,3.71,6,6,1,4,29.1,33.9,24.1,3.99,6,17.15789474,4.210526316,8.47859162,0.397457277,0.007213888,Yes,No,Normal,Safe,Stable
16-06-2024 09:00,June,262.82,92.85,1,27.45,7.72,7.88,3.71,6,6,0,5,29.1,33.9,24.1,3.99,6,17.21052632,3.947368421,8.44891384,0.397449844,0.008927118,No,No,Normal,Safe,Stable
16-06-2024 10:00,June,262.82,92.85,1,27.45,7.72,7.88,3.71,6,6,1,6,29.1,33.9,24.1,3.99,6,17.26315789,3.684210526,8.41923606,0.39744241,0.010640348,Yes,No,Normal,Safe,Stable
16-06-2024 11:00,June,262.82,92.85,1,27.45,7.72,7.88,3.71,6,6,1,5,29.1,33.9,24.1,3.99,6,17.31578947,3.421052632,8.38955828,0.397434977,0.012353579,No,No,Normal,Safe,Stable
16-06-2024 12:00,June,262.82,92.85,1,27.45,7.72,7.88,3.71,6,6,1,4,29.1,33.9,24.1,3.99,6,17.36842105,3.157894737,8.359880501,0.397427543,0.014066809,Yes,Yes,Normal,Safe,Stable
16-06-2024 13:00,June,262.82,92.85,1,27.45,7.72,7.88,3.71,6,6,0,4,29.1,33.9,24.1,3.99,6,17.42105263,2.894736842,8.330202721,0.39742011,0.01578004,No,No,Normal,Safe,Stable
16-06-2024 14:00,June,262.82,92.85,1,27.45,7.72,7.88,3.71,6,6,0,6,29.1,33.9,24.1,3.99,6,17.47368421,2.631578947,8.300524941,0.397412677,0.01749327,Yes,No,Normal,Safe,Stable
16-06-2024 15:00,June,262.82,92.85,1,27.45,7.72,7.88,3.71,6,6,1,6,29.1,33.9,24.1,3.99,6,17.52631579,2.368421053,8.270847162,0.397405243,0.0192065,No,No,Normal,Safe,Stable
16-06-2024 16:00,June,262.82,92.85,1,27.45,7.72,7.88,3.71,6,6,0,5,29.1,33.9,24.1,3.99,6,17.57894737,2.105263158,8.241169382,0.39739781,0.020919731,Yes,No,Normal,Safe,Stable
16-06-2024 17:00,June,262.82,92.85,1,27.45,7.72,7.88,3.71,6,6,0,4,29.1,33.9,24.1,3.99,6,17.63157895,1.842105263,8.211491602,0.397390376,0.022632961,No,No,Normal,Safe,Stable
16-06-2024 18:00,June,262.82,92.85,1,27.45,7.72,7.88,3.71,6,6,0,4,29.1,33.9,24.1,3.99,6,17.68421053,1.578947368,8.181813823,0.397382943,0.024346192,Yes,Yes,Normal,Safe,Stable
16-06-2024 19:00,June,262.82,92.85,1,27.45,7.72,7.88,3.71,6,6,0,2,29.1,33.9,24.1,3.99,6,17.73684211,1.315789474,8.152136043,0.39737551,0.026059422,No,No,Normal,Safe,Stable
16-06-2024 20:00,June,262.82,92.85,1,27.45,7.72,7.88,3.71,6,6,0,5,29.1,33.9,24.1,3.99,6,17.78947368,1.052631579,8.122458263,0.397368076,0.027772652,Yes,No,Normal,Safe,Stable
16-06-2024 21:00,June,262.82,92.85,1,27.45,7.72,7.88,3.71,6,6,1,5,29.1,33.9,24.1,3.99,6,17.84210526,0.789473684,8.092780483,0.397360643,0.029485883,No,No,Normal,Safe,Stable
16-06-2024 22:00,June,262.82,92.85,1,27.45,7.72,7.88,3.71,6,6,0,4,29.1,33.9,24.1,3.99,6,17.89473684,0.526315789,8.063102704,0.397353209,0.031199113,Yes,No,Normal,Safe,Stable
16-06-2024 23:00,June,262.82,92.85,1,27.45,7.72,7.88,3.71,6,6,0,4,29.1,33.9,24.1,3.99,6,17.94736842,0.263157895,8.033424924,0.397345776,0.032912343,No,No,Normal,Safe,Stable
17-06-2024 00:00,June,262.82,92.85,1,27.45,7.72,7.88,3.71,6,6,0,5,29.1,33.9,24.1,3.99,6,18,0,8.003747144,0.397338343,0.034625574,Yes,Yes,Normal,Safe,Stable
17-06-2024 01:00,June,262.82,92.85,1,27.45,7.72,7.88,3.71,6,6,0,4,29.1,33.9,24.1,3.99,6,18,1,8.440788755,0.287475375,0.095550515,No,No,Normal,Safe,Stable
17-06-2024 02:00,June,262.82,92.85,1,27.45,7.72,7.88,3.71,6,6,0,5,29.1,33.9,24.1,3.99,6,18,2,7.998625516,0.92144083,-0.004952822,Yes,No,Normal,Safe,Stable
17-06-2024 03:00,June,262.82,92.85,1,27.45,7.72,7.88,3.71,6,6,1,5,29.1,33.9,24.1,3.99,6,18,3,8.266348945,0.167983575,0.878149038,No,No,Normal,Safe,Stable
17-06-2024 04:00,June,262.82,92.85,1,27.45,7.72,7.88,3.71,6,6,0,5,29.1,33.9,24.1,3.99,6,18,4,8.016865314,0.272603735,0.871992655,Yes,No,Normal,Safe,Stable
17-06-2024 05:00,June,262.82,92.85,1,27.45,7.72,7.88,3.71,6,6,1,4,29.1,33.9,24.1,3.99,6,18,5,8.052652654,0.418649793,0.004957582,No,No,Normal,Safe,Stable
17-06-2024 06:00,June,262.82,92.85,1,27.45,7.72,7.88,3.71,6,6,0,5,29.1,33.9,24.1,3.99,6,18.05263158,4.736842105,8.042947744,0.417367304,0.00566738,Yes,Yes,Normal,Safe,Stable
17-06-2024 07:00,June,262.82,92.85,1,27.45,7.72,7.88,3.71,6,6,0,5,29.1,33.9,24.1,3.99,6,18.10526316,4.473684211,8.033242835,0.416084816,0.006377179,No,No,Normal,Safe,Stable
17-06-2024 08:00,June,262.82,92.85,1,27.45,7.72,7.88,3.71,6,6,0,5,29.1,33.9,24.1,3.99,6,18.15789474,4.210526316,8.023537926,0.414802328,0.007086978,Yes,No,Normal,Safe,Stable
17-06-2024 09:00,June,262.82,92.85,1,27.45,7.72,7.88,3.71,6,6,0,5,29.1,33.9,24.1,3.99,6,18.21052632,3.947368421,8.013833016,0.41351984,0.007796776,No,No,Normal,Safe,Stable
17-06-2024 10:00,June,262.82,92.85,1,27.45,7.72,7.88,3.71,6,6,0,5,29.1,33.9,24.1,3.99,6,18.26315789,3.684210526,8.004128107,0.412237352,0.008506575,Yes,No,Normal,Safe,Stable
17-06-2024 11:00,June,262.82,92.85,1,27.45,7.72,7.88,3.71,6,6,0,4,29.1,33.9,24.1,3.99,6,18.31578947,3.421052632,7.994423197,0.410954864,0.009216373,No,No,Normal,Safe,Stable
17-06-2024 12:00,June,262.82,92.85,1,27.45,7.72,7.88,3.71,6,6,0,5,29.1,33.9,24.1,3.99,6,18.36842105,3.157894737,7.984718288,0.409672376,0.009926172,Yes,Yes,Normal,Safe,Stable
17-06-2024 13:00,June,262.82,92.85,1,27.45,7.72,7.88,3.71,6,6,0,2,29.1,33.9,24.1,3.99,6,18.42105263,2.894736842,7.975013379,0.408389888,0.01063597,No,No,Normal,Safe,Stable
17-06-2024 14:00,June,262.82,92.85,1,27.45,7.72,7.88,3.71,6,6,0,4,29.1,33.9,24.1,3.99,6,18.47368421,2.631578947,7.965308469,0.407107399,0.011345769,Yes,No,Normal,Safe,Stable
17-06-2024 15:00,June,262.82,92.85,1,27.45,7.72,7.88,3.71,6,6,0,5,29.1,33.9,24.1,3.99,6,18.52631579,2.368421053,7.95560356,0.405824911,0.012055567,No,No,Normal,Safe,Stable
17-06-2024 16:00,June,262.82,92.85,1,27.45,7.72,7.88,3.71,6,6,0,4,29.1,33.9,24.1,3.99,6,18.57894737,2.105263158,7.945898651,0.404542423,0.012765366,Yes,No,Normal,Safe,Stable
17-06-2024 17:00,June,262.82,92.85,1,27.45,7.72,7.88,3.71,6,6,0,5,29.1,33.9,24.1,3.99,6,18.63157895,1.842105263,7.936193741,0.403259935,0.013475164,No,No,Normal,Safe,Stable
17-06-2024 18:00,June,262.82,92.85,1,27.45,7.72,7.88,3.71,6,6,1,4,29.1,33.9,24.1,3.99,6,18.68421053,1.578947368,7.926488832,0.401977447,0.014184963,Yes,Yes,Normal,Safe,Stable
17-06-2024 19:00,June,262.82,92.85,1,27.45,7.72,7.88,3.71,6,6,0,2,29.1,33.9,24.1,3.99,6,18.73684211,1.315789474,7.916783922,0.400694959,0.014894761,No,No,Normal,Safe,Stable
17-06-2024 20:00,June,262.82,92.85,1,27.45,7.72,7.88,3.71,6,6,0,6,29.1,33.9,24.1,3.99,6,18.78947368,1.052631579,7.907079013,0.399412471,0.01560456,Yes,No,Normal,Safe,Stable
17-06-2024 21:00,June,262.82,92.85,1,27.45,7.72,7.88,3.71,6,6,0,4,29.1,33.9,24.1,3.99,6,18.84210526,0.789473684,7.897374104,0.398129983,0.016314358,No,No,Normal,Safe,Stable
17-06-2024 22:00,June,262.82,92.85,1,27.45,7.72,7.88,3.71,6,6,0,5,29.1,33.9,24.1,3.99,6,18.89473684,0.526315789,7.887669194,0.396847494,0.017024157,Yes,No,Normal,Safe,Stable
17-06-2024 23:00,June,262.82,92.85,1,27.45,7.72,7.88,3.71,6,6,0,4,29.1,33.9,24.1,3.99,6,18.94736842,0.263157895,7.877964285,0.395565006,0.017733956,No,No,Normal,Safe,Stable
18-06-2024 00:00,June,262.82,92.85,1,27.45,7.72,7.88,3.71,6,6,0,5,29.1,33.9,24.1,3.99,6,19,0,7.868259375,0.394282518,0.018443754,Yes,Yes,Normal,Safe,Stable
18-06-2024 01:00,June,262.82,92.85,1,27.45,7.72,7.88,3.71,6,6,1,4,29.1,33.9,24.1,3.99,6,19,1,8.145132784,0.946494561,0.021948467,No,No,Normal,Safe,Stable
18-06-2024 02:00,June,262.82,92.85,1,27.45,7.72,7.88,3.71,6,6,0,4,29.1,33.9,24.1,3.99,6,19,2,8.118646883,0.346460227,0.422514989,Yes,No,Normal,Safe,Stable
18-06-2024 03:00,June,262.82,92.85,1,27.45,7.72,7.88,3.71,6,6,1,2,29.1,33.9,24.1,3.99,6,19,3,7.71682842,0.966764818,-0.006651369,No,No,Normal,Safe,Stable
18-06-2024 04:00,June,262.82,92.85,1,27.45,7.72,7.88,3.71,6,6,0,2,29.1,33.9,24.1,3.99,6,19,4,8.389115885,0.263344966,0.863065185,Yes,No,Normal,Safe,Stable
18-06-2024 05:00,June,262.82,92.85,1,27.45,7.72,7.88,3.71,6,6,0,5,29.1,33.9,24.1,3.99,6,19,5,8.366999223,0.415429198,-0.007170768,No,No,Normal,Safe,Stable
18-06-2024 06:00,June,262.82,92.85,1,27.45,7.72,7.88,3.71,6,6,1,2,29.1,33.9,24.1,3.99,6,19.05263158,4.736842105,8.341751635,0.4446856,-0.007620308,Yes,Yes,Normal,Safe,Stable
18-06-2024 07:00,June,262.82,92.85,1,27.45,7.72,7.88,3.71,6,6,1,5,29.1,33.9,24.1,3.99,6,19.10526316,4.473684211,8.316504046,0.473942002,-0.008069849,No,No,Normal,Safe,Stable
18-06-2024 08:00,June,262.82,92.85,1,27.45,7.72,7.88,3.71,6,6,0,2,29.1,33.9,24.1,3.99,6,19.15789474,4.210526316,8.291256458,0.503198405,-0.008519389,Yes,No,Normal,Safe,Stable
18-06-2024 09:00,June,262.82,92.85,1,27.45,7.72,7.88,3.71,6,6,0,4,29.1,33.9,24.1,3.99,6,19.21052632,3.947368421,8.26600887,0.532454807,-0.008968929,No,No,Normal,Safe,Stable
18-06-2024 10:00,June,262.82,92.85,1,27.45,7.72,7.88,3.71,6,6,0,4,29.1,33.9,24.1,3.99,6,19.26315789,3.684210526,8.240761282,0.561711209,-0.009418469,Yes,No,Normal,Safe,Stable
18-06-2024 11:00,June,262.82,92.85,1,27.45,7.72,7.88,3.71,6,6,1,6,29.1,33.9,24.1,3.99,6,19.31578947,3.421052632,8.215513693,0.590967612,-0.00986801,No,No,Normal,Safe,Stable
18-06-2024 12:00,June,262.82,92.85,1,27.45,7.72,7.88,3.71,6,6,0,4,29.1,33.9,24.1,3.99,6,19.36842105,3.157894737,8.190266105,0.620224014,-0.01031755,Yes,Yes,Normal,Safe,Stable
18-06-2024 13:00,June,262.82,92.85,1,27.45,7.72,7.88,3.71,6,6,1,6,29.1,33.9,24.1,3.99,6,19.42105263,2.894736842,8.165018517,0.649480417,-0.01076709,No,No,Normal,Safe,Stable
18-06-2024 14:00,June,262.82,92.85,1,27.45,7.72,7.88,3.71,6,6,1,6,29.1,33.9,24.1,3.99,6,19.47368421,2.631578947,8.139770929,0.678736819,-0.01121663,Yes,No,Normal,Safe,Stable
18-06-2024 15:00,June,262.82,92.85,1,27.45,7.72,7.88,3.71,6,6,0,1,29.1,33.9,24.1,3.99,6,19.52631579,2.368421053,8.11452334,0.707993221,-0.01166617,No,No,Normal,Safe,Stable
18-06-2024 16:00,June,262.82,92.85,1,27.45,7.72,7.88,3.71,6,6,0,2,29.1,33.9,24.1,3.99,6,19.57894737,2.105263158,8.089275752,0.737249624,-0.012115711,Yes,No,Normal,Safe,Stable
18-06-2024 17:00,June,262.82,92.85,1,27.45,7.72,7.88,3.71,6,6,0,4,29.1,33.9,24.1,3.99,6,19.63157895,1.842105263,8.064028164,0.766506026,-0.012565251,No,No,Normal,Safe,Stable
18-06-2024 18:00,June,262.82,92.85,1,27.45,7.72,7.88,3.71,6,6,0,2,29.1,33.9,24.1,3.99,6,19.68421053,1.578947368,8.038780576,0.795762428,-0.013014791,Yes,Yes,Normal,Safe,Stable
18-06-2024 19:00,June,262.82,92.85,1,27.45,7.72,7.88,3.71,6,6,0,4,29.1,33.9,24.1,3.99,6,19.73684211,1.315789474,8.013532987,0.825018831,-0.013464331,No,No,Normal,Safe,Stable
18-06-2024 20:00,June,262.82,92.85,1,27.45,7.72,7.88,3.71,6,6,0,5,29.1,33.9,24.1,3.99,6,19.78947368,1.052631579,7.988285399,0.854275233,-0.013913872,Yes,No,Normal,Safe,Stable
18-06-2024 21:00,June,262.82,92.85,1,27.45,7.72,7.88,3.71,6,6,0,5,29.1,33.9,24.1,3.99,6,19.84210526,0.789473684,7.963037811,0.883531635,-0.014363412,No,No,Normal,Safe,Stable
18-06-2024 22:00,June,262.82,92.85,1,27.45,7.72,7.88,3.71,6,6,0,2,29.1,33.9,24.1,3.99,6,19.89473684,0.526315789,7.937790223,0.912788038,-0.014812952,Yes,No,Normal,Safe,Stable
18-06-2024 23:00,June,262.82,92.85,1,27.45,7.72,7.88,3.71,6,6,0,5,29.1,33.9,24.1,3.99,6,19.94736842,0.263157895,7.912542634,0.94204444,-0.015262492,No,No,Normal,Safe,Stable
19-06-2024 00:00,June,262.82,92.85,1,27.45,7.72,7.88,3.71,6,6,0,5,29.1,33.9,24.1,3.99,6,20,0,7.887295046,0.971300842,-0.015712033,Yes,Yes,Normal,Safe,Stable
19-06-2024 01:00,June,262.82,92.85,1,27.45,7.72,7.88,3.71,6,6,0,2,29.1,33.9,24.1,3.99,6,20,1,8.221541063,0.31846096,0.461550943,No,No,Normal,Safe,Stable
19-06-2024 02:00,June,262.82,92.85,1,27.45,7.72,7.88,3.71,6,6,0,5,29.1,33.9,24.1,3.99,6,20,2,8.149837339,0.301801646,0.511862089,Yes,No,Normal,Safe,Stable
19-06-2024 03:00,June,262.82,92.85,1,27.45,7.72,7.88,3.71,6,6,0,5,29.1,33.9,24.1,3.99,6,20,3,8.641592335,0.172061803,0.851231952,No,No,Normal,Safe,Stable
19-06-2024 04:00,June,262.82,92.85,1,27.45,7.72,7.88,3.71,6,6,0,4,29.1,33.9,24.1,3.99,6,20,4,8.206193572,0.965090067,0.001652722,Yes,No,Normal,Safe,Stable
19-06-2024 05:00,June,262.82,92.85,1,27.45,7.72,7.88,3.71,6,6,0,6,29.1,33.9,24.1,3.99,6,20,5,7.992987457,0.393692225,0.001905044,No,No,Normal,Safe,Stable
19-06-2024 06:00,June,262.82,92.85,1,27.45,7.72,7.88,3.71,6,6,0,2,29.1,33.9,24.1,3.99,6,20.05263158,4.736842105,7.984057284,0.424658718,0.002816915,Yes,Yes,Normal,Safe,Stable
19-06-2024 07:00,June,262.82,92.85,1,27.45,7.72,7.88,3.71,6,6,1,1,29.1,33.9,24.1,3.99,6,20.10526316,4.473684211,7.975127112,0.455625211,0.003728786,No,No,Normal,Safe,Stable
19-06-2024 08:00,June,262.82,92.85,1,27.45,7.72,7.88,3.71,6,6,0,2,29.1,33.9,24.1,3.99,6,20.15789474,4.210526316,7.966196939,0.486591704,0.004640657,Yes,No,Normal,Safe,Stable
19-06-2024 09:00,June,262.82,92.85,1,27.45,7.72,7.88,3.71,6,6,1,4,29.1,33.9,24.1,3.99,6,20.21052632,3.947368421,7.957266767,0.517558197,0.005552528,No,No,Normal,Safe,Stable
19-06-2024 10:00,June,262.82,92.85,1,27.45,7.72,7.88,3.71,6,6,0,1,29.1,33.9,24.1,3.99,6,20.26315789,3.684210526,7.948336595,0.54852469,0.006464399,Yes,No,Normal,Safe,Stable
19-06-2024 11:00,June,262.82,92.85,1,27.45,7.72,7.88,3.71,6,6,0,5,29.1,33.9,24.1,3.99,6,20.31578947,3.421052632,7.939406422,0.579491183,0.00737627,No,No,Normal,Safe,Stable
19-06-2024 12:00,June,262.82,92.85,1,27.45,7.72,7.88,3.71,6,6,0,1,29.1,33.9,24.1,3.99,6,20.36842105,3.157894737,7.93047625,0.610457676,0.008288141,Yes,Yes,Normal,Safe,Stable
19-06-2024 13:00,June,262.82,92.85,1,27.45,7.72,7.88,3.71,6,6,0,5,29.1,33.9,24.1,3.99,6,20.42105263,2.894736842,7.921546077,0.641424169,0.009200012,No,No,Normal,Safe,Stable
19-06-2024 14:00,June,262.82,92.85,1,27.45,7.72,7.88,3.71,6,6,1,5,29.1,33.9,24.1,3.99,6,20.47368421,2.631578947,7.912615905,0.672390662,0.010111883,Yes,No,Normal,Safe,Stable
19-06-2024 15:00,June,262.82,92.85,1,27.45,7.72,7.88,3.71,6,6,0,4,29.1,33.9,24.1,3.99,6,20.52631579,2.368421053,7.903685732,0.703357155,0.011023754,No,No,Normal,Safe,Stable
19-06-2024 16:00,June,262.82,92.85,1,27.45,7.72,7.88,3.71,6,6,0,1,29.1,33.9,24.1,3.99,6,20.57894737,2.105263158,7.89475556,0.734323648,0.011935625,Yes,No,Normal,Safe,Stable
19-06-2024 17:00,June,262.82,92.85,1,27.45,7.72,7.88,3.71,6,6,0,2,29.1,33.9,24.1,3.99,6,20.63157895,1.842105263,7.885825387,0.765290141,0.012847496,No,No,Normal,Safe,Stable
19-06-2024 18:00,June,262.82,92.85,1,27.45,7.72,7.88,3.71,6,6,0,4,29.1,33.9,24.1,3.99,6,20.68421053,1.578947368,7.876895215,0.796256634,0.013759367,Yes,Yes,Normal,Safe,Stable
19-06-2024 19:00,June,262.82,92.85,1,27.45,7.72,7.88,3.71,6,6,0,4,29.1,33.9,24.1,3.99,6,20.73684211,1.315789474,7.867965042,0.827223127,0.014671238,No,No,Normal,Safe,Stable
19-06-2024 20:00,June,262.82,92.85,1,27.45,7.72,7.88,3.71,6,6,0,4,29.1,33.9,24.1,3.99,6,20.78947368,1.052631579,7.85903487,0.85818962,0.015583109,Yes,No,Normal,Safe,Stable
19-06-2024 21:00,June,262.82,92.85,1,27.45,7.72,7.88,3.71,6,6,0,1,29.1,33.9,24.1,3.99,6,20.84210526,0.789473684,7.850104697,0.889156113,0.01649498,No,No,Normal,Safe,Stable
19-06-2024 22:00,June,262.82,92.85,1,27.45,7.72,7.88,3.71,6,6,0,4,29.1,33.9,24.1,3.99,6,20.89473684,0.526315789,7.841174525,0.920122606,0.017406851,Yes,No,Normal,Safe,Stable
19-06-2024 23:00,June,262.82,92.85,1,27.45,7.72,7.88,3.71,6,6,0,2,29.1,33.9,24.1,3.99,6,20.94736842,0.263157895,7.832244352,0.951089099,0.018318722,No,No,Normal,Safe,Stable
20-06-2024 00:00,June,262.82,92.85,1,27.45,7.72,7.88,3.71,6,6,0,5,29.1,33.9,24.1,3.99,6,21,0,7.82331418,0.982055592,0.019230594,Yes,Yes,Normal,Safe,Stable
20-06-2024 01:00,June,262.82,92.85,1,27.45,7.72,7.88,3.71,6,6,0,1,29.1,33.9,24.1,3.99,6,21,1,8.258363929,0.320413386,0.152508884,No,No,Normal,Safe,Stable
20-06-2024 02:00,June,262.82,92.85,1,27.45,7.72,7.88,3.71,6,6,0,4,29.1,33.9,24.1,3.99,6,21,2,7.757704334,0.962169131,0.014059815,Yes,No,Normal,Safe,Stable
20-06-2024 03:00,June,262.82,92.85,1,27.45,7.72,7.88,3.71,6,6,0,4,29.1,33.9,24.1,3.99,6,21,3,8.142498181,0.289156318,0.870067491,No,No,Normal,Safe,Stable
20-06-2024 04:00,June,262.82,92.85,1,27.45,7.72,7.88,3.71,6,6,0,1,29.1,33.9,24.1,3.99,6,21,4,8.40615693,0.253124925,0.872719067,Yes,No,Normal,Safe,Stable
20-06-2024 05:00,June,262.82,92.85,1,27.45,7.72,7.88,3.71,6,6,1,5,29.1,33.9,24.1,3.99,6,21,5,8.453212415,0.388371427,-0.009223675,No,No,Normal,Safe,Stable
20-06-2024 06:00,June,262.82,92.85,1,27.45,7.72,7.88,3.71,6,6,0,1,29.1,33.9,24.1,3.99,6,21.05263158,4.736842105,8.444216412,0.389675054,-0.007942878,Yes,Yes,Normal,Safe,Stable
20-06-2024 07:00,June,262.82,92.85,1,27.45,7.72,7.88,3.71,6,6,1,4,29.1,33.9,24.1,3.99,6,21.10526316,4.473684211,8.435220408,0.390978681,-0.006662081,No,No,Normal,Safe,Stable
20-06-2024 08:00,June,262.82,92.85,1,27.45,7.72,7.88,3.71,6,6,0,1,29.1,33.9,24.1,3.99,6,21.15789474,4.210526316,8.426224405,0.392282308,-0.005381284,Yes,No,Normal,Safe,Stable
20-06-2024 09:00,June,262.82,92.85,1,27.45,7.72,7.88,3.71,6,6,0,4,29.1,33.9,24.1,3.99,6,21.21052632,3.947368421,8.417228401,0.393585935,-0.004100486,No,No,Normal,Safe,Stable
20-06-2024 10:00,June,262.82,92.85,1,27.45,7.72,7.88,3.71,6,6,0,2,29.1,33.9,24.1,3.99,6,21.26315789,3.684210526,8.408232398,0.394889561,-0.002819689,Yes,No,Normal,Safe,Stable
20-06-2024 11:00,June,262.82,92.85,1,27.45,7.72,7.88,3.71,6,6,0,4,29.1,33.9,24.1,3.99,6,21.31578947,3.421052632,8.399236394,0.396193188,-0.001538892,No,No,Normal,Safe,Stable
20-06-2024 12:00,June,262.82,92.85,1,27.45,7.72,7.88,3.71,6,6,0,1,29.1,33.9,24.1,3.99,6,21.36842105,3.157894737,8.39024039,0.397496815,-0.000258095,Yes,Yes,Normal,Safe,Stable
20-06-2024 13:00,June,262.82,92.85,1,27.45,7.72,7.88,3.71,6,6,0,5,29.1,33.9,24.1,3.99,6,21.42105263,2.894736842,8.381244387,0.398800442,0.001022703,No,No,Normal,Safe,Stable
20-06-2024 14:00,June,262.82,92.85,1,27.45,7.72,7.88,3.71,6,6,0,2,29.1,33.9,24.1,3.99,6,21.47368421,2.631578947,8.372248383,0.400104068,0.0023035,Yes,No,Normal,Safe,Stable
20-06-2024 15:00,June,262.82,92.85,1,27.45,7.72,7.88,3.71,6,6,1,5,29.1,33.9,24.1,3.99,6,21.52631579,2.368421053,8.36325238,0.401407695,0.003584297,No,No,Normal,Safe,Stable
20-06-2024 16:00,June,262.82,92.85,1,27.45,7.72,7.88,3.71,6,6,0,5,29.1,33.9,24.1,3.99,6,21.57894737,2.105263158,8.354256376,0.402711322,0.004865094,Yes,No,Normal,Safe,Stable
20-06-2024 17:00,June,262.82,92.85,1,27.45,7.72,7.88,3.71,6,6,0,6,29.1,33.9,24.1,3.99,6,21.63157895,1.842105263,8.345260373,0.404014949,0.006145892,No,No,Normal,Safe,Stable
20-06-2024 18:00,June,262.82,92.85,1,27.45,7.72,7.88,3.71,6,6,0,4,29.1,33.9,24.1,3.99,6,21.68421053,1.578947368,8.336264369,0.405318575,0.007426689,Yes,Yes,Normal,Safe,Stable
20-06-2024 19:00,June,262.82,92.85,1,27.45,7.72,7.88,3.71,6,6,0,5,29.1,33.9,24.1,3.99,6,21.73684211,1.315789474,8.327268366,0.406622202,0.008707486,No,No,Normal,Safe,Stable
20-06-2024 20:00,June,262.82,92.85,1,27.45,7.72,7.88,3.71,6,6,0,5,29.1,33.9,24.1,3.99,6,21.78947368,1.052631579,8.318272362,0.407925829,0.009988283,Yes,No,Normal,Safe,Stable
20-06-2024 21:00,June,262.82,92.85,1,27.45,7.72,7.88,3.71,6,6,0,5,29.1,33.9,24.1,3.99,6,21.84210526,0.789473684,8.309276358,0.409229456,0.011269081,No,No,Normal,Safe,Stable
20-06-2024 22:00,June,262.82,92.85,1,27.45,7.72,7.88,3.71,6,6,1,2,29.1,33.9,24.1,3.99,6,21.89473684,0.526315789,8.300280355,0.410533082,0.012549878,Yes,No,Normal,Safe,Stable
20-06-2024 23:00,June,262.82,92.85,1,27.45,7.72,7.88,3.71,6,6,0,4,29.1,33.9,24.1,3.99,6,21.94736842,0.263157895,8.291284351,0.411836709,0.013830675,No,No,Normal,Safe,Stable
21-06-2024 00:00,June,262.82,92.85,1,27.45,7.72,7.88,3.71,6,6,0,2,29.1,33.9,24.1,3.99,6,22,0,8.282288348,0.413140336,0.015111472,Yes,Yes,Normal,Safe,Stable
21-06-2024 01:00,June,262.82,92.85,1,27.45,7.72,7.88,3.71,6,6,0,4,29.1,33.9,24.1,3.99,6,22,1,7.663130551,0.98247553,-0.017231795,No,No,Normal,Safe,Stable
21-06-2024 02:00,June,262.82,92.85,1,27.45,7.72,7.88,3.71,6,6,0,5,29.1,33.9,24.1,3.99,6,22,2,8.209509818,0.370548128,0.444258609,Yes,No,Normal,Safe,Stable
21-06-2024 03:00,June,262.82,92.85,1,27.45,7.72,7.88,3.71,6,6,0,2,29.1,33.9,24.1,3.99,6,22,3,7.863936196,0.962046545,0.008552784,No,No,Normal,Safe,Stable
21-06-2024 04:00,June,262.82,92.85,1,27.45,7.72,7.88,3.71,6,6,0,4,29.1,33.9,24.1,3.99,6,22,4,8.491888113,0.320440389,0.846466942,Yes,No,Normal,Safe,Stable
21-06-2024 05:00,June,262.82,92.85,1,27.45,7.72,7.88,3.71,6,6,0,5,29.1,33.9,24.1,3.99,6,22,5,8.019495788,0.399886419,0.006768299,No,No,Normal,Safe,Stable
21-06-2024 06:00,June,262.82,92.85,1,27.45,7.72,7.88,3.71,6,6,0,6,29.1,33.9,24.1,3.99,6,22.05263158,4.736842105,8.032602827,0.397944212,0.007977407,Yes,Yes,Normal,Safe,Stable
21-06-2024 07:00,June,262.82,92.85,1,27.45,7.72,7.88,3.71,6,6,0,2,29.1,33.9,24.1,3.99,6,22.10526316,4.473684211,8.045709866,0.396002005,0.009186515,No,No,Normal,Safe,Stable
21-06-2024 08:00,June,262.82,92.85,1,27.45,7.72,7.88,3.71,6,6,0,5,29.1,33.9,24.1,3.99,6,22.15789474,4.210526316,8.058816904,0.394059797,0.010395623,Yes,No,Normal,Safe,Stable
21-06-2024 09:00,June,262.82,92.85,1,27.45,7.72,7.88,3.71,6,6,0,5,29.1,33.9,24.1,3.99,6,22.21052632,3.947368421,8.071923943,0.39211759,0.011604731,No,No,Normal,Safe,Stable
21-06-2024 10:00,June,262.82,92.85,1,27.45,7.72,7.88,3.71,6,6,0,4,29.1,33.9,24.1,3.99,6,22.26315789,3.684210526,8.085030982,0.390175383,0.012813839,Yes,No,Normal,Safe,Stable
21-06-2024 11:00,June,262.82,92.85,1,27.45,7.72,7.88,3.71,6,6,0,5,29.1,33.9,24.1,3.99,6,22.31578947,3.421052632,8.098138021,0.388233176,0.014022947,No,No,Normal,Safe,Stable
21-06-2024 12:00,June,262.82,92.85,1,27.45,7.72,7.88,3.71,6,6,0,4,29.1,33.9,24.1,3.99,6,22.36842105,3.157894737,8.11124506,0.386290968,0.015232055,Yes,Yes,Normal,Safe,Stable
21-06-2024 13:00,June,262.82,92.85,1,27.45,7.72,7.88,3.71,6,6,0,6,29.1,33.9,24.1,3.99,6,22.42105263,2.894736842,8.124352099,0.384348761,0.016441163,No,No,Normal,Safe,Stable
21-06-2024 14:00,June,262.82,92.85,1,27.45,7.72,7.88,3.71,6,6,1,1,29.1,33.9,24.1,3.99,6,22.47368421,2.631578947,8.137459137,0.382406554,0.017650271,Yes,No,Normal,Safe,Stable
21-06-2024 15:00,June,262.82,92.85,1,27.45,7.72,7.88,3.71,6,6,1,1,29.1,33.9,24.1,3.99,6,22.52631579,2.368421053,8.150566176,0.380464346,0.018859378,No,No,Normal,Safe,Stable
21-06-2024 16:00,June,262.82,92.85,1,27.45,7.72,7.88,3.71,6,6,0,4,29.1,33.9,24.1,3.99,6,22.57894737,2.105263158,8.163673215,0.378522139,0.020068486,Yes,No,Normal,Safe,Stable
21-06-2024 17:00,June,262.82,92.85,1,27.45,7.72,7.88,3.71,6,6,0,4,29.1,33.9,24.1,3.99,6,22.63157895,1.842105263,8.176780254,0.376579932,0.021277594,No,No,Normal,Safe,Stable
21-06-2024 18:00,June,262.82,92.85,1,27.45,7.72,7.88,3.71,6,6,0,1,29.1,33.9,24.1,3.99,6,22.68421053,1.578947368,8.189887293,0.374637725,0.022486702,Yes,Yes,Normal,Safe,Stable
21-06-2024 19:00,June,262.82,92.85,1,27.45,7.72,7.88,3.71,6,6,0,4,29.1,33.9,24.1,3.99,6,22.73684211,1.315789474,8.202994331,0.372695517,0.02369581,No,No,Normal,Safe,Stable
21-06-2024 20:00,June,262.82,92.85,1,27.45,7.72,7.88,3.71,6,6,0,5,29.1,33.9,24.1,3.99,6,22.78947368,1.052631579,8.21610137,0.37075331,0.024904918,Yes,No,Normal,Safe,Stable
21-06-2024 21:00,June,262.82,92.85,1,27.45,7.72,7.88,3.71,6,6,0,4,29.1,33.9,24.1,3.99,6,22.84210526,0.789473684,8.229208409,0.368811103,0.026114026,No,No,Normal,Safe,Stable
21-06-2024 22:00,June,262.82,92.85,1,27.45,7.72,7.88,3.71,6,6,0,5,29.1,33.9,24.1,3.99,6,22.89473684,0.526315789,8.242315448,0.366868895,0.027323134,Yes,No,Normal,Safe,Stable
21-06-2024 23:00,June,262.82,92.85,1,27.45,7.72,7.88,3.71,6,6,1,1,29.1,33.9,24.1,3.99,6,22.94736842,0.263157895,8.255422487,0.364926688,0.028532242,No,No,Normal,Safe,Stable
22-06-2024 00:00,June,262.82,92.85,1,27.45,7.72,7.88,3.71,6,6,0,6,29.1,33.9,24.1,3.99,6,23,0,8.268529526,0.362984481,0.02974135,Yes,Yes,Normal,Safe,Stable
22-06-2024 01:00,June,262.82,92.85,1,27.45,7.72,7.88,3.71,6,6,0,2,29.1,33.9,24.1,3.99,6,23,1,8.128568055,0.330751072,0.121935795,No,No,Normal,Safe,Stable
22-06-2024 02:00,June,262.82,92.85,1,27.45,7.72,7.88,3.71,6,6,1,5,29.1,33.9,24.1,3.99,6,23,2,7.79848622,0.959662831,0.038350237,Yes,No,Normal,Safe,Stable
22-06-2024 03:00,June,262.82,92.85,1,27.45,7.72,7.88,3.71,6,6,0,1,29.1,33.9,24.1,3.99,6,23,3,8.469692455,0.290418207,0.874829387,No,No,Normal,Safe,Stable
22-06-2024 04:00,June,262.82,92.85,1,27.45,7.72,7.88,3.71,6,6,1,5,29.1,33.9,24.1,3.99,6,23,4,8.31281575,0.315840044,0.837745437,Yes,No,Normal,Safe,Stable
22-06-2024 05:00,June,262.82,92.85,1,27.45,7.72,7.88,3.71,6,6,0,5,29.1,33.9,24.1,3.99,6,23,5,8.247647631,0.379178991,-0.007944975,No,No,Normal,Safe,Stable
22-06-2024 06:00,June,262.82,92.85,1,27.45,7.72,7.88,3.71,6,6,0,4,29.1,33.9,24.1,3.99,6,23.05263158,4.736842105,8.25581862,0.38109845,-0.008579712,Yes,Yes,Normal,Safe,Stable
22-06-2024 07:00,June,262.82,92.85,1,27.45,7.72,7.88,3.71,6,6,0,6,29.1,33.9,24.1,3.99,6,23.10526316,4.473684211,8.263989609,0.383017909,-0.009214448,No,No,Normal,Safe,Stable
22-06-2024 08:00,June,262.82,92.85,1,27.45,7.72,7.88,3.71,6,6,0,2,29.1,33.9,24.1,3.99,6,23.15789474,4.210526316,8.272160599,0.384937369,-0.009849184,Yes,No,Normal,Safe,Stable
22-06-2024 09:00,June,262.82,92.85,1,27.45,7.72,7.88,3.71,6,6,0,4,29.1,33.9,24.1,3.99,6,23.21052632,3.947368421,8.280331588,0.386856828,-0.01048392,No,No,Normal,Safe,Stable
22-06-2024 10:00,June,262.82,92.85,1,27.45,7.72,7.88,3.71,6,6,0,1,29.1,33.9,24.1,3.99,6,23.26315789,3.684210526,8.288502577,0.388776288,-0.011118656,Yes,No,Normal,Safe,Stable
22-06-2024 11:00,June,262.82,92.85,1,27.45,7.72,7.88,3.71,6,6,0,2,29.1,33.9,24.1,3.99,6,23.31578947,3.421052632,8.296673566,0.390695747,-0.011753392,No,No,Normal,Safe,Stable
22-06-2024 12:00,June,262.82,92.85,1,27.45,7.72,7.88,3.71,6,6,0,5,29.1,33.9,24.1,3.99,6,23.36842105,3.157894737,8.304844555,0.392615206,-0.012388128,Yes,Yes,Normal,Safe,Stable
22-06-2024 13:00,June,262.82,92.85,1,27.45,7.72,7.88,3.71,6,6,1,6,29.1,33.9,24.1,3.99,6,23.42105263,2.894736842,8.313015544,0.394534666,-0.013022865,No,No,Normal,Safe,Stable
22-06-2024 14:00,June,262.82,92.85,1,27.45,7.72,7.88,3.71,6,6,0,2,29.1,33.9,24.1,3.99,6,23.47368421,2.631578947,8.321186533,0.396454125,-0.013657601,Yes,No,Normal,Safe,Stable
22-06-2024 15:00,June,262.82,92.85,1,27.45,7.72,7.88,3.71,6,6,0,4,29.1,33.9,24.1,3.99,6,23.52631579,2.368421053,8.329357522,0.398373584,-0.014292337,No,No,Normal,Safe,Stable
22-06-2024 16:00,June,262.82,92.85,1,27.45,7.72,7.88,3.71,6,6,0,5,29.1,33.9,24.1,3.99,6,23.57894737,2.105263158,8.337528511,0.400293044,-0.014927073,Yes,No,Normal,Safe,Stable
22-06-2024 17:00,June,262.82,92.85,1,27.45,7.72,7.88,3.71,6,6,0,5,29.1,33.9,24.1,3.99,6,23.63157895,1.842105263,8.3456995,0.402212503,-0.015561809,No,No,Normal,Safe,Stable
22-06-2024 18:00,June,262.82,92.85,1,27.45,7.72,7.88,3.71,6,6,1,5,29.1,33.9,24.1,3.99,6,23.68421053,1.578947368,8.353870489,0.404131963,-0.016196545,Yes,Yes,Normal,Safe,Stable
22-06-2024 19:00,June,262.82,92.85,1,27.45,7.72,7.88,3.71,6,6,0,1,29.1,33.9,24.1,3.99,6,23.73684211,1.315789474,8.362041478,0.406051422,-0.016831281,No,No,Normal,Safe,Stable
22-06-2024 20:00,June,262.82,92.85,1,27.45,7.72,7.88,3.71,6,6,1,1,29.1,33.9,24.1,3.99,6,23.78947368,1.052631579,8.370212467,0.407970881,-0.017466018,Yes,No,Normal,Safe,Stable
22-06-2024 21:00,June,262.82,92.85,1,27.45,7.72,7.88,3.71,6,6,0,2,29.1,33.9,24.1,3.99,6,23.84210526,0.789473684,8.378383456,0.409890341,-0.018100754,No,No,Normal,Safe,Stable
22-06-2024 22:00,June,262.82,92.85,1,27.45,7.72,7.88,3.71,6,6,0,2,29.1,33.9,24.1,3.99,6,23.89473684,0.526315789,8.386554445,0.4118098,-0.01873549,Yes,No,Normal,Safe,Stable
22-06-2024 23:00,June,262.82,92.85,1,27.45,7.72,7.88,3.71,6,6,1,5,29.1,33.9,24.1,3.99,6,23.94736842,0.263157895,8.394725434,0.41372926,-0.019370226,No,No,Normal,Safe,Stable
23-06-2024 00:00,June,262.82,92.85,1,27.45,7.72,7.88,3.71,6,6,0,5,29.1,33.9,24.1,3.99,6,24,0,8.402896423,0.415648719,-0.020004962,Yes,Yes,Normal,Safe,Stable
23-06-2024 01:00,June,262.82,92.85,1,27.45,7.72,7.88,3.71,6,6,0,1,29.1,33.9,24.1,3.99,6,24,1,8.074068171,0.317956628,0.12892552,No,No,Normal,Safe,Stable
23-06-2024 02:00,June,262.82,92.85,1,27.45,7.72,7.88,3.71,6,6,0,2,29.1,33.9,24.1,3.99,6,24,2,7.963570436,0.980237107,-0.008132976,Yes,No,Normal,Safe,Stable
23-06-2024 03:00,June,262.82,92.85,1,27.45,7.72,7.88,3.71,6,6,0,5,29.1,33.9,24.1,3.99,6,24,3,8.28793656,0.220803071,0.864804628,No,No,Normal,Safe,Stable
23-06-2024 04:00,June,262.82,92.85,1,27.45,7.72,7.88,3.71,6,6,1,5,29.1,33.9,24.1,3.99,6,24,4,7.841796885,0.974915012,0.005946022,Yes,No,Normal,Safe,Stable
23-06-2024 05:00,June,262.82,92.85,1,27.45,7.72,7.88,3.71,6,6,0,1,29.1,33.9,24.1,3.99,6,24,5,8.593336285,0.403633723,0.017927765,No,No,Normal,Safe,Stable
23-06-2024 06:00,June,262.82,92.85,1,27.45,7.72,7.88,3.71,6,6,0,2,29.1,33.9,24.1,3.99,6,24.05263158,4.736842105,8.558755375,0.436377521,0.016408607,Yes,Yes,Normal,Safe,Stable
23-06-2024 07:00,June,262.82,92.85,1,27.45,7.72,7.88,3.71,6,6,0,4,29.1,33.9,24.1,3.99,6,24.10526316,4.473684211,8.524174466,0.469121319,0.01488945,No,No,Normal,Safe,Stable
23-06-2024 08:00,June,262.82,92.85,1,27.45,7.72,7.88,3.71,6,6,0,4,29.1,33.9,24.1,3.99,6,24.15789474,4.210526316,8.489593556,0.501865117,0.013370292,Yes,No,Normal,Safe,Stable
23-06-2024 09:00,June,262.82,92.85,1,27.45,7.72,7.88,3.71,6,6,0,2,29.1,33.9,24.1,3.99,6,24.21052632,3.947368421,8.455012646,0.534608915,0.011851135,No,No,Normal,Safe,Stable
23-06-2024 10:00,June,262.82,92.85,1,27.45,7.72,7.88,3.71,6,6,0,4,29.1,33.9,24.1,3.99,6,24.26315789,3.684210526,8.420431736,0.567352713,0.010331977,Yes,No,Normal,Safe,Stable
23-06-2024 11:00,June,262.82,92.85,1,27.45,7.72,7.88,3.71,6,6,1,4,29.1,33.9,24.1,3.99,6,24.31578947,3.421052632,8.385850826,0.600096511,0.008812819,No,No,Normal,Safe,Stable
23-06-2024 12:00,June,262.82,92.85,1,27.45,7.72,7.88,3.71,6,6,0,6,29.1,33.9,24.1,3.99,6,24.36842105,3.157894737,8.351269916,0.632840309,0.007293662,Yes,Yes,Normal,Safe,Stable
23-06-2024 13:00,June,262.82,92.85,1,27.45,7.72,7.88,3.71,6,6,1,1,29.1,33.9,24.1,3.99,6,24.42105263,2.894736842,8.316689007,0.665584107,0.005774504,No,No,Normal,Safe,Stable
23-06-2024 14:00,June,262.82,92.85,1,27.45,7.72,7.88,3.71,6,6,1,5,29.1,33.9,24.1,3.99,6,24.47368421,2.631578947,8.282108097,0.698327905,0.004255347,Yes,No,Normal,Safe,Stable
23-06-2024 15:00,June,262.82,92.85,1,27.45,7.72,7.88,3.71,6,6,0,5,29.1,33.9,24.1,3.99,6,24.52631579,2.368421053,8.247527187,0.731071703,0.002736189,No,No,Normal,Safe,Stable
23-06-2024 16:00,June,262.82,92.85,1,27.45,7.72,7.88,3.71,6,6,1,2,29.1,33.9,24.1,3.99,6,24.57894737,2.105263158,8.212946277,0.763815501,0.001217031,Yes,No,Normal,Safe,Stable
23-06-2024 17:00,June,262.82,92.85,1,27.45,7.72,7.88,3.71,6,6,1,5,29.1,33.9,24.1,3.99,6,24.63157895,1.842105263,8.178365367,0.796559299,-0.000302126,No,No,Normal,Safe,Stable
23-06-2024 18:00,June,262.82,92.85,1,27.45,7.72,7.88,3.71,6,6,0,5,29.1,33.9,24.1,3.99,6,24.68421053,1.578947368,8.143784457,0.829303097,-0.001821284,Yes,Yes,Normal,Safe,Stable
23-06-2024 19:00,June,262.82,92.85,1,27.45,7.72,7.88,3.71,6,6,1,5,29.1,33.9,24.1,3.99,6,24.73684211,1.315789474,8.109203548,0.862046895,-0.003340442,No,No,Normal,Safe,Stable
23-06-2024 20:00,June,262.82,92.85,1,27.45,7.72,7.88,3.71,6,6,0,5,29.1,33.9,24.1,3.99,6,24.78947368,1.052631579,8.074622638,0.894790693,-0.004859599,Yes,No,Normal,Safe,Stable
23-06-2024 21:00,June,262.82,92.85,1,27.45,7.72,7.88,3.71,6,6,0,2,29.1,33.9,24.1,3.99,6,24.84210526,0.789473684,8.040041728,0.927534491,-0.006378757,No,No,Normal,Safe,Stable
23-06-2024 22:00,June,262.82,92.85,1,27.45,7.72,7.88,3.71,6,6,0,6,29.1,33.9,24.1,3.99,6,24.89473684,0.526315789,8.005460818,0.960278289,-0.007897914,Yes,No,Normal,Safe,Stable
23-06-2024 23:00,June,262.82,92.85,1,27.45,7.72,7.88,3.71,6,6,0,4,29.1,33.9,24.1,3.99,6,24.94736842,0.263157895,7.970879908,0.993022087,-0.009417072,No,No,Normal,Safe,Stable
24-06-2024 00:00,June,262.82,92.85,1,27.45,7.72,7.88,3.71,6,6,0,2,29.1,33.9,24.1,3.99,6,25,0,7.936298998,1.025765885,-0.01093623,Yes,Yes,Normal,Safe,Stable
24-06-2024 01:00,June,262.82,92.85,1,27.45,7.72,7.88,3.71,6,6,0,4,29.1,33.9,24.1,3.99,6,25,1,8.208056298,0.349984009,0.426800393,No,No,Normal,Safe,Stable
24-06-2024 02:00,June,262.82,92.85,1,27.45,7.72,7.88,3.71,6,6,0,5,29.1,33.9,24.1,3.99,6,25,2,7.809096781,0.962487838,0.001789984,Yes,No,Normal,Safe,Stable
24-06-2024 03:00,June,262.82,92.85,1,27.45,7.72,7.88,3.71,6,6,0,1,29.1,33.9,24.1,3.99,6,25,3,8.334806966,0.228416315,0.852335322,No,No,Normal,Safe,Stable
24-06-2024 04:00,June,262.82,92.85,1,27.45,7.72,7.88,3.71,6,6,0,5,29.1,33.9,24.1,3.99,6,25,4,8.246584804,0.250121577,0.953084102,Yes,No,Normal,Safe,Stable
24-06-2024 05:00,June,262.82,92.85,1,27.45,7.72,7.88,3.71,6,6,0,2,29.1,33.9,24.1,3.99,6,25,5,8.254100755,0.381740349,-0.013027287,No,No,Normal,Safe,Stable
24-06-2024 06:00,June,262.82,92.85,1,27.45,7.72,7.88,3.71,6,6,0,4,29.1,33.9,24.1,3.99,6,25.05263158,4.736842105,8.23723581,0.412287527,-0.012694272,Yes,Yes,Normal,Safe,Stable
24-06-2024 07:00,June,262.82,92.85,1,27.45,7.72,7.88,3.71,6,6,0,1,29.1,33.9,24.1,3.99,6,25.10526316,4.473684211,8.220370865,0.442834705,-0.012361257,No,No,Normal,Safe,Stable
24-06-2024 08:00,June,262.82,92.85,1,27.45,7.72,7.88,3.71,6,6,0,5,29.1,33.9,24.1,3.99,6,25.15789474,4.210526316,8.20350592,0.473381883,-0.012028243,Yes,No,Normal,Safe,Stable
24-06-2024 09:00,June,262.82,92.85,1,27.45,7.72,7.88,3.71,6,6,0,4,29.1,33.9,24.1,3.99,6,25.21052632,3.947368421,8.186640975,0.503929061,-0.011695228,No,No,Normal,Safe,Stable
24-06-2024 10:00,June,262.82,92.85,1,27.45,7.72,7.88,3.71,6,6,0,2,29.1,33.9,24.1,3.99,6,25.26315789,3.684210526,8.16977603,0.534476239,-0.011362213,Yes,No,Normal,Safe,Stable
24-06-2024 11:00,June,262.82,92.85,1,27.45,7.72,7.88,3.71,6,6,0,2,29.1,33.9,24.1,3.99,6,25.31578947,3.421052632,8.152911085,0.565023417,-0.011029198,No,No,Normal,Safe,Stable
24-06-2024 12:00,June,262.82,92.85,1,27.45,7.72,7.88,3.71,6,6,0,4,29.1,33.9,24.1,3.99,6,25.36842105,3.157894737,8.136046141,0.595570595,-0.010696184,Yes,Yes,Normal,Safe,Stable
24-06-2024 13:00,June,262.82,92.85,1,27.45,7.72,7.88,3.71,6,6,0,4,29.1,33.9,24.1,3.99,6,25.42105263,2.894736842,8.119181196,0.626117773,-0.010363169,No,No,Normal,Safe,Stable
24-06-2024 14:00,June,262.82,92.85,1,27.45,7.72,7.88,3.71,6,6,0,6,29.1,33.9,24.1,3.99,6,25.47368421,2.631578947,8.102316251,0.656664951,-0.010030154,Yes,No,Normal,Safe,Stable
24-06-2024 15:00,June,262.82,92.85,1,27.45,7.72,7.88,3.71,6,6,1,5,29.1,33.9,24.1,3.99,6,25.52631579,2.368421053,8.085451306,0.687212129,-0.009697139,No,No,Normal,Safe,Stable
24-06-2024 16:00,June,262.82,92.85,1,27.45,7.72,7.88,3.71,6,6,1,4,29.1,33.9,24.1,3.99,6,25.57894737,2.105263158,8.068586361,0.717759307,-0.009364125,Yes,No,Normal,Safe,Stable
24-06-2024 17:00,June,262.82,92.85,1,27.45,7.72,7.88,3.71,6,6,0,5,29.1,33.9,24.1,3.99,6,25.63157895,1.842105263,8.051721416,0.748306485,-0.00903111,No,No,Normal,Safe,Stable
24-06-2024 18:00,June,262.82,92.85,1,27.45,7.72,7.88,3.71,6,6,0,6,29.1,33.9,24.1,3.99,6,25.68421053,1.578947368,8.034856471,0.778853663,-0.008698095,Yes,Yes,Normal,Safe,Stable
24-06-2024 19:00,June,262.82,92.85,1,27.45,7.72,7.88,3.71,6,6,0,5,29.1,33.9,24.1,3.99,6,25.73684211,1.315789474,8.017991526,0.809400841,-0.008365081,No,No,Normal,Safe,Stable
24-06-2024 20:00,June,262.82,92.85,1,27.45,7.72,7.88,3.71,6,6,0,1,29.1,33.9,24.1,3.99,6,25.78947368,1.052631579,8.001126581,0.839948019,-0.008032066,Yes,No,Normal,Safe,Stable
24-06-2024 21:00,June,262.82,92.85,1,27.45,7.72,7.88,3.71,6,6,0,5,29.1,33.9,24.1,3.99,6,25.84210526,0.789473684,7.984261636,0.870495197,-0.007699051,No,No,Normal,Safe,Stable
24-06-2024 22:00,June,262.82,92.85,1,27.45,7.72,7.88,3.71,6,6,1,5,29.1,33.9,24.1,3.99,6,25.89473684,0.526315789,7.967396691,0.901042375,-0.007366036,Yes,No,Normal,Safe,Stable
24-06-2024 23:00,June,262.82,92.85,1,27.45,7.72,7.88,3.71,6,6,1,4,29.1,33.9,24.1,3.99,6,25.94736842,0.263157895,7.950531746,0.931589553,-0.007033022,No,No,Normal,Safe,Stable
25-06-2024 00:00,June,262.82,92.85,1,27.45,7.72,7.88,3.71,6,6,0,5,29.1,33.9,24.1,3.99,6,26,0,7.933666801,0.962136731,-0.006700007,Yes,Yes,Normal,Safe,Stable
25-06-2024 01:00,June,262.82,92.85,1,27.45,7.72,7.88,3.71,6,6,0,6,29.1,33.9,24.1,3.99,6,26,1,8.178617897,0.980823562,-0.009055305,No,No,Normal,Safe,Stable
25-06-2024 02:00,June,262.82,92.85,1,27.45,7.72,7.88,3.71,6,6,0,5,29.1,33.9,24.1,3.99,6,26,2,8.332846576,0.337423797,0.449919774,Yes,No,Normal,Safe,Stable
25-06-2024 03:00,June,262.82,92.85,1,27.45,7.72,7.88,3.71,6,6,0,6,29.1,33.9,24.1,3.99,6,26,3,8.332246717,0.290049958,0.847892569,No,No,Normal,Safe,Stable
25-06-2024 04:00,June,262.82,92.85,1,27.45,7.72,7.88,3.71,6,6,0,5,29.1,33.9,24.1,3.99,6,26,4,8.175345333,0.314725535,0.956107433,Yes,No,Normal,Safe,Stable
25-06-2024 05:00,June,262.82,92.85,1,27.45,7.72,7.88,3.71,6,6,0,4,29.1,33.9,24.1,3.99,6,26,5,8.407606829,0.375340344,0.007744392,No,No,Normal,Safe,Stable
25-06-2024 06:00,June,262.82,92.85,1,27.45,7.72,7.88,3.71,6,6,0,5,29.1,33.9,24.1,3.99,6,26.05263158,4.736842105,8.393880858,0.377661524,0.00867508,Yes,Yes,Normal,Safe,Stable
25-06-2024 07:00,June,262.82,92.85,1,27.45,7.72,7.88,3.71,6,6,0,6,29.1,33.9,24.1,3.99,6,26.10526316,4.473684211,8.380154886,0.379982704,0.009605769,No,No,Normal,Safe,Stable
25-06-2024 08:00,June,262.82,92.85,1,27.45,7.72,7.88,3.71,6,6,0,4,29.1,33.9,24.1,3.99,6,26.15789474,4.210526316,8.366428915,0.382303884,0.010536458,Yes,No,Normal,Safe,Stable
25-06-2024 09:00,June,262.82,92.85,1,27.45,7.72,7.88,3.71,6,6,1,4,29.1,33.9,24.1,3.99,6,26.21052632,3.947368421,8.352702943,0.384625064,0.011467147,No,No,Normal,Safe,Stable
25-06-2024 10:00,June,262.82,92.85,1,27.45,7.72,7.88,3.71,6,6,0,2,29.1,33.9,24.1,3.99,6,26.26315789,3.684210526,8.338976972,0.386946244,0.012397835,Yes,No,Normal,Safe,Stable
25-06-2024 11:00,June,262.82,92.85,1,27.45,7.72,7.88,3.71,6,6,0,2,29.1,33.9,24.1,3.99,6,26.31578947,3.421052632,8.325251,0.389267425,0.013328524,No,No,Normal,Safe,Stable
25-06-2024 12:00,June,262.82,92.85,1,27.45,7.72,7.88,3.71,6,6,1,5,29.1,33.9,24.1,3.99,6,26.36842105,3.157894737,8.311525029,0.391588605,0.014259213,Yes,Yes,Normal,Safe,Stable
25-06-2024 13:00,June,262.82,92.85,1,27.45,7.72,7.88,3.71,6,6,1,5,29.1,33.9,24.1,3.99,6,26.42105263,2.894736842,8.297799058,0.393909785,0.015189902,No,No,Normal,Safe,Stable
25-06-2024 14:00,June,262.82,92.85,1,27.45,7.72,7.88,3.71,6,6,0,2,29.1,33.9,24.1,3.99,6,26.47368421,2.631578947,8.284073086,0.396230965,0.016120591,Yes,No,Normal,Safe,Stable
25-06-2024 15:00,June,262.82,92.85,1,27.45,7.72,7.88,3.71,6,6,0,1,29.1,33.9,24.1,3.99,6,26.52631579,2.368421053,8.270347115,0.398552145,0.017051279,No,No,Normal,Safe,Stable
25-06-2024 16:00,June,262.82,92.85,1,27.45,7.72,7.88,3.71,6,6,1,2,29.1,33.9,24.1,3.99,6,26.57894737,2.105263158,8.256621143,0.400873325,0.017981968,Yes,No,Normal,Safe,Stable
25-06-2024 17:00,June,262.82,92.85,1,27.45,7.72,7.88,3.71,6,6,0,4,29.1,33.9,24.1,3.99,6,26.63157895,1.842105263,8.242895172,0.403194505,0.018912657,No,No,Normal,Safe,Stable
25-06-2024 18:00,June,262.82,92.85,1,27.45,7.72,7.88,3.71,6,6,0,5,29.1,33.9,24.1,3.99,6,26.68421053,1.578947368,8.2291692,0.405515686,0.019843346,Yes,Yes,Normal,Safe,Stable
25-06-2024 19:00,June,262.82,92.85,1,27.45,7.72,7.88,3.71,6,6,1,4,29.1,33.9,24.1,3.99,6,26.73684211,1.315789474,8.215443229,0.407836866,0.020774034,No,No,Normal,Safe,Stable
25-06-2024 20:00,June,262.82,92.85,1,27.45,7.72,7.88,3.71,6,6,0,5,29.1,33.9,24.1,3.99,6,26.78947368,1.052631579,8.201717257,0.410158046,0.021704723,Yes,No,Normal,Safe,Stable
25-06-2024 21:00,June,262.82,92.85,1,27.45,7.72,7.88,3.71,6,6,0,5,29.1,33.9,24.1,3.99,6,26.84210526,0.789473684,8.187991286,0.412479226,0.022635412,No,No,Normal,Safe,Stable
25-06-2024 22:00,June,262.82,92.85,1,27.45,7.72,7.88,3.71,6,6,1,2,29.1,33.9,24.1,3.99,6,26.89473684,0.526315789,8.174265315,0.414800406,0.023566101,Yes,No,Normal,Safe,Stable
25-06-2024 23:00,June,262.82,92.85,1,27.45,7.72,7.88,3.71,6,6,0,5,29.1,33.9,24.1,3.99,6,26.94736842,0.263157895,8.160539343,0.417121586,0.024496789,No,No,Normal,Safe,Stable
26-06-2024 00:00,June,262.82,92.85,1,27.45,7.72,7.88,3.71,6,6,0,4,29.1,33.9,24.1,3.99,6,27,0,8.146813372,0.419442766,0.025427478,Yes,Yes,Normal,Safe,Stable
26-06-2024 01:00,June,262.82,92.85,1,27.45,7.72,7.88,3.71,6,6,0,4,29.1,33.9,24.1,3.99,6,27,1,8.436644699,0.338426979,0.116612825,No,No,Normal,Safe,Stable
26-06-2024 02:00,June,262.82,92.85,1,27.45,7.72,7.88,3.71,6,6,1,5,29.1,33.9,24.1,3.99,6,27,2,8.148359013,0.341405934,0.441516488,Yes,No,Normal,Safe,Stable
26-06-2024 03:00,June,262.82,92.85,1,27.45,7.72,7.88,3.71,6,6,0,2,29.1,33.9,24.1,3.99,6,27,3,7.96197812,0.282862036,0.816897754,No,No,Normal,Safe,Stable
26-06-2024 04:00,June,262.82,92.85,1,27.45,7.72,7.88,3.71,6,6,0,5,29.1,33.9,24.1,3.99,6,27,4,7.976804643,0.272757268,0.905112004,Yes,No,Normal,Safe,Stable
26-06-2024 05:00,June,262.82,92.85,1,27.45,7.72,7.88,3.71,6,6,0,4,29.1,33.9,24.1,3.99,6,27,5,8.286809743,0.372406375,-0.022043458,No,No,Normal,Safe,Stable
26-06-2024 06:00,June,262.82,92.85,1,27.45,7.72,7.88,3.71,6,6,0,5,29.1,33.9,24.1,3.99,6,27.05263158,4.736842105,8.286581405,0.373705356,-0.020166534,Yes,Yes,Normal,Safe,Stable
26-06-2024 07:00,June,262.82,92.85,1,27.45,7.72,7.88,3.71,6,6,1,4,29.1,33.9,24.1,3.99,6,27.10526316,4.473684211,8.286353068,0.375004338,-0.018289609,No,No,Normal,Safe,Stable
26-06-2024 08:00,June,262.82,92.85,1,27.45,7.72,7.88,3.71,6,6,0,5,29.1,33.9,24.1,3.99,6,27.15789474,4.210526316,8.286124731,0.376303319,-0.016412684,Yes,No,Normal,Safe,Stable
26-06-2024 09:00,June,262.82,92.85,1,27.45,7.72,7.88,3.71,6,6,0,5,29.1,33.9,24.1,3.99,6,27.21052632,3.947368421,8.285896393,0.377602301,-0.014535759,No,No,Normal,Safe,Stable
26-06-2024 10:00,June,262.82,92.85,1,27.45,7.72,7.88,3.71,6,6,0,6,29.1,33.9,24.1,3.99,6,27.26315789,3.684210526,8.285668056,0.378901282,-0.012658834,Yes,No,Normal,Safe,Stable
26-06-2024 11:00,June,262.82,92.85,1,27.45,7.72,7.88,3.71,6,6,0,4,29.1,33.9,24.1,3.99,6,27.31578947,3.421052632,8.285439719,0.380200264,-0.01078191,No,No,Normal,Safe,Stable
26-06-2024 12:00,June,262.82,92.85,1,27.45,7.72,7.88,3.71,6,6,1,4,29.1,33.9,24.1,3.99,6,27.36842105,3.157894737,8.285211381,0.381499245,-0.008904985,Yes,Yes,Normal,Safe,Stable
26-06-2024 13:00,June,262.82,92.85,1,27.45,7.72,7.88,3.71,6,6,0,1,29.1,33.9,24.1,3.99,6,27.42105263,2.894736842,8.284983044,0.382798227,-0.00702806,No,No,Normal,Safe,Stable
26-06-2024 14:00,June,262.82,92.85,1,27.45,7.72,7.88,3.71,6,6,0,4,29.1,33.9,24.1,3.99,6,27.47368421,2.631578947,8.284754707,0.384097208,-0.005151135,Yes,No,Normal,Safe,Stable
26-06-2024 15:00,June,262.82,92.85,1,27.45,7.72,7.88,3.71,6,6,0,5,29.1,33.9,24.1,3.99,6,27.52631579,2.368421053,8.28452637,0.38539619,-0.00327421,No,No,Normal,Safe,Stable
26-06-2024 16:00,June,262.82,92.85,1,27.45,7.72,7.88,3.71,6,6,0,6,29.1,33.9,24.1,3.99,6,27.57894737,2.105263158,8.284298032,0.386695171,-0.001397286,Yes,No,Normal,Safe,Stable
26-06-2024 17:00,June,262.82,92.85,1,27.45,7.72,7.88,3.71,6,6,0,5,29.1,33.9,24.1,3.99,6,27.63157895,1.842105263,8.284069695,0.387994153,0.000479639,No,No,Normal,Safe,Stable
26-06-2024 18:00,June,262.82,92.85,1,27.45,7.72,7.88,3.71,6,6,0,1,29.1,33.9,24.1,3.99,6,27.68421053,1.578947368,8.283841358,0.389293134,0.002356564,Yes,Yes,Normal,Safe,Stable
26-06-2024 19:00,June,262.82,92.85,1,27.45,7.72,7.88,3.71,6,6,1,5,29.1,33.9,24.1,3.99,6,27.73684211,1.315789474,8.28361302,0.390592116,0.004233489,No,No,Normal,Safe,Stable
26-06-2024 20:00,June,262.82,92.85,1,27.45,7.72,7.88,3.71,6,6,1,2,29.1,33.9,24.1,3.99,6,27.78947368,1.052631579,8.283384683,0.391891097,0.006110414,Yes,No,Normal,Safe,Stable
26-06-2024 21:00,June,262.82,92.85,1,27.45,7.72,7.88,3.71,6,6,0,5,29.1,33.9,24.1,3.99,6,27.84210526,0.789473684,8.283156346,0.393190079,0.007987338,No,No,Normal,Safe,Stable
26-06-2024 22:00,June,262.82,92.85,1,27.45,7.72,7.88,3.71,6,6,0,2,29.1,33.9,24.1,3.99,6,27.89473684,0.526315789,8.282928008,0.39448906,0.009864263,Yes,No,Normal,Safe,Stable
26-06-2024 23:00,June,262.82,92.85,1,27.45,7.72,7.88,3.71,6,6,0,2,29.1,33.9,24.1,3.99,6,27.94736842,0.263157895,8.282699671,0.395788042,0.011741188,No,No,Normal,Safe,Stable
27-06-2024 00:00,June,262.82,92.85,1,27.45,7.72,7.88,3.71,6,6,0,5,29.1,33.9,24.1,3.99,6,28,0,8.282471334,0.397087023,0.013618113,Yes,Yes,Normal,Safe,Stable
27-06-2024 01:00,June,262.82,92.85,1,27.45,7.72,7.88,3.71,6,6,0,4,29.1,33.9,24.1,3.99,6,28,1,8.382757455,0.347116726,0.121743863,No,No,Normal,Safe,Stable
27-06-2024 02:00,June,262.82,92.85,1,27.45,7.72,7.88,3.71,6,6,1,1,29.1,33.9,24.1,3.99,6,28,2,8.287876029,0.991001766,-5.49E-05,Yes,No,Normal,Safe,Stable
27-06-2024 03:00,June,262.82,92.85,1,27.45,7.72,7.88,3.71,6,6,0,5,29.1,33.9,24.1,3.99,6,28,3,8.33827172,0.309047953,0.895531249,No,No,Normal,Safe,Stable
27-06-2024 04:00,June,262.82,92.85,1,27.45,7.72,7.88,3.71,6,6,0,2,29.1,33.9,24.1,3.99,6,28,4,8.317710852,0.296161531,0.969181321,Yes,No,Normal,Safe,Stable
27-06-2024 05:00,June,262.82,92.85,1,27.45,7.72,7.88,3.71,6,6,0,4,29.1,33.9,24.1,3.99,6,28,5,8.307432045,0.360661308,0.014110363,No,No,Normal,Safe,Stable
27-06-2024 06:00,June,262.82,92.85,1,27.45,7.72,7.88,3.71,6,6,0,5,29.1,33.9,24.1,3.99,6,28,5,8.307432045,0.360661308,0.014110363,Yes,Yes,Normal,Safe,Stable
27-06-2024 07:00,June,262.82,92.85,1,27.45,7.72,7.88,3.71,6,6,0,2,29.1,33.9,24.1,3.99,6,28,5,8.307432045,0.360661308,0.014110363,No,No,Normal,Safe,Stable
27-06-2024 08:00,June,262.82,92.85,1,27.45,7.72,7.88,3.71,6,6,1,4,29.1,33.9,24.1,3.99,6,28,5,8.307432045,0.360661308,0.014110363,Yes,No,Normal,Safe,Stable
27-06-2024 09:00,June,262.82,92.85,1,27.45,7.72,7.88,3.71,6,6,1,5,29.1,33.9,24.1,3.99,6,28,5,8.307432045,0.360661308,0.014110363,No,No,Normal,Safe,Stable
27-06-2024 10:00,June,262.82,92.85,1,27.45,7.72,7.88,3.71,6,6,0,5,29.1,33.9,24.1,3.99,6,28,5,8.307432045,0.360661308,0.014110363,Yes,No,Normal,Safe,Stable
27-06-2024 11:00,June,262.82,92.85,1,27.45,7.72,7.88,3.71,6,6,1,2,29.1,33.9,24.1,3.99,6,28,5,8.307432045,0.360661308,0.014110363,No,No,Normal,Safe,Stable
27-06-2024 12:00,June,262.82,92.85,1,27.45,7.72,7.88,3.71,6,6,0,4,29.1,33.9,24.1,3.99,6,28,5,8.307432045,0.360661308,0.014110363,Yes,Yes,Normal,Safe,Stable
27-06-2024 13:00,June,262.82,92.85,1,27.45,7.72,7.88,3.71,6,6,0,2,29.1,33.9,24.1,3.99,6,28,5,8.307432045,0.360661308,0.014110363,No,No,Normal,Safe,Stable
27-06-2024 14:00,June,262.82,92.85,1,27.45,7.72,7.88,3.71,6,6,0,5,29.1,33.9,24.1,3.99,6,28,5,8.307432045,0.360661308,0.014110363,Yes,No,Normal,Safe,Stable
27-06-2024 15:00,June,262.82,92.85,1,27.45,7.72,7.88,3.71,6,6,0,2,29.1,33.9,24.1,3.99,6,28,5,8.307432045,0.360661308,0.014110363,No,No,Normal,Safe,Stable
27-06-2024 16:00,June,262.82,92.85,1,27.45,7.72,7.88,3.71,6,6,0,4,29.1,33.9,24.1,3.99,6,28,5,8.307432045,0.360661308,0.014110363,Yes,No,Normal,Safe,Stable
27-06-2024 17:00,June,262.82,92.85,1,27.45,7.72,7.88,3.71,6,6,0,5,29.1,33.9,24.1,3.99,6,28,5,8.307432045,0.360661308,0.014110363,No,No,Normal,Safe,Stable
27-06-2024 18:00,June,262.82,92.85,1,27.45,7.72,7.88,3.71,6,6,0,6,29.1,33.9,24.1,3.99,6,28,5,8.307432045,0.360661308,0.014110363,Yes,Yes,Normal,Safe,Stable
27-06-2024 19:00,June,262.82,92.85,1,27.45,7.72,7.88,3.71,6,6,1,6,29.1,33.9,24.1,3.99,6,28,5,8.307432045,0.360661308,0.014110363,No,No,Normal,Safe,Stable
27-06-2024 20:00,June,262.82,92.85,1,27.45,7.72,7.88,3.71,6,6,0,4,29.1,33.9,24.1,3.99,6,28,5,8.307432045,0.360661308,0.014110363,Yes,No,Normal,Safe,Stable
27-06-2024 21:00,June,262.82,92.85,1,27.45,7.72,7.88,3.71,6,6,0,2,29.1,33.9,24.1,3.99,6,28,5,8.307432045,0.360661308,0.014110363,No,No,Normal,Safe,Stable
27-06-2024 22:00,June,262.82,92.85,1,27.45,7.72,7.88,3.71,6,6,0,4,29.1,33.9,24.1,3.99,6,28,5,8.307432045,0.360661308,0.014110363,Yes,No,Normal,Safe,Stable
27-06-2024 23:00,June,262.82,92.85,1,27.45,7.72,7.88,3.71,6,6,0,5,29.1,33.9,24.1,3.99,6,28,5,8.307432045,0.360661308,0.014110363,No,No,Normal,Safe,Stable
28-06-2024 00:00,June,262.82,92.85,1,27.45,7.72,7.88,3.71,6,6,0,6,29.1,33.9,24.1,3.99,6,28,5,8.307432045,0.360661308,0.014110363,Yes,Yes,Normal,Safe,Stable
28-06-2024 01:00,June,262.82,92.85,1,27.45,7.72,7.88,3.71,6,6,0,5,29.1,33.9,24.1,3.99,6,28,5,8.307432045,0.360661308,0.014110363,No,No,Normal,Safe,Stable
28-06-2024 02:00,June,262.82,92.85,1,27.45,7.72,7.88,3.71,6,6,0,6,29.1,33.9,24.1,3.99,6,28,5,8.307432045,0.360661308,0.014110363,Yes,No,Normal,Safe,Stable
28-06-2024 03:00,June,262.82,92.85,1,27.45,7.72,7.88,3.71,6,6,0,5,29.1,33.9,24.1,3.99,6,28,5,8.307432045,0.360661308,0.014110363,No,No,Normal,Safe,Stable
28-06-2024 04:00,June,262.82,92.85,1,27.45,7.72,7.88,3.71,6,6,0,5,29.1,33.9,24.1,3.99,6,28,5,8.307432045,0.360661308,0.014110363,Yes,No,Normal,Safe,Stable
28-06-2024 05:00,June,262.82,92.85,1,27.45,7.72,7.88,3.71,6,6,0,4,29.1,33.9,24.1,3.99,6,28,5,8.307432045,0.360661308,0.014110363,No,No,Normal,Safe,Stable
28-06-2024 06:00,June,262.82,92.85,1,27.45,7.72,7.88,3.71,6,6,1,5,29.1,33.9,24.1,3.99,6,28,5,8.307432045,0.360661308,0.014110363,Yes,Yes,Normal,Safe,Stable
28-06-2024 07:00,June,262.82,92.85,1,27.45,7.72,7.88,3.71,6,6,0,6,29.1,33.9,24.1,3.99,6,28,5,8.307432045,0.360661308,0.014110363,No,No,Normal,Safe,Stable
28-06-2024 08:00,June,262.82,92.85,1,27.45,7.72,7.88,3.71,6,6,0,5,29.1,33.9,24.1,3.99,6,28,5,8.307432045,0.360661308,0.014110363,Yes,No,Normal,Safe,Stable
28-06-2024 09:00,June,262.82,92.85,1,27.45,7.72,7.88,3.71,6,6,0,4,29.1,33.9,24.1,3.99,6,28,5,8.307432045,0.360661308,0.014110363,No,No,Normal,Safe,Stable
28-06-2024 10:00,June,262.82,92.85,1,27.45,7.72,7.88,3.71,6,6,0,5,29.1,33.9,24.1,3.99,6,28,5,8.307432045,0.360661308,0.014110363,Yes,No,Normal,Safe,Stable
28-06-2024 11:00,June,262.82,92.85,1,27.45,7.72,7.88,3.71,6,6,1,6,29.1,33.9,24.1,3.99,6,28,5,8.307432045,0.360661308,0.014110363,No,No,Normal,Safe,Stable
28-06-2024 12:00,June,262.82,92.85,1,27.45,7.72,7.88,3.71,6,6,1,2,29.1,33.9,24.1,3.99,6,28,5,8.307432045,0.360661308,0.014110363,Yes,Yes,Normal,Safe,Stable
28-06-2024 13:00,June,262.82,92.85,1,27.45,7.72,7.88,3.71,6,6,0,5,29.1,33.9,24.1,3.99,6,28,5,8.307432045,0.360661308,0.014110363,No,No,Normal,Safe,Stable
28-06-2024 14:00,June,262.82,92.85,1,27.45,7.72,7.88,3.71,6,6,1,1,29.1,33.9,24.1,3.99,6,28,5,8.307432045,0.360661308,0.014110363,Yes,No,Normal,Safe,Stable
28-06-2024 15:00,June,262.82,92.85,1,27.45,7.72,7.88,3.71,6,6,1,4,29.1,33.9,24.1,3.99,6,28,5,8.307432045,0.360661308,0.014110363,No,No,Normal,Safe,Stable
28-06-2024 16:00,June,262.82,92.85,1,27.45,7.72,7.88,3.71,6,6,1,1,29.1,33.9,24.1,3.99,6,28,5,8.307432045,0.360661308,0.014110363,Yes,No,Normal,Safe,Stable
28-06-2024 17:00,June,262.82,92.85,1,27.45,7.72,7.88,3.71,6,6,0,5,29.1,33.9,24.1,3.99,6,28,5,8.307432045,0.360661308,0.014110363,No,No,Normal,Safe,Stable
28-06-2024 18:00,June,262.82,92.85,1,27.45,7.72,7.88,3.71,6,6,1,5,29.1,33.9,24.1,3.99,6,28,5,8.307432045,0.360661308,0.014110363,Yes,Yes,Normal,Safe,Stable
28-06-2024 19:00,June,262.82,92.85,1,27.45,7.72,7.88,3.71,6,6,0,2,29.1,33.9,24.1,3.99,6,28,5,8.307432045,0.360661308,0.014110363,No,No,Normal,Safe,Stable
28-06-2024 20:00,June,262.82,92.85,1,27.45,7.72,7.88,3.71,6,6,1,5,29.1,33.9,24.1,3.99,6,28,5,8.307432045,0.360661308,0.014110363,Yes,No,Normal,Safe,Stable
28-06-2024 21:00,June,262.82,92.85,1,27.45,7.72,7.88,3.71,6,6,0,5,29.1,33.9,24.1,3.99,6,28,5,8.307432045,0.360661308,0.014110363,No,No,Normal,Safe,Stable
28-06-2024 22:00,June,262.82,92.85,1,27.45,7.72,7.88,3.71,6,6,1,2,29.1,33.9,24.1,3.99,6,28,5,8.307432045,0.360661308,0.014110363,Yes,No,Normal,Safe,Stable
28-06-2024 23:00,June,262.82,92.85,1,27.45,7.72,7.88,3.71,6,6,0,5,29.1,33.9,24.1,3.99,6,28,5,8.307432045,0.360661308,0.014110363,No,No,Normal,Safe,Stable
29-06-2024 00:00,June,262.82,92.85,1,27.45,7.72,7.88,3.71,6,6,0,4,29.1,33.9,24.1,3.99,6,28,5,8.307432045,0.360661308,0.014110363,Yes,Yes,Normal,Safe,Stable
29-06-2024 01:00,June,262.82,92.85,1,27.45,7.72,7.88,3.71,6,6,0,5,29.1,33.9,24.1,3.99,6,28,5,8.307432045,0.360661308,0.014110363,No,No,Normal,Safe,Stable
29-06-2024 02:00,June,262.82,92.85,1,27.45,7.72,7.88,3.71,6,6,0,4,29.1,33.9,24.1,3.99,6,28,5,8.307432045,0.360661308,0.014110363,Yes,No,Normal,Safe,Stable
29-06-2024 03:00,June,262.82,92.85,1,27.45,7.72,7.88,3.71,6,6,0,5,29.1,33.9,24.1,3.99,6,28,5,8.307432045,0.360661308,0.014110363,No,No,Normal,Safe,Stable
29-06-2024 04:00,June,262.82,92.85,1,27.45,7.72,7.88,3.71,6,6,0,6,29.1,33.9,24.1,3.99,6,28,5,8.307432045,0.360661308,0.014110363,Yes,No,Normal,Safe,Stable
29-06-2024 05:00,June,262.82,92.85,1,27.45,7.72,7.88,3.71,6,6,0,5,29.1,33.9,24.1,3.99,6,28,5,8.307432045,0.360661308,0.014110363,No,No,Normal,Safe,Stable
29-06-2024 06:00,June,262.82,92.85,1,27.45,7.72,7.88,3.71,6,6,0,4,29.1,33.9,24.1,3.99,6,28,5,8.307432045,0.360661308,0.014110363,Yes,Yes,Normal,Safe,Stable
29-06-2024 07:00,June,262.82,92.85,1,27.45,7.72,7.88,3.71,6,6,0,4,29.1,33.9,24.1,3.99,6,28,5,8.307432045,0.360661308,0.014110363,No,No,Normal,Safe,Stable
29-06-2024 08:00,June,262.82,92.85,1,27.45,7.72,7.88,3.71,6,6,0,5,29.1,33.9,24.1,3.99,6,28,5,8.307432045,0.360661308,0.014110363,Yes,No,Normal,Safe,Stable
29-06-2024 09:00,June,262.82,92.85,1,27.45,7.72,7.88,3.71,6,6,0,4,29.1,33.9,24.1,3.99,6,28,5,8.307432045,0.360661308,0.014110363,No,No,Normal,Safe,Stable
29-06-2024 10:00,June,262.82,92.85,1,27.45,7.72,7.88,3.71,6,6,0,5,29.1,33.9,24.1,3.99,6,28,5,8.307432045,0.360661308,0.014110363,Yes,No,Normal,Safe,Stable
29-06-2024 11:00,June,262.82,92.85,1,27.45,7.72,7.88,3.71,6,6,0,4,29.1,33.9,24.1,3.99,6,28,5,8.307432045,0.360661308,0.014110363,No,No,Normal,Safe,Stable
29-06-2024 12:00,June,262.82,92.85,1,27.45,7.72,7.88,3.71,6,6,0,4,29.1,33.9,24.1,3.99,6,28,5,8.307432045,0.360661308,0.014110363,Yes,Yes,Normal,Safe,Stable
29-06-2024 13:00,June,262.82,92.85,1,27.45,7.72,7.88,3.71,6,6,0,4,29.1,33.9,24.1,3.99,6,28,5,8.307432045,0.360661308,0.014110363,No,No,Normal,Safe,Stable
29-06-2024 14:00,June,262.82,92.85,1,27.45,7.72,7.88,3.71,6,6,0,5,29.1,33.9,24.1,3.99,6,28,5,8.307432045,0.360661308,0.014110363,Yes,No,Normal,Safe,Stable
29-06-2024 15:00,June,262.82,92.85,1,27.45,7.72,7.88,3.71,6,6,0,4,29.1,33.9,24.1,3.99,6,28,5,8.307432045,0.360661308,0.014110363,No,No,Normal,Safe,Stable
29-06-2024 16:00,June,262.82,92.85,1,27.45,7.72,7.88,3.71,6,6,0,5,29.1,33.9,24.1,3.99,6,28,5,8.307432045,0.360661308,0.014110363,Yes,No,Normal,Safe,Stable
29-06-2024 17:00,June,262.82,92.85,1,27.45,7.72,7.88,3.71,6,6,0,5,29.1,33.9,24.1,3.99,6,28,5,8.307432045,0.360661308,0.014110363,No,No,Normal,Safe,Stable
29-06-2024 18:00,June,262.82,92.85,1,27.45,7.72,7.88,3.71,6,6,0,5,29.1,33.9,24.1,3.99,6,28,5,8.307432045,0.360661308,0.014110363,Yes,Yes,Normal,Safe,Stable
29-06-2024 19:00,June,262.82,92.85,1,27.45,7.72,7.88,3.71,6,6,0,4,29.1,33.9,24.1,3.99,6,28,5,8.307432045,0.360661308,0.014110363,No,No,Normal,Safe,Stable
29-06-2024 20:00,June,262.82,92.85,1,27.45,7.72,7.88,3.71,6,6,0,6,29.1,33.9,24.1,3.99,6,28,5,8.307432045,0.360661308,0.014110363,Yes,No,Normal,Safe,Stable
29-06-2024 21:00,June,262.82,92.85,1,27.45,7.72,7.88,3.71,6,6,0,4,29.1,33.9,24.1,3.99,6,28,5,8.307432045,0.360661308,0.014110363,No,No,Normal,Safe,Stable
29-06-2024 22:00,June,262.82,92.85,1,27.45,7.72,7.88,3.71,6,6,1,2,29.1,33.9,24.1,3.99,6,28,5,8.307432045,0.360661308,0.014110363,Yes,No,Normal,Safe,Stable
29-06-2024 23:00,June,262.82,92.85,1,27.45,7.72,7.88,3.71,6,6,0,4,29.1,33.9,24.1,3.99,6,28,5,8.307432045,0.360661308,0.014110363,No,No,Normal,Safe,Stable
30-06-2024 00:00,July,262.82,92.85,1,27.45,7.72,7.88,3.71,6,6,0,4,29.1,33.9,24.1,3.99,6,28,5,8.307432045,0.360661308,0.014110363,Yes,No,Normal,Safe,Stable
30-06-2024 01:00,July,262.82,92.85,1,27.45,7.72,7.88,3.71,6,6,0,4,29.1,33.9,24.1,3.99,6,28,5,8.307432045,0.360661308,0.014110363,No,No,Normal,Safe,Stable
30-06-2024 02:00,July,262.82,92.85,1,27.45,7.72,7.88,3.71,6,6,0,6,29.1,33.9,24.1,3.99,6,28,5,8.307432045,0.360661308,0.014110363,Yes,No,Normal,Safe,Stable
30-06-2024 03:00,July,262.82,92.85,1,27.45,7.72,7.88,3.71,6,6,0,5,29.1,33.9,24.1,3.99,6,28,5,8.307432045,0.360661308,0.014110363,No,No,Normal,Safe,Stable
30-06-2024 04:00,July,262.82,92.85,1,27.45,7.72,7.88,3.71,6,6,1,4,29.1,33.9,24.1,3.99,6,28,5,8.307432045,0.360661308,0.014110363,Yes,No,Normal,Safe,Stable
30-06-2024 05:00,July,262.82,92.85,1,27.45,7.72,7.88,3.71,6,6,0,2,29.1,33.9,24.1,3.99,6,28,5,8.307432045,0.360661308,0.014110363,No,No,Normal,Safe,Stable
30-06-2024 06:00,July,262.82,92.85,1,27.45,7.72,7.88,3.71,6,6,0,1,29.1,33.9,24.1,3.99,6,28,5,8.307432045,0.360661308,0.014110363,Yes,No,Normal,Safe,Stable
30-06-2024 07:00,July,262.82,92.85,1,27.45,7.72,7.88,3.71,6,6,0,5,29.1,33.9,24.1,3.99,6,28,5,8.307432045,0.360661308,0.014110363,No,No,Normal,Safe,Stable
30-06-2024 08:00,July,262.82,92.85,1,27.45,7.72,7.88,3.71,6,6,1,2,29.1,33.9,24.1,3.99,6,28,5,8.307432045,0.360661308,0.014110363,Yes,No,Normal,Safe,Stable
30-06-2024 09:00,July,262.82,92.85,1,27.45,7.72,7.88,3.71,6,6,0,4,29.1,33.9,24.1,3.99,6,28,5,8.307432045,0.360661308,0.014110363,No,No,Normal,Safe,Stable
30-06-2024 10:00,July,262.82,92.85,1,27.45,7.72,7.88,3.71,6,6,0,1,29.1,33.9,24.1,3.99,6,28,5,8.307432045,0.360661308,0.014110363,Yes,No,Normal,Safe,Stable
30-06-2024 11:00,July,262.82,92.85,1,27.45,7.72,7.88,3.71,6,6,0,1,29.1,33.9,24.1,3.99,6,28,5,8.307432045,0.360661308,0.014110363,No,No,Normal,Safe,Stable
30-06-2024 12:00,July,262.82,92.85,1,27.45,7.72,7.88,3.71,6,6,0,5,29.1,33.9,24.1,3.99,6,28,5,8.307432045,0.360661308,0.014110363,Yes,No,Normal,Safe,Stable
30-06-2024 13:00,July,262.82,92.85,1,27.45,7.72,7.88,3.71,6,6,0,4,29.1,33.9,24.1,3.99,6,28,5,8.307432045,0.360661308,0.014110363,No,No,Normal,Safe,Stable
30-06-2024 14:00,July,262.82,92.85,1,27.45,7.72,7.88,3.71,6,6,0,2,29.1,33.9,24.1,3.99,6,28,5,8.307432045,0.360661308,0.014110363,Yes,No,Normal,Safe,Stable
30-06-2024 15:00,July,262.82,92.85,1,27.45,7.72,7.88,3.71,6,6,0,6,29.1,33.9,24.1,3.99,6,28,5,8.307432045,0.360661308,0.014110363,No,No,Normal,Safe,Stable
30-06-2024 16:00,July,262.82,92.85,1,27.45,7.72,7.88,3.71,6,6,0,5,29.1,33.9,24.1,3.99,6,28,5,8.307432045,0.360661308,0.014110363,Yes,No,Normal,Safe,Stable
30-06-2024 17:00,July,262.82,92.85,1,27.45,7.72,7.88,3.71,6,6,0,5,29.1,33.9,24.1,3.99,6,28,5,8.307432045,0.360661308,0.014110363,No,No,Normal,Safe,Stable
30-06-2024 18:00,July,262.82,92.85,1,27.45,7.72,7.88,3.71,6,6,0,4,29.1,33.9,24.1,3.99,6,28,5,8.307432045,0.360661308,0.014110363,Yes,No,Normal,Safe,Stable
30-06-2024 19:00,July,262.82,92.85,1,27.45,7.72,7.88,3.71,6,6,0,4,29.1,33.9,24.1,3.99,6,28,5,8.307432045,0.360661308,0.014110363,No,No,Normal,Safe,Stable
30-06-2024 20:00,July,262.82,92.85,1,27.45,7.72,7.88,3.71,6,6,0,2,29.1,33.9,24.1,3.99,6,28,5,8.307432045,0.360661308,0.014110363,Yes,No,Normal,Safe,Stable
30-06-2024 21:00,July,262.82,92.85,1,27.45,7.72,7.88,3.71,6,6,0,4,29.1,33.9,24.1,3.99,6,28,5,8.307432045,0.360661308,0.014110363,No,No,Normal,Safe,Stable
30-06-2024 22:00,July,262.82,92.85,1,27.45,7.72,7.88,3.71,6,6,0,4,29.1,33.9,24.1,3.99,6,28,5,8.307432045,0.360661308,0.014110363,Yes,No,Normal,Safe,Stable
30-06-2024 23:00,July,262.82,92.85,1,27.45,7.72,7.88,3.71,6,6,0,4,29.1,33.9,24.1,3.99,6,28,5,8.307432045,0.360661308,0.014110363,No,No,Normal,Safe,Stable
01-07-2024 00:00,July,262.82,92.85,1,27.45,7.72,7.88,3.71,6,6,0,0,29.1,33.9,24.1,3.99,6,28,5,8.307432045,0.360661308,0.014110363,Yes,No,Normal,Safe,Stable
01-07-2024 01:00,July,262.82,92.85,1,27.45,7.72,7.88,3.71,6,6,0,0,29.1,33.9,24.1,3.99,6,28,5,8.307432045,0.360661308,0.014110363,No,No,Normal,Safe,Stable
01-07-2024 02:00,July,262.82,92.85,1,27.45,7.72,7.88,3.71,6,6,0,0,29.1,33.9,24.1,3.99,6,28,5,8.307432045,0.360661308,0.014110363,Yes,No,Normal,Safe,Stable
01-07-2024 03:00,July,262.82,92.85,1,27.45,7.72,7.88,3.71,6,6,0,0,29.1,33.9,24.1,3.99,6,28,5,8.307432045,0.360661308,0.014110363,No,No,Normal,Safe,Stable
01-07-2024 04:00,July,262.82,92.85,1,27.45,7.72,7.88,3.71,6,6,1,0,29.1,33.9,24.1,3.99,6,28,5,8.307432045,0.360661308,0.014110363,Yes,No,Normal,Safe,Stable
01-07-2024 05:00,July,262.82,92.85,1,27.45,7.72,7.88,3.71,6,6,0,0,29.1,33.9,24.1,3.99,6,28,5,8.307432045,0.360661308,0.014110363,No,No,Normal,Safe,Stable
01-07-2024 06:00,July,262.82,92.85,1,27.45,7.72,7.88,3.71,6,6,0,1,29.1,33.9,24.1,3.99,6,28,5,8.307432045,0.360661308,0.014110363,Yes,No,Normal,Safe,Stable
01-07-2024 07:00,July,262.82,92.85,1,27.45,7.72,7.88,3.71,6,6,1,0,29.1,33.9,24.1,3.99,6,28,5,8.307432045,0.360661308,0.014110363,No,No,Normal,Safe,Stable
01-07-2024 08:00,July,262.82,92.85,1,27.45,7.72,7.88,3.71,6,6,0,0,29.1,33.9,24.1,3.99,6,28,5,8.307432045,0.360661308,0.014110363,Yes,No,Normal,Safe,Stable
01-07-2024 09:00,July,262.82,92.85,1,27.45,7.72,7.88,3.71,6,6,0,0,29.1,33.9,24.1,3.99,6,28,5,8.307432045,0.360661308,0.014110363,No,No,Normal,Safe,Stable
01-07-2024 10:00,July,262.82,92.85,1,27.45,7.72,7.88,3.71,6,6,1,0,29.1,33.9,24.1,3.99,6,28,5,8.307432045,0.360661308,0.014110363,Yes,No,Normal,Safe,Stable
01-07-2024 11:00,July,262.82,92.85,1,27.45,7.72,7.88,3.71,6,6,1,0,29.1,33.9,24.1,3.99,6,28,5,8.307432045,0.360661308,0.014110363,No,No,Normal,Safe,Stable
01-07-2024 12:00,July,262.82,92.85,1,27.45,7.72,7.88,3.71,6,6,0,0,29.1,33.9,24.1,3.99,6,28,5,8.307432045,0.360661308,0.014110363,Yes,No,Normal,Safe,Stable
01-07-2024 13:00,July,262.82,92.85,1,27.45,7.72,7.88,3.71,6,6,0,0,29.1,33.9,24.1,3.99,6,28,5,8.307432045,0.360661308,0.014110363,No,No,Normal,Safe,Stable
01-07-2024 14:00,July,262.82,92.85,1,27.45,7.72,7.88,3.71,6,6,0,0,29.1,33.9,24.1,3.99,6,28,5,8.307432045,0.360661308,0.014110363,Yes,No,Normal,Safe,Stable
